kepid,kepoi_name,ra,dec,predicted,probability
10000162,K04902.01,286.33545,46.917831,0.0,1.0337829e-22
10000941,K04146.02,286.81937,46.91169,1.0,0.99999535
10002049,K07270.01,287.46475,46.96841,1.0,0.99997735
10003058,K04519.01,288.01013,46.978519,0.0,1.998035e-12
10005788,K01940.02,289.35202,46.973728,0.0,0.4341749
10007916,K05755.01,290.23773,46.980042,0.0,1.1369116e-33
10011213,K07982.01,291.60455,46.973289,0.0,3.8493284e-27
10016874,K00426.01,294.02298,46.99955,1.0,0.9999999
10019854,K07272.01,295.08221,46.941711,1.0,0.9933868
10026544,K02312.01,297.28317,46.90453,0.0,1.6747138e-13
10027861,K05758.01,297.66437,46.94482,0.0,2.852701e-19
10028127,K08193.01,297.73398,46.961529,0.0,1.9922365e-31
10028352,K01957.01,297.79224,46.935829,0.0,0.03778509
10028792,K01574.03,297.91687,46.96513,1.0,0.9986633
10028792,K01574.04,297.91687,46.96513,1.0,0.9999994
10053138,K07279.01,280.71948,47.07222,0.0,0.0145263085
10064591,K05759.01,287.09412,47.075359,0.0,1.7895989e-34
10065053,K04898.01,287.34897,47.060982,0.0,2.4785113e-11
10066755,K07281.01,288.21976,47.041279,0.0,0.0009307317
10070479,K07282.01,289.96161,47.08036,1.0,0.99904627
10073672,K02764.01,291.23148,47.033932,1.0,0.9993791
10079420,K07607.01,293.54141,47.007912,0.0,1.3794502e-16
10083325,K05761.01,294.9733,47.015369,1.0,0.9999864
10089123,K07283.01,296.89828,47.081059,0.0,6.3104325e-16
10089911,K04034.02,297.1243,47.037022,1.0,0.87488806
10090854,K05762.01,297.39322,47.011459,1.0,0.9996877
10098540,K05764.01,299.58463,47.000771,0.0,0.0
10118266,K04755.01,280.66519,47.114059,1.0,0.9999864
10120548,K04451.01,282.19565,47.105679,1.0,0.9992619
10122538,K02926.05,283.33606,47.174541,1.0,0.9999995
10128825,K07986.01,286.50937,47.163219,0.0,1.4290395e-08
10140122,K04545.01,291.45813,47.15863,0.0,4.8351353e-08
10140274,K04334.01,291.51819,47.139301,1.0,0.51790047
10141900,K01082.04,292.14447,47.157349,1.0,0.99191743
10146103,K05769.01,293.74625,47.15406,1.0,0.848485
10149023,K01081.01,294.76855,47.13279,1.0,0.99994767
10153011,K01773.01,296.0882,47.142891,0.0,2.8586685e-08
10155029,K03208.01,296.67984,47.173313,1.0,0.9998579
10155286,K07988.01,296.76288,47.145142,0.0,1.2441213e-36
10157458,K01083.02,297.39319,47.164631,1.0,0.9987802
10158418,K01784.01,297.64606,47.167488,0.0,4.247878e-06
10160922,K07990.01,298.31586,47.105091,0.0,1.992553e-10
10163067,K07291.01,298.9006,47.107769,0.0,6.157243e-08
10186761,K05772.01,281.32047,47.214809,0.0,5.6266856e-08
10190075,K03007.01,283.33533,47.208832,1.0,0.9999914
10191449,K05775.01,284.0925,47.251381,0.0,0.0
10198225,K07991.01,287.55182,47.244862,1.0,0.99997187
10198662,K06216.01,287.78461,47.228043,1.0,1.0
10198662,K06216.02,287.78461,47.228043,0.0,0.10351143
10199984,K05776.01,288.47318,47.247921,0.0,1.655973e-11
10200627,K06217.01,288.79553,47.203651,0.0,1.2689574e-06
10214341,K07992.01,294.38254,47.205769,0.0,3.4906586e-07
10221013,K00728.01,296.6423,47.230331,0.0,0.0006273444
10221505,K04768.01,296.78934,47.234531,1.0,0.9999995
10253977,K08201.01,281.87015,47.394989,0.0,0.0
10257229,K04557.01,283.70471,47.385288,1.0,0.99988616
1025986,K07621.01,291.03369,36.771042,0.0,0.0
10264293,K07301.01,287.47986,47.360161,1.0,0.9999486
10265602,K02689.01,288.17789,47.36668,0.0,0.1861816
10265898,K00732.02,288.32791,47.381592,1.0,0.99930656
10272442,K00734.02,291.1973,47.3078,1.0,0.9998635
10272858,K05782.01,291.36295,47.328709,0.0,1.7910147e-09
10281221,K03913.01,294.61252,47.343262,0.0,6.128149e-07
10285631,K00331.02,296.18344,47.358761,1.0,0.9999124
10287242,K00735.01,296.69336,47.392151,1.0,0.99999976
10287723,K01174.01,296.82162,47.354031,0.0,1.2916044e-09
10290021,K07305.01,297.47162,47.39994,0.0,1.2051948e-05
10290666,K00332.02,297.65094,47.39629,0.0,0.28052297
10291589,K04754.01,297.90527,47.33683,1.0,0.9999682
10295951,K01154.01,299.10281,47.377781,0.0,2.1091472e-21
10319385,K01169.01,281.55118,47.469959,0.0,3.7945623e-34
10319834,K05785.01,281.88324,47.41605,0.0,1.9738231e-06
10321972,K07998.01,283.2048,47.478271,0.0,1.38680825e-14
10331279,K08000.01,288.27457,47.495781,0.0,6.17625e-17
10336951,K02401.01,290.83627,47.444939,1.0,0.99997187
10339000,K05787.01,291.63892,47.474972,1.0,1.0
10351947,K08205.01,296.38278,47.409592,0.0,8.234086e-22
10352333,K03991.01,296.50354,47.486919,1.0,0.9992424
10384298,K03224.01,281.32745,47.584869,0.0,5.9882717e-05
10387792,K05789.01,283.46307,47.5546,0.0,1.4784726e-22
10388451,K07319.01,283.84756,47.515659,0.0,1.0491535e-05
10394802,K05790.01,287.29132,47.598251,0.0,4.540709e-13
10395543,K00531.01,287.69119,47.546902,1.0,0.5339213
10396708,K07320.01,288.29715,47.56004,1.0,0.9999958
10397751,K02859.03,288.83136,47.551991,1.0,0.9981203
10397751,K02859.04,288.83136,47.551991,1.0,0.99988854
10397751,K02859.05,288.83136,47.551991,1.0,0.9794536
10403228,K08007.01,291.22672,47.54998,0.0,8.458265e-05
10407086,K04568.02,292.79254,47.576721,0.0,1.0872911e-17
10407191,K08011.01,292.832,47.507389,0.0,4.829325e-20
10414727,K06224.01,295.68192,47.591881,0.0,1.6440493e-13
10450504,K07327.01,282.15787,47.686531,1.0,0.9999577
10452252,K08012.01,283.15057,47.671967,1.0,0.84135365
10453009,K05794.01,283.58612,47.633739,0.0,6.5846996e-07
10459749,K05795.01,287.11761,47.61618,0.0,2.3994307e-10
10460629,K01168.01,287.58679,47.600021,0.0,4.1580172e-13
10464199,K07330.01,289.32047,47.632446,0.0,4.1171724e-18
10467714,K04480.01,290.77655,47.64843,0.0,3.5869136e-05
10470779,K05796.01,292.03522,47.684391,0.0,0.0
10471621,K02554.01,292.37979,47.644611,1.0,0.999977
10471621,K02554.02,292.37979,47.644611,1.0,0.9999968
10487228,K05798.01,297.69525,47.605862,0.0,0.0
10515564,K08211.01,282.05078,47.743992,1.0,0.99972206
10518424,K02188.02,283.75385,47.796951,0.0,3.2484156e-08
10519727,K05799.01,284.43692,47.750332,0.0,1.6181772e-17
10525077,K05800.01,287.37808,47.771191,1.0,0.9999932
10534155,K04345.01,291.50122,47.74773,1.0,0.9337485
10535708,K05801.01,292.11447,47.729462,0.0,3.2611719e-21
10536241,K08026.01,292.33951,47.746391,1.0,0.999992
10545066,K00337.02,295.68481,47.748081,0.0,5.989988e-15
10546063,K07339.01,296.02774,47.753551,1.0,0.80267805
10549902,K04826.01,297.21347,47.775429,0.0,4.0148516e-06
10552151,K05805.01,297.8389,47.751709,0.0,1.3786875e-08
10552263,K05806.01,297.87003,47.771091,0.0,0.0
10554421,K05807.01,298.49625,47.738918,0.0,1.4048395e-17
10581308,K05810.01,282.68713,47.816978,0.0,0.0
10584140,K04833.01,284.31693,47.887112,1.0,0.57427
10585749,K04563.01,285.15942,47.88274,1.0,0.9998331
10586619,K07345.01,285.6409,47.81105,0.0,1.1214402e-12
10586744,K04892.01,285.70697,47.869968,0.0,0.007550607
10597693,K02958.01,290.9288,47.887249,1.0,1.0
10601163,K05812.01,292.32944,47.835629,0.0,1.00454784e-07
10602291,K00210.01,292.78235,47.800629,1.0,0.999866
10604521,K02797.01,293.68356,47.833141,1.0,0.9999999
10610039,K04577.01,295.6709,47.830399,0.0,0.020642636
10610039,K04577.02,295.6709,47.830399,1.0,0.9968874
10618044,K05815.01,298.06827,47.867809,0.0,5.208609e-10
10647452,K04366.01,282.91397,47.970299,0.0,6.576709e-09
10656508,K00211.01,287.97031,47.972099,0.0,0.0035916776
10656842,K05816.01,288.13202,47.995541,0.0,0.0023719529
10658177,K05817.01,288.72644,47.906872,0.0,1.1903059e-16
10659624,K07354.01,289.36646,47.923851,1.0,0.7430797
10662202,K00750.02,290.46512,47.92918,0.0,0.00019572116
10662202,K00750.03,290.46512,47.92918,1.0,0.99985373
10663738,K04698.01,291.12744,47.938801,1.0,0.99935704
10663976,K05819.01,291.21762,47.95216,0.0,0.0
10665228,K07358.01,291.70639,47.908581,0.0,0.17631385
10665749,K07359.01,291.90216,47.96207,1.0,0.9999757
10674871,K02068.01,295.46463,47.90807,1.0,0.99749917
10676750,K04804.01,296.09842,47.992699,1.0,0.9993919
10678912,K05821.01,296.75278,47.973282,0.0,5.3861766e-18
10680424,K07361.01,297.20752,47.972099,0.0,5.061102e-06
10685764,K05822.01,298.74216,47.945278,1.0,0.9967032
10717241,K00430.02,285.48505,48.054321,0.0,0.04428891
10718726,K00600.02,286.24982,48.06094,0.0,9.883375e-23
10730703,K02327.02,291.65778,48.009312,0.0,0.010521931
10737437,K05825.01,294.28503,48.059448,0.0,7.144143e-21
10743597,K00989.03,296.38229,48.045311,1.0,1.0
10745365,K04405.01,296.896,48.04726,1.0,0.99996686
10747162,K05826.01,297.39093,48.03928,0.0,8.5442736e-08
10747501,K04891.01,297.48297,48.022499,1.0,0.9999981
10749059,K03086.01,297.88464,48.00145,0.0,4.037592e-09
10749128,K01639.02,297.90045,48.0947,0.0,0.0012530622
10751908,K07370.01,298.60785,48.016022,0.0,0.0849626
10790401,K08031.01,289.0275,48.13792,0.0,1.9430988e-08
10793172,K02871.03,290.20163,48.185822,1.0,0.99976856
10793172,K02871.04,290.20163,48.185822,1.0,0.99999774
10793576,K03451.01,290.34442,48.147308,1.0,0.9984885
10794087,K01316.02,290.55237,48.126263,0.0,2.1234209e-11
10794974,K04235.01,290.9227,48.180328,0.0,6.046876e-08
10798331,K02373.01,292.31467,48.140461,1.0,0.99905103
10802364,K05829.01,293.91037,48.192081,0.0,0.0
10809888,K05830.01,296.5499,48.186661,0.0,7.849433e-12
10810859,K04801.01,296.82895,48.173279,1.0,0.9999534
10811496,K00753.01,297.00482,48.134129,1.0,0.9996537
10812541,K07375.01,297.30438,48.195271,1.0,0.99897254
10813078,K05831.01,297.45166,48.15691,1.0,0.9999727
10815677,K07376.01,298.17337,48.173611,0.0,9.133779e-05
10843431,K07378.02,282.37042,48.259289,1.0,0.9981791
10844823,K08033.01,283.29706,48.266628,0.0,1.5378256e-31
10844890,K01946.01,283.34427,48.223911,1.0,1.0
10848097,K07380.01,285.35583,48.221489,0.0,0.09128358
10850327,K05833.01,286.59122,48.220268,0.0,0.0
10855545,K05834.01,289.21732,48.204311,1.0,0.9898685
10858504,K05835.01,290.57974,48.214218,0.0,0.0
10862759,K08035.01,292.48358,48.275219,1.0,0.9993555
10865043,K05836.01,293.45459,48.227852,0.0,1.9535783e-18
10866969,K07383.01,294.20096,48.250061,1.0,0.99999154
10867062,K01303.01,294.23007,48.204479,1.0,1.0
10873178,K04597.01,296.3609,48.213001,1.0,0.999537
10875007,K04149.01,296.9621,48.25639,1.0,0.5745598
10875007,K04149.02,296.9621,48.25639,1.0,0.9999372
10878117,K05837.01,297.9147,48.224411,0.0,3.2296307e-16
10879899,K05839.01,298.47745,48.222031,0.0,0.0
10904004,K02957.01,282.34305,48.340778,1.0,0.6809995
10907132,K04503.01,284.6134,48.37347,1.0,0.99998784
10907307,K08217.01,284.74127,48.34367,0.0,3.8636283e-18
10916600,K02623.02,290.02591,48.335949,0.0,0.00010506594
10917043,K02770.01,290.25385,48.360821,0.0,5.452888e-13
10917433,K03248.01,290.46509,48.332249,1.0,0.99999464
10917681,K01963.01,290.60745,48.357182,1.0,0.9999999
10920281,K08037.01,291.94415,48.351791,1.0,0.99999726
10928043,K01315.01,295.29385,48.374802,1.0,0.99999917
10932270,K07389.01,296.84967,48.323318,0.0,3.3772207e-07
10933306,K05842.01,297.19424,48.322891,1.0,0.9999951
10935993,K03367.01,298.19162,48.396259,0.0,1.9680628e-07
10937749,K04499.01,298.78278,48.312809,1.0,0.99987733
10964440,K01310.02,285.66269,48.435371,1.0,0.6813644
10967168,K05845.01,287.37283,48.465542,1.0,0.9998753
10972902,K04692.02,290.44476,48.462891,0.0,0.00013117005
10977671,K05846.01,292.81577,48.422169,0.0,1.3954372e-08
10978581,K05847.01,293.26508,48.426399,0.0,4.0563213e-25
10979952,K05848.01,293.88602,48.469292,0.0,0.0
10989620,K05849.01,297.61707,48.408089,1.0,0.9999312
10991114,K04374.01,298.18341,48.44381,1.0,0.9999883
10991389,K05850.01,298.29181,48.465691,0.0,4.9147283e-29
10991431,K05851.01,298.30725,48.48246,0.0,5.8294895e-31
11013201,K00972.01,282.00031,48.542221,1.0,0.99999535
11013201,K00972.02,282.00031,48.542221,1.0,0.99944705
11019739,K07400.01,286.40033,48.521961,1.0,0.9816876
11021266,K05852.01,287.36044,48.5564,0.0,9.3562613e-07
11021676,K05853.01,287.60306,48.599289,0.0,3.5491965e-10
11026304,K01420.01,290.1127,48.577782,1.0,0.9999894
11026582,K05854.01,290.25085,48.558701,0.0,1.8051721e-24
11030475,K02248.02,292.23993,48.51157,1.0,0.9999211
11030475,K02248.03,292.23993,48.51157,0.0,0.00016238846
11030475,K02248.04,292.23993,48.51157,1.0,0.9960581
11032748,K08039.01,293.31909,48.518608,1.0,0.99997616
11036168,K05855.01,294.79651,48.557861,0.0,1.4003058e-18
11046723,K05857.01,298.71347,48.545479,0.0,0.0
11068630,K07404.01,282.55869,48.63097,1.0,0.99998677
11069681,K05859.01,283.30917,48.685829,0.0,3.1496167e-28
11071200,K02696.01,284.41592,48.65802,1.0,0.99999857
11071200,K02696.02,284.41592,48.65802,1.0,0.9999999
11072016,K04852.01,284.94226,48.666512,0.0,2.1502078e-06
11072982,K05860.01,285.56879,48.632099,0.0,1.6558743e-10
11073656,K02206.01,285.96802,48.67905,0.0,8.78172e-07
11074835,K02533.03,286.71564,48.645279,1.0,0.9999634
11075279,K01431.01,287.02228,48.681938,0.0,2.0478445e-13
11076400,K02759.01,287.72565,48.651379,0.0,0.0031674867
11080702,K05863.01,290.00208,48.655361,1.0,0.99963105
11081504,K04287.01,290.45831,48.661369,1.0,0.99999034
11081504,K04287.02,290.45831,48.661369,1.0,0.99973387
11082795,K05864.01,291.17084,48.649261,0.0,1.313691e-11
11090926,K05866.01,295.02325,48.680649,0.0,2.599583e-21
11092783,K07408.01,295.83051,48.602261,1.0,0.55339336
11097752,K05867.01,297.6507,48.617802,0.0,2.3382074e-29
11098013,K02712.01,297.74728,48.694309,0.0,1.4701601e-07
11098704,K05868.01,298.02136,48.626141,1.0,0.99996984
11100170,K05869.01,298.57523,48.668362,0.0,1.08601965e-16
11124436,K04442.01,284.35312,48.740211,1.0,0.97777086
11125797,K03371.01,285.31381,48.72525,0.0,0.0
11129145,K05870.01,287.46823,48.758659,1.0,1.0
11129738,K01427.02,287.85773,48.774109,1.0,0.99982303
11135694,K04896.01,290.90042,48.74614,0.0,0.014075116
11135694,K04896.02,290.90042,48.74614,1.0,0.99948907
11139682,K08043.01,292.9603,48.7005,1.0,0.99997497
11145391,K05871.01,295.4769,48.765079,0.0,0.0
11145637,K05872.01,295.56812,48.759811,1.0,1.0
11147785,K05873.01,296.32471,48.783112,0.0,7.461533e-12
11152511,K05874.01,298.06229,48.724918,0.0,1.1268135e-25
11153121,K01647.03,298.29495,48.775459,1.0,0.99993503
11153476,K04601.01,298.43478,48.706139,0.0,3.376844e-05
11176166,K05875.02,283.06863,48.802078,0.0,0.000384459
11180361,K00971.01,286.0192,48.866741,0.0,1.18844124e-20
11181260,K04653.01,286.56033,48.893051,1.0,0.9999981
11182213,K05876.01,287.22351,48.813251,0.0,2.935385e-13
11182260,K07415.01,287.26074,48.846512,0.0,7.140636e-10
11182706,K08046.01,287.59253,48.886459,0.0,1.8666708e-09
11183752,K05877.01,288.21854,48.886742,0.0,5.7903824e-22
11187972,K07416.01,290.478,48.854645,1.0,0.9999999
11191364,K05878.01,292.33502,48.87252,0.0,4.963928e-12
11197853,K02813.01,295.34222,48.856152,0.0,4.007581e-06
11198419,K05879.01,295.57629,48.897861,1.0,0.9999999
11241560,K07426.01,290.43677,48.983452,0.0,0.0017577907
11244571,K07427.01,292.08185,48.96711,0.0,2.6474027e-06
11246161,K02796.01,292.87418,48.936569,0.0,1.07551655e-23
11251991,K05881.01,295.46149,48.903751,0.0,9.403364e-25
11253711,K01972.01,296.08975,48.955372,1.0,0.9999993
11282568,K07430.01,282.93994,49.050289,0.0,0.002977208
11284772,K04622.02,284.56689,49.01255,1.0,0.99994826
11286311,K07432.01,285.63681,49.009109,0.0,1.6214895e-09
11288492,K07434.01,287.04843,49.02861,1.0,0.9998735
11288772,K07435.01,287.22009,49.053501,0.0,5.462458e-07
11290515,K04716.01,288.34488,49.021938,1.0,0.7508234
11290515,K04716.02,288.34488,49.021938,1.0,0.99935967
11294822,K08047.01,290.6962,49.066078,0.0,6.9136046e-24
11296045,K04396.04,291.36188,49.02198,0.0,2.0851116e-06
11296205,K08048.01,291.45468,49.043289,0.0,2.7540406e-28
11296437,K06237.02,291.57312,49.097771,0.0,3.8684636e-20
11296724,K07437.01,291.72018,49.084541,0.0,9.889104e-08
11298442,K05882.01,292.61597,49.003139,1.0,0.999998
11305417,K05883.01,295.74002,49.01152,0.0,4.670698e-22
11336883,K01445.02,283.9368,49.110329,0.0,2.3091387e-17
11336883,K01445.03,283.9368,49.110329,0.0,1.2328952e-06
11337012,K04666.01,284.04172,49.138199,0.0,2.9534804e-06
11338056,K04735.01,284.76093,49.141979,1.0,0.99994385
11338091,K08221.01,284.79071,49.125359,0.0,1.3516111e-15
11340218,K05885.01,286.12357,49.105289,0.0,3.6007414e-10
11341164,K06238.01,286.72897,49.154945,0.0,0.0
11341266,K05886.01,286.79611,49.19426,0.0,1.4484518e-27
11342550,K01421.01,287.65045,49.156052,0.0,4.3749674e-07
11348610,K05888.01,290.8688,49.105068,0.0,0.0
11350118,K04509.01,291.69516,49.187859,1.0,0.9995888
11350634,K08050.01,291.96802,49.115311,0.0,2.6828214e-15
11351454,K05889.01,292.39926,49.173641,0.0,1.85294e-25
11355925,K05890.01,294.52682,49.175072,0.0,9.985515e-16
11357664,K04464.01,295.30652,49.179668,1.0,0.99985886
11358305,K08052.01,295.59012,49.198601,1.0,0.971829
11358389,K02163.03,295.62659,49.130428,0.0,3.6801619e-06
11360805,K02422.02,296.55005,49.102322,0.0,6.3367825e-06
11361283,K02551.01,296.72305,49.106659,1.0,0.9999999
11391512,K05891.01,285.2085,49.207829,0.0,3.9365208e-29
11391755,K02639.01,285.36517,49.201561,1.0,0.9998179
11391755,K02639.02,285.36517,49.201561,1.0,0.9996896
11392362,K08053.01,285.74564,49.238869,1.0,0.9989141
11393248,K05892.01,286.30084,49.211319,0.0,0.00031477932
11393633,K05893.01,286.55554,49.240501,0.0,2.8635383e-21
11395587,K00350.01,287.86142,49.264462,1.0,0.98768693
11401253,K04823.01,290.99005,49.233131,1.0,0.9006925
11404644,K06085.01,292.7561,49.264561,0.0,2.263632e-14
11407847,K05895.01,294.30084,49.240311,1.0,0.99822456
11411639,K07445.01,295.92404,49.220188,0.0,2.6358703e-07
11414368,K05896.01,296.96423,49.202339,0.0,6.4392304e-34
11443757,K08054.01,285.08685,49.36282,1.0,0.99998915
11444772,K05897.01,285.70541,49.342628,0.0,9.0379194e-23
11444974,K05898.01,285.82983,49.39431,0.0,9.748374e-22
11446424,K08223.01,286.79462,49.347591,0.0,9.7726006e-05
11446961,K05899.01,287.15372,49.33197,1.0,0.9155635
11453349,K08055.01,290.81824,49.30558,1.0,0.9437527
11453930,K05900.01,291.14532,49.365318,0.0,7.927683e-13
11456256,K05901.01,292.43137,49.368561,0.0,2.2762728e-18
11457664,K05902.01,293.16309,49.383331,0.0,3.8792233e-17
11462341,K02124.01,295.28854,49.379791,0.0,0.05076199
11462969,K06239.01,295.56683,49.378029,0.0,4.7505655e-38
11462969,K06239.02,295.56683,49.378029,0.0,0.0
11465658,K05903.01,296.63181,49.363312,0.0,1.864999e-16
11493378,K05905.01,283.46997,49.416962,1.0,0.99326104
11495989,K07449.01,285.37671,49.461712,0.0,7.8752454e-19
11502218,K00970.01,289.09323,49.424484,0.0,1.7621393e-34
11506654,K04586.01,291.51758,49.43462,1.0,0.99826556
11513366,K05907.01,294.72955,49.428478,0.0,4.2494654e-14
11518201,K03104.01,296.68945,49.44677,0.0,0.00084919564
11520114,K05909.01,297.39496,49.48494,0.0,0.00013374395
11520459,K02226.01,297.52542,49.401451,1.0,0.99999964
11520465,K05910.01,297.52707,49.404499,0.0,1.5076594e-09
11547869,K03749.01,285.00772,49.503979,0.0,1.7091645e-08
11551652,K07455.01,287.57501,49.551167,1.0,0.9996737
11559304,K07617.01,291.97635,49.575771,0.0,2.4349662e-05
11559493,K05911.01,292.07788,49.52961,0.0,0.0
11565544,K03013.01,294.96811,49.556511,1.0,0.9995982
11566064,K00353.01,295.21268,49.56218,1.0,0.9999386
11566064,K00353.03,295.21268,49.56218,1.0,0.98614186
11570749,K01856.01,297.07861,49.502079,0.0,0.12424562
11598638,K05912.01,284.55368,49.6847,0.0,2.2581073e-31
11598894,K05913.01,284.74847,49.606258,0.0,1.70203e-11
11599937,K05915.01,285.45917,49.661942,1.0,0.9999956
11600299,K05916.01,285.6911,49.690311,1.0,0.9999901
11601425,K05917.01,286.3562,49.690128,1.0,0.99999774
11601633,K05918.01,286.49686,49.614578,0.0,1.7617838e-16
11601972,K05919.01,286.73245,49.683189,0.0,3.515003e-23
11602794,K07460.01,287.31912,49.65699,1.0,0.99778515
11614808,K05921.01,293.96027,49.619312,0.0,2.5218506e-36
11615258,K05922.01,294.15775,49.614971,0.0,5.5853575e-30
11615521,K05923.01,294.27182,49.633869,0.0,2.832161e-23
11616434,K05924.01,294.69086,49.626991,0.0,3.8388496e-29
11618569,K04792.01,295.57159,49.607479,1.0,0.99942017
11622985,K02550.01,297.24017,49.616859,1.0,0.9999944
11623629,K00365.02,297.48691,49.623451,0.0,3.0632635e-15
1164301,K04921.01,291.69196,36.881409,0.0,2.7079566e-06
11650543,K07467.01,284.95026,49.747147,0.0,6.5595927e-06
11651240,K05925.01,285.40842,49.763641,0.0,8.579091e-08
11652427,K05926.01,286.17105,49.71032,0.0,4.5128636e-06
11655826,K04643.01,288.44839,49.714031,0.0,0.39849523
11656918,K01945.02,289.02975,49.769711,0.0,4.312802e-05
11656928,K06242.01,289.03772,49.712601,0.0,1.44684e-25
11656928,K06242.02,289.03772,49.712601,1.0,1.0
11656928,K06242.03,289.03772,49.712601,0.0,7.085125e-08
11657614,K03370.01,289.43896,49.73122,0.0,5.5197285e-07
11658036,K04771.01,289.68073,49.745831,0.0,2.6172847e-24
11671646,K07470.01,296.53479,49.785851,0.0,0.0
11672354,K07471.01,296.82037,49.75045,0.0,0.013224054
11674709,K05928.01,297.74567,49.70763,0.0,5.2498543e-09
11702948,K01465.01,286.14938,49.867512,1.0,0.99998116
11705004,K02199.02,287.53503,49.801659,1.0,0.9999894
11709124,K00435.02,289.78052,49.89653,0.0,6.6382936e-06
11714107,K08063.01,292.58734,49.834469,0.0,0.0
11716643,K05929.01,293.86526,49.800289,0.0,1.7708765e-37
11722217,K05930.01,296.2525,49.886559,0.0,1.0768039e-18
11769689,K04551.01,295.09201,49.940079,1.0,0.99999285
11773174,K05931.01,296.55469,49.958092,0.0,1.8379716e-24
11773328,K01906.01,296.62347,49.979172,1.0,0.98145527
11773625,K07479.01,296.73917,49.978352,1.0,0.99824774
11775507,K06245.01,297.51782,49.917702,0.0,9.2462895e-12
11775507,K06245.02,297.51782,49.917702,0.0,0.0
11803074,K05932.01,285.33783,50.066132,0.0,4.3238217e-08
11804437,K04878.01,286.22812,50.01358,0.0,3.2695058e-35
11805075,K00436.01,286.65689,50.021568,0.0,9.72928e-21
11807906,K05933.01,288.43665,50.075722,0.0,1.9990155e-15
11810124,K03344.03,289.66489,50.020039,0.0,2.2495918e-10
11811382,K05934.01,290.36365,50.052608,0.0,1.5452222e-05
11818566,K05935.01,294.2063,50.045399,0.0,2.380737e-35
11818800,K00777.01,294.31686,50.080231,1.0,0.99988115
11819396,K05936.01,294.56738,50.069721,1.0,1.0
11824222,K00437.01,296.61859,50.022011,1.0,0.99998677
11824578,K05937.01,296.7554,50.055271,0.0,5.265351e-21
11825996,K07483.01,297.34726,50.04744,1.0,0.8252623
11853130,K03263.01,285.09586,50.10096,1.0,0.67127556
11854636,K07484.01,286.10281,50.126541,0.0,2.0999134e-07
11856178,K06246.01,287.16504,50.113232,1.0,0.9999987
11860294,K05938.01,289.65347,50.12801,0.0,1.026983e-30
11868941,K05939.01,294.35275,50.185989,0.0,2.735098e-14
11870545,K01510.01,295.08423,50.114609,0.0,0.0022269248
11872364,K08232.01,295.86533,50.13348,0.0,0.0
11904704,K07489.01,286.03839,50.294441,0.0,8.5558185e-07
11904734,K01764.01,286.0528,50.256592,0.0,0.36957633
11904835,K08068.01,286.12177,50.279449,1.0,0.8616894
11905398,K05940.01,286.48987,50.230068,1.0,0.9999999
11905409,K03312.01,286.50211,50.246189,1.0,0.99821174
11910670,K05941.01,289.65152,50.282619,0.0,0.37326765
11911929,K05942.01,290.3689,50.27055,0.0,4.7910414e-20
11918099,K00780.02,293.83331,50.23035,1.0,0.9999999
11922778,K03408.01,296.0069,50.281811,1.0,0.99999976
11923213,K05943.01,296.20459,50.236328,0.0,7.625044e-22
11959893,K05945.01,289.58356,50.348137,0.0,5.6211097e-36
11966643,K05946.01,293.52264,50.308079,0.0,5.0470104e-13
11967788,K04021.01,294.03436,50.371651,1.0,0.9999964
11967788,K04021.02,294.03436,50.371651,1.0,0.99795014
11968463,K02433.04,294.33847,50.33654,1.0,0.9999988
11968463,K02433.06,294.33847,50.33654,1.0,0.99999166
11968463,K02433.07,294.33847,50.33654,1.0,0.9998759
11970050,K04893.01,295.08194,50.344601,1.0,0.9999949
11970988,K04129.01,295.52948,50.370399,0.0,0.0005526616
11973517,K04862.01,296.59799,50.356651,0.0,1.667731e-07
11974540,K00129.02,297.00943,50.372318,0.0,1.7976112e-31
12007270,K05948.01,288.18256,50.49836,0.0,1.2265039e-27
12009917,K05949.01,289.68549,50.409229,0.0,5.2366345e-34
12016243,K07506.01,293.49564,50.48064,1.0,0.9993079
12016267,K02590.02,293.50702,50.450119,1.0,0.9999677
12020376,K05950.01,295.4801,50.42128,0.0,3.425536e-09
12066767,K05951.01,294.17059,50.593632,0.0,2.3038376e-34
12067960,K07510.01,294.73962,50.566841,1.0,0.9999844
12071754,K04914.01,296.40094,50.558338,0.0,6.381297e-09
12071775,K05952.01,296.40887,50.585171,0.0,7.1083537e-28
12072872,K03017.01,296.85925,50.560162,1.0,0.99909115
12102775,K05953.01,286.39944,50.625679,0.0,6.1922634e-08
12105051,K00141.01,288.0383,50.651611,1.0,0.96469617
12105086,K05954.01,288.05573,50.65369,1.0,1.0
12109267,K04457.01,290.51242,50.649288,1.0,1.0
12110901,K05955.01,291.59988,50.635891,0.0,0.0006025385
12116489,K00547.02,294.5704,50.673019,1.0,0.9997569
12120943,K01458.01,296.57153,50.677849,1.0,0.8905154
12121701,K05956.01,296.90057,50.628059,0.0,5.3802136e-22
12154526,K02004.03,288.64627,50.788979,0.0,3.4458758e-09
12156930,K08076.01,290.03943,50.768501,1.0,0.9996432
12168280,K08297.01,295.97794,50.771481,0.0,2.679044e-23
12168895,K05959.01,296.24155,50.78051,0.0,5.7529196e-05
12168993,K03105.01,296.28064,50.755669,0.0,8.214681e-08
12170767,K05960.01,297.0217,50.769112,1.0,0.9999058
12204137,K04590.01,288.87082,50.815559,1.0,0.99999046
12208631,K02449.01,291.55051,50.825611,1.0,0.9999918
12208631,K02449.02,291.55051,50.825611,0.0,1.7326589e-06
12251650,K00621.01,287.46097,50.975071,0.0,1.3321546e-06
12253474,K01947.01,288.63483,50.912231,1.0,0.9999982
12253490,K05961.01,288.64325,50.90118,0.0,3.4834693e-06
12253769,K03310.01,288.80457,50.99062,1.0,0.9999771
12254688,K02384.01,289.37381,50.934341,0.0,5.1739957e-05
12256520,K02264.02,290.34851,50.902851,1.0,0.9999968
12257999,K02577.01,291.28772,50.909149,1.0,0.99999607
12265786,K04595.01,295.41479,50.979012,1.0,0.99974865
12266099,K08077.01,295.57001,50.9049,1.0,0.99990284
12266636,K01522.02,295.80658,50.909801,1.0,0.9995377
12300524,K05964.01,287.09006,51.01606,1.0,0.9536325
12301181,K02059.02,287.59009,51.06057,1.0,0.847592
12304728,K07520.01,289.82199,51.063492,0.0,1.2340694e-08
12307496,K08078.01,291.55447,51.043201,0.0,9.3951e-22
12349560,K05965.01,286.93784,51.123508,1.0,0.9999974
12350136,K05966.01,287.35873,51.158321,0.0,0.0
12366084,K00787.03,295.81616,51.121738,0.0,5.304226e-21
12401132,K04829.01,287.70197,51.229729,1.0,0.99654955
12401859,K05967.01,288.142,51.245602,0.0,2.519672e-17
12402588,K05968.01,288.53769,51.280384,0.0,6.073846e-11
12406807,K03091.02,290.88831,51.248169,1.0,0.9999887
12416597,K04895.01,295.51495,51.203739,1.0,0.99999833
12416597,K04895.02,295.51495,51.203739,1.0,0.9999988
12416987,K02933.01,295.67798,51.257839,0.0,0.0022945795
12417486,K00622.01,295.88028,51.26379,0.0,0.054713953
12418418,K05971.01,296.26324,51.26609,0.0,4.5644986e-27
12454800,K07534.01,288.29788,51.326519,1.0,0.98767054
12456063,K04329.01,289.01178,51.376019,1.0,0.99999654
12458605,K04605.01,290.42307,51.388729,0.0,4.9729897e-07
12458817,K07535.01,290.54504,51.32362,0.0,3.733806e-10
12505590,K05972.01,288.62769,51.400131,0.0,0.0
12506986,K05973.01,289.4024,51.441738,0.0,4.277596e-34
12509829,K04264.01,291.06168,51.404781,0.0,5.6342626e-32
12519942,K07539.01,296.28311,51.404362,1.0,0.99984384
12554212,K05974.01,288.9162,51.534962,1.0,1.0
12554485,K08238.01,289.09082,51.532009,0.0,2.0615576e-17
12554634,K04714.01,289.18149,51.562538,0.0,6.3013945e-14
12555616,K07540.01,289.82422,51.552029,1.0,0.9999101
12600735,K00548.02,289.50067,51.68573,0.0,1.0931164e-08
12602314,K02853.01,290.43323,51.626041,0.0,0.21331914
12602999,K08082.01,290.87411,51.685181,0.0,7.883468e-05
12645057,K04497.01,289.26697,51.751221,1.0,0.999997
12647577,K04530.01,290.73434,51.770962,1.0,0.9999995
12647757,K08241.01,290.86276,51.701908,0.0,4.2305344e-38
12690465,K05977.01,289.70395,51.871689,0.0,1.1064058e-13
12734110,K05978.01,288.71906,51.914211,0.0,3.3577377e-21
12734396,K04303.01,288.90952,51.930561,0.0,1.0450186e-08
12735793,K05979.01,289.79166,51.993721,1.0,0.9470295
12737015,K04245.01,290.48007,51.965012,1.0,0.99999154
12785320,K00298.02,290.49426,52.055519,1.0,0.99947065
12885212,K02184.02,290.17502,52.220341,1.0,0.9999974
1293379,K06253.01,291.11398,36.994061,0.0,1.3537351e-08
1429589,K04923.01,290.75626,37.089809,0.0,3.068021e-09
1431122,K00994.01,291.14249,37.061321,1.0,0.9999815
1432789,K00992.02,291.49942,37.05928,1.0,0.9994949
1717722,K03145.02,290.61798,37.289089,0.0,2.6072469e-12
1718189,K00993.03,290.72867,37.252651,1.0,0.99990153
1721157,K04644.01,291.45734,37.206841,1.0,0.9987018
1723078,K07624.01,291.86801,37.269878,0.0,0.0
1724719,K04212.02,292.20471,37.221218,1.0,0.99995303
1865864,K04926.01,290.87305,37.362179,1.0,0.9999558
1871483,K06256.01,292.13239,37.388481,1.0,0.96695864
1996180,K02534.02,286.3443,37.411968,0.0,0.1917661
2019199,K04931.01,292.48621,37.404339,0.0,0.0
2019477,K06093.01,292.55194,37.421211,0.0,0.0043562497
2019477,K06093.02,292.55194,37.421211,1.0,0.99998665
2158460,K04932.01,291.06418,37.535751,1.0,0.9997819
2161949,K06259.01,291.8129,37.55587,1.0,0.9702781
2161949,K06259.02,291.8129,37.55587,0.0,9.344511e-05
2162635,K01032.01,291.97754,37.532551,0.0,1.927226e-05
2283362,K06262.01,286.11075,37.611851,0.0,3.9554674e-21
2284957,K08085.01,286.61917,37.62624,0.0,9.503478e-08
2299738,K07628.01,290.71725,37.64901,0.0,0.000196043
2301068,K06263.01,291.02719,37.613911,1.0,0.82915103
2302997,K07630.01,291.4549,37.67712,1.0,0.99998736
2303903,K04709.01,291.64294,37.632408,1.0,0.9997763
2305866,K02610.01,292.09332,37.61348,1.0,0.99999535
2305866,K02610.02,292.09332,37.61348,1.0,0.99443334
2307199,K00151.01,292.37476,37.630959,0.0,1.8282569e-09
2310993,K04938.01,293.22018,37.610699,0.0,0.21927373
2422820,K06267.01,286.13458,37.799881,1.0,0.99998593
2443393,K02603.01,291.45755,37.742935,1.0,0.9999994
2446113,K00379.02,292.05676,37.776192,1.0,0.9999833
2449245,K06274.01,292.73026,37.787182,0.0,0.00014005252
2449431,K02009.01,292.77399,37.797691,1.0,1.0
2555080,K04943.01,286.0947,37.846722,1.0,0.9999994
2557350,K06276.01,286.81915,37.859009,0.0,0.04879578
2558163,K04655.01,287.06534,37.899479,1.0,0.99991584
2572029,K04581.01,290.60806,37.801891,1.0,0.9990458
2576962,K04333.01,291.7005,37.843731,0.0,1.4149465e-25
2577353,K07635.01,291.78079,37.811508,1.0,0.9788269
2579043,K02064.01,292.13525,37.889622,1.0,0.9999999
2696205,K07636.01,286.89841,37.93745,0.0,3.826462e-11
2715695,K03077.02,292.03348,37.974548,1.0,0.9999933
2716801,K03053.02,292.25464,37.97142,1.0,0.99972564
2716979,K06291.01,292.29626,37.93306,1.0,0.7219369
2832589,K01942.02,286.00674,38.009541,1.0,0.9964598
2834463,K06293.01,286.58701,38.00108,1.0,0.97028697
2834805,K07638.01,286.70145,38.042191,1.0,0.94464326
2837111,K01110.02,287.44409,38.088428,0.0,0.0008831351
2849140,K03416.01,290.73328,38.00721,1.0,0.99999404
2852810,K06097.01,291.51575,38.058418,0.0,2.4258044e-26
2852810,K06097.02,291.51575,38.058418,0.0,1.9182555e-05
2852810,K06097.03,291.51575,38.058418,0.0,3.564335e-21
2852810,K06097.04,291.51575,38.058418,0.0,2.3712195e-12
2852941,K04298.01,291.54343,38.048759,1.0,0.9996829
2853029,K03259.01,291.56476,38.074589,1.0,0.999998
2853446,K01118.01,291.65097,38.028179,1.0,0.9999825
2853780,K02081.01,291.72916,38.070019,1.0,1.0
2854181,K02232.02,291.81302,38.088181,1.0,0.9995703
2859893,K04418.01,293.01489,38.012402,0.0,6.979848e-23
2860656,K04857.01,293.17578,38.042019,1.0,0.99990845
2860866,K01103.01,293.22391,38.033581,1.0,0.99999976
2861126,K04957.02,293.2811,38.082241,1.0,0.9996611
2861298,K04958.01,293.31863,38.005466,0.0,0.0
2970670,K06299.01,286.07114,38.16761,0.0,7.015836e-07
2973386,K03034.01,286.98013,38.165218,1.0,0.99998105
2975770,K01788.02,287.73755,38.114559,0.0,1.7910548e-35
2976017,K04849.01,287.81729,38.194809,0.0,0.0028304646
2984990,K07641.01,290.32401,38.111111,0.0,2.6748468e-05
2985587,K02807.01,290.48007,38.136688,1.0,0.99999285
2986833,K04875.01,290.78214,38.18779,0.0,2.8380626e-10
2992634,K04960.01,292.07803,38.153831,0.0,0.0008860574
2994092,K06301.01,292.40063,38.134579,1.0,0.9990958
2997459,K04389.01,293.13098,38.159679,0.0,0.003574588
3001955,K04961.01,294.0845,38.156319,0.0,0.0
3002478,K02380.01,294.18561,38.108669,1.0,0.99975735
3097926,K02186.01,285.90848,38.212719,1.0,0.9999999
3098605,K04844.01,286.14777,38.241798,0.0,2.04164e-35
3101178,K04963.01,287.04688,38.231617,1.0,1.0
3101923,K03483.01,287.32269,38.279709,1.0,1.0
3103212,K04145.01,287.75903,38.281551,0.0,2.578145e-06
3103473,K04395.01,287.84,38.255489,1.0,0.997194
3109550,K03225.01,289.67175,38.297871,0.0,4.0976042e-06
3110177,K07644.01,289.84286,38.237049,0.0,0.0005526561
3112129,K04144.01,290.33719,38.205009,0.0,3.5198515e-14
3115833,K00797.01,291.28195,38.241669,0.0,0.00978854
3122872,K03203.01,292.89218,38.270512,1.0,0.99999595
3128552,K02055.04,294.15271,38.23304,1.0,0.9999894
3129238,K07645.01,294.3035,38.203011,0.0,8.231925e-09
3219037,K03395.01,286.54041,38.3326,1.0,0.99996865
3219037,K03395.02,286.54041,38.3326,1.0,0.99996006
3219643,K03072.01,286.76147,38.34351,1.0,0.9999999
3223433,K04548.01,288.12555,38.347431,1.0,0.99999833
3229028,K06100.02,289.81143,38.324951,1.0,0.99999917
3229150,K02150.02,289.84286,38.309601,1.0,0.99997234
3230491,K01096.01,290.18304,38.321941,0.0,0.0
3230805,K03068.01,290.26028,38.354988,1.0,0.9999112
3230805,K03068.02,290.26028,38.354988,1.0,0.99991226
3232249,K07648.01,290.6864,38.355598,0.0,3.36773e-11
3236705,K03343.01,291.85522,38.393131,0.0,0.033700433
3239171,K04967.01,292.47034,38.394341,1.0,0.9999989
3240158,K01106.03,292.7131,38.358212,0.0,0.11473196
3242039,K04969.01,293.20349,38.341801,0.0,1.4597306e-28
3245969,K01101.02,294.11566,38.393478,1.0,0.9999795
3246867,K06315.01,294.34146,38.340519,1.0,0.9999999
3248501,K02052.01,294.69772,38.364159,0.0,2.765513e-10
3249334,K06318.01,294.87888,38.397812,1.0,0.9999995
3324069,K06320.01,285.64093,38.418732,1.0,0.9786695
3329204,K01095.01,287.61688,38.402321,0.0,0.015809469
3340165,K04972.01,290.9241,38.438339,1.0,0.99999976
3345675,K01772.01,292.30069,38.402142,0.0,8.030874e-05
3346543,K06329.01,292.52939,38.489079,1.0,0.9999622
3348216,K03448.01,292.96008,38.431431,1.0,0.9920821
3355104,K04975.01,294.63104,38.404549,1.0,0.99997056
3356156,K04976.01,294.86414,38.480183,0.0,4.677354e-25
3356193,K06331.01,294.87256,38.43446,0.0,2.2342367e-05
3425363,K04977.01,285.5293,38.548141,0.0,0.0012227262
3425851,K00268.01,285.72879,38.506973,0.0,0.0059021683
3428127,K04978.01,286.59076,38.5583,0.0,1.48084845e-36
3440978,K02288.01,290.703,38.567032,1.0,0.99999475
3441795,K04981.01,290.94846,38.56591,0.0,3.2976926e-34
3447722,K01198.04,292.47971,38.514919,0.0,6.898185e-06
3450040,K04205.01,293.05408,38.54179,1.0,0.99964094
3453214,K00802.01,293.81619,38.563568,0.0,0.015857145
3529290,K03340.01,286.51019,38.618309,1.0,0.9999454
3529290,K03340.02,286.51019,38.618309,0.0,0.018253312
3532985,K05987.01,287.91516,38.640781,0.0,1.4380876e-10
3534076,K01209.01,288.31436,38.693291,0.0,8.1519517e-29
3539231,K04626.01,289.90417,38.651371,1.0,0.586319
3540873,K04986.01,290.3548,38.672531,0.0,0.0
3545478,K00366.01,291.66418,38.619255,0.0,0.14939246
3545626,K06341.01,291.70047,38.695129,0.0,2.448379e-06
3545840,K06102.01,291.75204,38.66254,0.0,5.2072237e-30
3547178,K06342.01,292.10071,38.61499,1.0,0.99995005
3547760,K04535.02,292.25284,38.60899,1.0,0.9994229
3548044,K02194.03,292.32645,38.657581,0.0,5.334877e-31
3548622,K06343.01,292.47549,38.691311,0.0,8.627116e-17
3548645,K04991.01,292.4809,38.654121,0.0,0.00036487065
3550372,K04357.01,292.90771,38.68309,0.0,1.0653376e-05
3553900,K04992.01,293.77448,38.654381,1.0,0.9999957
3554031,K01194.02,293.80441,38.63913,1.0,0.9688543
3557560,K04456.01,294.67126,38.698971,1.0,0.9999876
3558849,K04307.01,294.94983,38.60519,0.0,4.173615e-15
3559860,K03440.02,295.16721,38.637081,1.0,0.9999037
3559935,K00492.02,295.18292,38.654228,0.0,1.1916693e-12
3561464,K03398.03,295.49811,38.644501,1.0,0.9999974
3629119,K08242.01,286.04395,38.708801,0.0,0.0
3634051,K06103.02,287.97546,38.74028,0.0,0.00025590885
3644071,K01192.01,291.03217,38.703911,0.0,6.8363636e-07
3645438,K04385.03,291.39938,38.78775,0.0,0.04247682
3646449,K04999.01,291.65906,38.712158,1.0,0.9994142
3647097,K05001.01,291.82471,38.779911,0.0,0.00034700867
3648437,K01861.01,292.16617,38.739052,1.0,0.99999905
3660581,K07662.01,295.1442,38.799831,1.0,0.9999888
3663173,K02750.01,295.66913,38.795841,0.0,1.0539206e-08
3663494,K06352.01,295.73334,38.792011,1.0,0.9999863
3663850,K08089.01,295.80203,38.797932,0.0,4.5771254e-13
3733638,K06353.01,287.22351,38.817612,1.0,0.99812657
3734418,K02261.02,287.52963,38.894508,0.0,0.00012638622
3747817,K04103.02,291.67682,38.874908,1.0,0.9999378
3748239,K05003.01,291.78705,38.863152,0.0,3.107704e-29
3748855,K06355.01,291.93356,38.827202,1.0,0.9999633
3748855,K06355.02,291.93356,38.827202,0.0,1.0982961e-05
3751118,K05004.01,292.5578,38.8503,0.0,1.0559038e-09
3752110,K03142.01,292.80722,38.884232,1.0,0.9999974
3756801,K01206.01,293.95459,38.899971,1.0,0.99975115
3757521,K05006.01,294.12369,38.81583,0.0,4.9920575e-16
3758499,K05007.01,294.36734,38.846889,1.0,0.9999012
3758499,K05007.02,294.36734,38.846889,0.0,7.010078e-18
3758922,K04853.01,294.47876,38.883659,1.0,0.98296607
3762750,K07668.01,295.37204,38.897739,1.0,0.9996562
3764879,K02141.01,295.77194,38.820042,0.0,0.045677807
3765692,K06358.01,295.92456,38.876968,1.0,0.9998228
3765917,K04526.01,295.96893,38.867168,1.0,0.99999726
3765917,K04526.02,295.96893,38.867168,0.0,0.13998535
3834728,K05009.01,286.23233,38.991749,0.0,1.8430218e-37
3848083,K07670.01,290.81589,38.970921,1.0,0.9991585
3848966,K03389.01,291.06937,38.914909,1.0,0.9996693
3849187,K04780.01,291.13574,38.90543,0.0,0.015333102
3852872,K07673.01,292.13876,38.94154,0.0,6.053277e-13
3854496,K06368.01,292.56421,38.931129,1.0,0.999931
3863877,K05021.01,294.90323,38.95647,0.0,0.0
3865815,K05022.01,295.35132,38.92704,0.0,0.019696515
3867794,K04685.01,295.73773,38.903912,0.0,4.156438e-31
3934657,K07676.01,284.73474,39.045361,0.0,0.012265076
3936061,K06372.01,285.27823,39.088428,0.0,1.1817101e-12
3937814,K04084.02,286.05243,39.09605,1.0,0.966481
3937814,K04084.03,286.05243,39.09605,1.0,0.99976736
3942446,K01193.01,287.88812,39.078709,0.0,4.5563393e-05
3955444,K05027.01,291.82446,39.00618,0.0,0.004912016
3962440,K01208.01,293.61877,39.022572,0.0,7.885265e-11
3965201,K07546.01,294.31064,39.049702,0.0,2.8783984e-22
3968809,K05030.01,295.18872,39.01865,0.0,0.0
3972432,K06375.01,295.89651,39.076359,1.0,0.7345551
3974928,K05033.01,296.35797,39.078579,0.0,6.82372e-14
4047631,K02519.01,288.9039,39.154209,1.0,0.999453
4048898,K07678.01,289.24884,39.106541,0.0,0.14290425
4049901,K02295.01,289.54514,39.164429,1.0,0.99999917
4054784,K07679.01,290.88486,39.115921,0.0,0.00022843045
4055765,K00100.01,291.17792,39.19949,0.0,2.8174697e-06
4060229,K04570.01,292.35605,39.11945,1.0,0.9999995
4063943,K05035.01,293.29913,39.188389,0.0,2.3389111e-17
4071638,K05037.01,295.16342,39.180187,0.0,0.0
4072271,K07680.01,295.31512,39.141048,0.0,0.002004053
4072955,K03041.01,295.46259,39.16848,1.0,0.9999682
4073017,K07681.01,295.47382,39.124561,1.0,0.99999976
4074736,K01328.01,295.80585,39.17799,1.0,0.99863476
4075067,K03777.01,295.86945,39.15881,0.0,1.9969893e-14
4076061,K06384.01,296.07407,39.158192,0.0,0.0
4078157,K01319.02,296.47937,39.127571,0.0,7.3915315e-20
4135912,K05040.01,284.66583,39.252041,1.0,0.9998789
4139254,K06108.01,285.8627,39.20528,0.0,0.0
4141593,K07685.01,286.77313,39.277531,1.0,1.0
4141593,K07685.02,286.77313,39.277531,1.0,0.9999999
4147444,K03880.01,288.86737,39.264961,1.0,0.98096573
4150972,K05044.01,289.8313,39.278,0.0,2.1656883e-19
4157325,K01860.04,291.55695,39.227291,1.0,0.99999523
4164511,K05046.01,293.24701,39.236691,0.0,1.865951e-16
4164922,K03864.02,293.34497,39.257809,1.0,0.964413
4172013,K02386.01,294.94009,39.232571,1.0,0.99999964
4172746,K02531.01,295.10391,39.268749,1.0,0.99999964
4172805,K04427.01,295.11722,39.27409,0.0,1.3226377e-06
4178389,K00185.01,296.18524,39.26268,0.0,2.5865342e-13
4241238,K05048.01,284.63876,39.355179,0.0,4.7022254e-34
4242147,K01934.01,284.96967,39.360291,1.0,0.99999917
4247991,K02311.01,287.24118,39.33276,0.0,2.5540386e-12
4247991,K02311.02,287.24118,39.33276,1.0,0.8263937
4249611,K02821.01,287.84833,39.358429,0.0,6.6498537e-06
4252322,K00396.01,288.75781,39.350571,1.0,0.99999976
4252671,K07687.01,288.86908,39.30986,1.0,0.9999763
4255944,K06111.01,289.84818,39.331463,0.0,0.0
4262040,K03202.01,291.5072,39.323662,0.0,7.604081e-06
4263529,K03358.01,291.88907,39.361771,1.0,0.99758315
4270799,K04810.01,293.65369,39.31641,1.0,0.9999926
4274071,K06399.01,294.40472,39.351681,1.0,0.99998856
4274548,K01331.01,294.50842,39.398682,1.0,0.9999988
4276716,K01619.01,294.99023,39.346378,1.0,0.99999297
4277304,K04774.01,295.12238,39.391033,1.0,0.9999981
4282390,K06401.01,296.14655,39.396938,0.0,2.7492397e-10
4346339,K05057.01,285.34329,39.413849,0.0,2.5677544e-17
4349442,K01803.01,286.63553,39.488621,0.0,3.803025e-08
4366323,K03258.01,291.93756,39.419941,1.0,0.99999
4367854,K02876.01,292.37903,39.435841,1.0,0.996481
4372620,K06409.01,293.5787,39.447979,0.0,4.369076e-05
4384909,K07693.01,296.22168,39.405762,1.0,0.9997073
4385148,K02942.01,296.26456,39.40596,1.0,0.99999833
4446859,K08246.01,285.60822,39.5793,0.0,4.2130472e-09
4450844,K03168.01,287.31485,39.538181,1.0,1.0
4464394,K06115.01,291.59775,39.53606,0.0,3.9486218e-17
4466677,K01338.02,292.27612,39.550179,1.0,1.0
4466677,K01338.03,292.27612,39.550179,1.0,0.99924445
4471313,K05066.01,293.51175,39.528271,1.0,0.99999964
4471747,K01656.01,293.62592,39.50631,1.0,0.9999969
4472818,K03878.02,293.88541,39.51981,1.0,1.0
4474462,K04452.01,294.30099,39.519058,1.0,0.99999464
4478142,K05067.01,295.1868,39.575691,1.0,0.9654219
4478168,K00626.02,295.19339,39.539669,0.0,2.101011e-08
4484179,K05068.01,296.4227,39.579391,0.0,1.4471224e-15
4544670,K00815.01,285.92001,39.624828,0.0,1.0066542e-06
4547603,K02855.01,287.19247,39.626148,1.0,0.9999784
4548011,K04288.02,287.37125,39.603569,1.0,0.82774204
4548011,K04288.04,287.37125,39.603569,1.0,0.99996626
4548098,K04157.02,287.41006,39.65868,0.0,0.0008492489
4552729,K02691.01,289.10992,39.68539,0.0,6.7382366e-06
4566848,K05071.01,293.16476,39.631561,1.0,0.99175316
4567118,K06425.01,293.23929,39.691681,0.0,1.2517937e-17
4571844,K04353.01,294.42126,39.628471,1.0,0.9934075
4572728,K08249.01,294.63766,39.655811,0.0,0.0
4587135,K04680.01,297.59964,39.626339,1.0,0.9912282
4638237,K03811.01,286.15311,39.714901,0.0,3.235652e-13
4645174,K03437.02,288.88333,39.74456,1.0,0.99980456
4670217,K02560.01,295.70517,39.75684,1.0,0.9999999
4670361,K07700.01,295.73697,39.740452,0.0,9.146014e-16
4676964,K03069.01,297.03922,39.785259,1.0,0.9999957
4735826,K03184.03,288.39529,39.872627,1.0,0.9999974
4736569,K01996.02,288.66891,39.824009,1.0,0.99821377
4737848,K05079.01,289.09619,39.827278,1.0,0.9999889
4739229,K06118.01,289.53336,39.836639,0.0,0.0034052266
4739229,K06118.02,289.53336,39.836639,0.0,9.165838e-05
4742188,K07703.01,290.38721,39.829941,0.0,8.659157e-17
4742420,K06120.01,290.45026,39.862011,0.0,0.0009439174
4742420,K06120.02,290.45026,39.862011,0.0,4.6880486e-11
4742452,K07704.01,290.46088,39.837212,1.0,0.99993753
4750669,K04649.01,292.96661,39.899639,1.0,0.99562824
4750962,K05083.01,293.05536,39.840069,0.0,4.1392273e-17
4758350,K06447.02,294.93198,39.81242,0.0,2.6171272e-11
4760746,K01455.01,295.4783,39.867722,0.0,3.2057987e-10
4760959,K06449.01,295.52618,39.806839,0.0,3.44222e-11
4761427,K05085.01,295.62579,39.824638,0.0,0.0
4762283,K07706.01,295.79251,39.89257,0.0,0.0
4764969,K06450.01,296.32202,39.856049,0.0,1.4388911e-24
4770174,K02971.01,297.39371,39.829041,0.0,4.21645e-06
4770174,K02971.02,297.39371,39.829041,0.0,1.7913242e-05
4770617,K02243.03,297.47711,39.877239,1.0,0.7030688
4770798,K05087.01,297.50919,39.88802,0.0,0.0
4773392,K04367.01,298.03305,39.883179,0.0,1.4740816e-28
4813750,K05088.01,283.67819,39.964279,1.0,0.9935102
4813793,K07708.01,283.69885,39.936642,1.0,0.99989164
4820550,K03823.01,286.77145,39.983822,0.0,0.0
4830605,K01660.01,290.24103,39.96801,1.0,0.9999995
4830859,K06454.01,290.31134,39.98069,0.0,7.421328e-07
4831728,K02739.02,290.57672,39.95689,1.0,0.99999475
4832837,K00605.02,290.92731,39.91415,1.0,0.99995244
4833409,K05092.01,291.10825,39.955681,0.0,5.478818e-21
4840672,K04813.01,293.24039,39.949444,1.0,0.99999785
4844367,K04498.01,294.22134,39.989521,1.0,0.9999989
4844470,K03469.01,294.25037,39.943939,1.0,1.0
4846856,K02900.01,294.8418,39.91888,1.0,0.9998983
4851530,K01884.01,295.9024,39.918362,1.0,0.99999774
4851530,K01884.02,295.9024,39.918362,1.0,0.970636
4857058,K03061.02,297.04208,39.912231,1.0,0.9999999
4862625,K06464.03,298.21509,39.955101,0.0,0.006157622
4862924,K07554.01,298.27673,39.903851,0.0,2.1012267e-27
4902202,K04717.01,283.69351,40.018021,0.0,7.785767e-12
4912650,K05098.01,288.34174,40.09639,1.0,0.85781676
4914221,K05099.01,288.9306,40.057339,0.0,8.2370907e-22
4915582,K05101.01,289.35559,40.068352,0.0,0.0
4918303,K05104.01,290.12497,40.098381,1.0,0.9982664
4918309,K01582.01,290.12857,40.021832,1.0,0.99491906
4919550,K04766.01,290.46756,40.056438,1.0,0.99958116
4932442,K01665.02,294.17108,40.055168,0.0,1.7949539e-07
4935172,K02962.01,294.86319,40.007511,1.0,0.9579712
4939265,K06475.01,295.79138,40.01236,1.0,0.99895257
4939533,K02899.01,295.84747,40.006721,1.0,0.99999964
4940203,K07711.01,295.98404,40.043621,0.0,1.9872121e-33
4940376,K05107.01,296.01852,40.087151,0.0,7.853938e-12
4945764,K04377.01,297.16089,40.042858,0.0,3.0240486e-07
4947556,K03936.01,297.57712,40.02771,0.0,0.0
4951877,K00501.01,298.47321,40.075871,1.0,1.0
4953173,K04676.01,298.74335,40.07214,0.0,1.9751746e-12
4953262,K05110.01,298.76041,40.052792,0.0,2.5827615e-10
4995716,K06484.01,286.54742,40.150539,1.0,0.9999937
4996057,K07712.01,286.69318,40.170109,0.0,0.00016425468
5003670,K04524.02,289.5484,40.1642,1.0,1.0
5003670,K04524.03,289.5484,40.1642,1.0,0.9996551
5004909,K03421.01,289.91971,40.16853,1.0,1.0
5008245,K03770.01,290.93671,40.12492,1.0,0.9999964
5008501,K01666.01,291.01971,40.177589,0.0,0.058532108
5021432,K06489.01,294.6561,40.13726,1.0,0.99977225
5027859,K05117.01,296.01883,40.108009,1.0,0.9999864
5031857,K01573.02,296.84616,40.138611,1.0,0.9999957
5033823,K04546.01,297.27325,40.136761,0.0,0.39111555
5036052,K05119.01,297.78833,40.130909,0.0,1.6017271e-06
5039228,K01597.01,298.36884,40.173424,1.0,0.9999976
5040077,K03065.01,298.53967,40.183659,0.0,1.3575723e-06
5080636,K01843.02,285.01309,40.220749,1.0,0.9948696
5083138,K06511.01,286.21539,40.203411,1.0,0.99634784
5087223,K06513.01,287.97455,40.25523,0.0,0.40770373
5091479,K07715.01,289.44324,40.253529,1.0,0.9999926
5092799,K06516.01,289.84402,40.262741,0.0,3.7046136e-06
5092799,K06516.02,289.84402,40.262741,0.0,9.591655e-06
5094412,K05124.01,290.2984,40.287842,0.0,7.9861815e-09
5095635,K02607.01,290.68469,40.255451,1.0,0.9980331
5096053,K04331.01,290.81366,40.254875,1.0,0.9994839
5097856,K07716.01,291.37067,40.216061,0.0,0.0
5098334,K08253.01,291.52951,40.252918,0.0,9.959518e-22
5110453,K05126.01,294.84802,40.240879,0.0,6.140288e-16
5115688,K06526.01,295.94925,40.247829,0.0,5.882644e-21
5115978,K00823.01,296.00699,40.295429,0.0,1.1180821e-29
5126182,K04428.01,298.2934,40.239632,1.0,0.9999999
5129453,K04208.01,298.98502,40.203709,1.0,0.9981438
5131180,K00641.01,299.29947,40.235069,1.0,1.0
5166811,K05130.01,284.46585,40.314941,0.0,3.5132093e-21
5171707,K06532.01,286.74857,40.36544,0.0,0.31826207
5175024,K02563.02,288.09564,40.365971,1.0,0.9997296
5177859,K04246.02,289.07397,40.366009,0.0,0.061558995
5181299,K05134.01,290.09991,40.386581,0.0,3.7385254e-23
5184144,K05135.01,290.93436,40.358158,1.0,0.9973048
5184709,K01670.01,291.12006,40.333988,1.0,0.9999733
5184911,K02719.02,291.18497,40.311211,0.0,3.895325e-18
5193439,K06538.01,293.67682,40.334068,1.0,0.99994254
5193659,K03323.01,293.73444,40.307201,1.0,0.99999595
5196864,K02695.01,294.54373,40.313862,0.0,0.00016909833
5197233,K04178.01,294.63516,40.322128,0.0,0.014730697
5208962,K04912.01,297.19199,40.387951,0.0,2.2300006e-09
5211199,K02158.02,297.65143,40.352551,1.0,0.99997616
5215508,K06542.01,298.49994,40.333672,0.0,0.0
5253802,K04713.01,283.83884,40.421974,0.0,0.043100663
5255259,K05142.01,284.54691,40.468529,0.0,0.0
5257082,K03368.01,285.41266,40.42577,1.0,0.99930537
5263167,K06546.01,288.03058,40.418301,0.0,0.22296824
5271090,K07558.01,290.56674,40.449902,0.0,0.00077284384
5283458,K01547.01,294.2009,40.455959,1.0,0.99998534
5283728,K05149.01,294.27399,40.462078,1.0,0.99999964
5294945,K03463.01,296.87976,40.45536,0.0,5.2532494e-09
5295206,K06557.01,296.92773,40.429661,1.0,0.9999536
5299459,K01576.03,297.79514,40.417709,1.0,0.9999999
5306984,K06127.01,299.23679,40.425819,0.0,5.8606378e-24
5308296,K04750.01,299.49188,40.472481,0.0,0.30951357
5308663,K01562.02,299.556,40.456551,1.0,0.9999994
5342061,K02666.01,284.11978,40.524281,1.0,0.99993134
5352640,K04467.01,288.72598,40.531631,1.0,0.99998784
5353938,K06568.01,289.15955,40.51181,1.0,0.9673459
5360920,K01675.01,291.33719,40.558201,1.0,0.99999964
5374838,K05155.01,295.21255,40.516911,0.0,9.2664595e-05
5380812,K06570.01,296.56232,40.590939,0.0,4.407778e-09
5384713,K03444.01,297.4292,40.561909,1.0,0.99999034
5384713,K03444.02,297.4292,40.561909,0.0,5.695625e-12
5384713,K03444.03,297.4292,40.561909,0.0,0.0015254609
5384713,K03444.04,297.4292,40.561909,1.0,0.9979133
5385304,K02370.01,297.5582,40.541309,0.0,1.1917543e-10
5385410,K04323.01,297.58194,40.5313,1.0,0.9999995
5389956,K04591.01,298.54257,40.51479,0.0,5.5208834e-06
5394585,K05158.01,299.38071,40.535671,0.0,2.5337548e-11
5425643,K05160.01,282.9101,40.646519,0.0,7.368125e-19
5428199,K05162.01,284.19696,40.641251,0.0,5.800424e-36
5428657,K06130.01,284.44101,40.625,0.0,3.1277194e-25
5431027,K04558.01,285.59543,40.679722,1.0,0.99999833
5436161,K04351.01,287.75916,40.65704,0.0,0.0
5436455,K05164.01,287.87424,40.630409,0.0,9.173347e-21
5437762,K04907.01,288.39761,40.6269,0.0,0.49623203
5439000,K05165.01,288.85123,40.692589,0.0,4.0989736e-21
5441980,K00607.01,289.80908,40.615841,1.0,0.6702043
5443320,K05169.01,290.20547,40.66993,0.0,0.0005531942
5443837,K00554.01,290.35114,40.687,0.0,2.4937922e-14
5444276,K07559.01,290.48553,40.630699,0.0,9.953102e-11
5456979,K06579.01,294.28778,40.692741,0.0,0.0063405074
5457326,K04508.01,294.3735,40.65144,1.0,0.9967784
5460434,K07729.01,295.19501,40.670841,0.0,2.7894812e-16
5466109,K06582.01,296.4718,40.681622,0.0,1.7872899e-05
5471158,K03504.02,297.5798,40.603001,0.0,6.7601725e-15
5475042,K03050.01,298.44647,40.624882,0.0,0.062234234
5475431,K01546.01,298.5137,40.639622,0.0,1.4661297e-17
5511659,K04541.01,283.25119,40.72311,1.0,0.9999913
5511659,K04541.02,283.25119,40.72311,1.0,0.9983658
5513648,K01962.01,284.23398,40.79454,1.0,1.0
5524229,K05174.01,288.87198,40.767059,0.0,9.1698166e-07
5526717,K01677.02,289.67935,40.700459,0.0,0.1989594
5529385,K05176.01,290.43491,40.777241,0.0,1.3922994e-13
5531694,K00647.02,291.19507,40.702702,1.0,0.96980625
5531953,K01681.01,291.285,40.730049,1.0,0.99999094
5531953,K01681.03,291.285,40.730049,1.0,0.9998665
5531953,K01681.04,291.285,40.730049,0.0,3.0901983e-08
5542466,K01590.01,294.36487,40.720879,1.0,0.9999974
5542466,K01590.03,294.36487,40.720879,0.0,0.009930642
5544450,K03226.02,294.89734,40.798168,1.0,0.8888652
5546761,K02160.02,295.48123,40.731979,0.0,0.01834376
5551672,K03119.01,296.58719,40.722988,1.0,0.9998853
5552562,K04495.01,296.77414,40.793282,1.0,0.99980074
5552808,K06598.01,296.82327,40.757229,1.0,0.9988938
5553959,K03377.01,297.05066,40.717419,1.0,0.9999962
5563300,K03309.01,298.96829,40.797352,1.0,0.9878369
5564082,K06600.01,299.11465,40.748619,1.0,0.9872371
5596440,K00648.01,282.72067,40.899181,0.0,3.2286307e-09
5597361,K06601.01,283.13373,40.852421,1.0,0.9999572
5602588,K02369.02,285.72079,40.85696,0.0,3.5209997e-08
5602588,K02369.03,285.72079,40.85696,1.0,0.999882
5612697,K03206.01,289.57462,40.807594,1.0,0.7652987
5613330,K00649.02,289.77325,40.80072,1.0,0.99953806
5613821,K02915.01,289.91742,40.828606,1.0,0.9999999
5617259,K07733.01,290.96094,40.896198,0.0,4.5407234e-07
5617510,K06605.01,291.04001,40.84993,0.0,2.3690129e-33
5621333,K03341.01,292.22977,40.808949,0.0,0.0028285398
5621333,K03341.02,292.22977,40.808949,1.0,0.9999707
5629353,K06132.01,294.55789,40.850498,1.0,0.9592097
5629353,K06132.03,294.55789,40.850498,1.0,0.9999999
5633259,K06610.01,295.55298,40.877991,0.0,0.0
5642620,K02882.01,297.59085,40.81496,0.0,4.1178082e-11
5642688,K04705.01,297.60236,40.803219,0.0,1.3450401e-09
5645170,K04837.01,298.12167,40.81358,1.0,0.99996483
5650930,K05188.01,299.28336,40.834389,0.0,8.7831255e-17
5651846,K04827.01,299.46869,40.82999,0.0,0.29956576
5683219,K08257.01,282.96545,40.922619,0.0,1.8471827e-07
5687700,K04587.01,285.22415,40.958931,1.0,0.9986143
5687986,K07735.01,285.36993,40.907429,0.0,0.0
5688683,K04097.02,285.69,40.99453,1.0,0.9504611
5695396,K00283.03,288.53082,40.942299,1.0,0.999998
5695615,K04756.01,288.61057,40.92474,0.0,0.00014103673
5697395,K05192.01,289.22729,40.94949,1.0,0.9999865
5702770,K06617.01,290.91504,40.988499,1.0,0.99990356
5706592,K06618.01,292.17029,40.907162,0.0,0.00027523658
5706595,K02183.03,292.17114,40.916309,1.0,0.9998349
5710069,K03396.01,293.2244,40.931931,1.0,0.9989779
5716763,K00272.01,295.10114,40.986679,0.0,0.0
5730445,K02189.01,298.07474,40.94899,1.0,0.99999607
5731623,K01793.01,298.31674,40.996101,1.0,0.92050135
5734702,K05196.01,298.92667,40.970451,0.0,9.02798e-15
5769810,K04913.01,283.6788,41.096882,1.0,0.99996877
5769810,K04913.02,283.6788,41.096882,1.0,0.99994993
5769943,K03810.01,283.7504,41.08601,0.0,5.242046e-14
5780855,K04443.01,288.56729,41.09013,1.0,0.9999566
5785279,K04259.01,290.01245,41.089989,0.0,0.0061139576
5787131,K02927.01,290.54007,41.09304,1.0,0.9999999
5792202,K00841.04,292.23676,41.08588,0.0,0.0
5792202,K00841.05,292.23676,41.08588,0.0,1.9803408e-33
5793275,K05202.01,292.55951,41.090012,0.0,3.565915e-26
5802205,K08107.01,295.08749,41.037395,0.0,1.5362842e-17
5802637,K04398.01,295.21127,41.086971,0.0,0.0057696817
5816144,K06137.01,298.19412,41.029331,1.0,0.99999917
5819801,K04686.01,298.90576,41.04261,1.0,0.9999969
5856571,K01839.02,284.09457,41.182819,0.0,5.2877374e-07
5857656,K05205.01,284.66022,41.10894,0.0,2.8983485e-34
5858919,K08109.01,285.29388,41.1026,0.0,5.671087e-20
5859725,K05207.01,285.68912,41.18961,1.0,0.99943286
5860347,K06631.01,285.95218,41.14439,1.0,0.9993544
5877292,K07744.01,292.13049,41.165749,0.0,0.42524654
5878506,K07562.01,292.5253,41.197231,0.0,5.0718863e-06
5881307,K07746.01,293.38049,41.151901,0.0,7.551389e-24
5881813,K02744.02,293.52756,41.111439,1.0,0.99999654
5888187,K07749.01,295.27301,41.168282,0.0,0.256588
5894182,K07750.01,296.67538,41.164768,0.0,2.7499924e-37
5897826,K00126.02,297.47586,41.114288,0.0,1.4013539e-05
5898983,K03422.01,297.71487,41.104279,1.0,1.0
5900235,K03426.01,298.00089,41.196991,1.0,0.99999976
5903749,K03029.01,298.75836,41.159882,0.0,0.014114311
5903749,K03029.02,298.75836,41.159882,0.0,0.19744751
5906426,K02377.01,299.29227,41.15308,1.0,0.99944395
5946568,K05211.01,287.00836,41.289101,1.0,0.9999989
5954001,K04633.01,289.77954,41.214409,1.0,0.9999187
5954894,K05213.01,290.0495,41.250359,0.0,0.00056195015
5955197,K08111.01,290.14304,41.27755,0.0,0.0
5956171,K08259.01,290.4519,41.22551,0.0,0.0
5956656,K01053.02,290.60794,41.201092,0.0,1.3227951e-07
5965629,K05216.01,293.46365,41.290939,0.0,0.0
5966732,K06641.01,293.7937,41.204491,0.0,8.8925975e-05
5966810,K03909.01,293.8183,41.21146,1.0,0.9999964
5972334,K00191.03,295.28723,41.221958,0.0,6.845713e-14
5978559,K02321.02,296.70724,41.203651,1.0,0.9995633
5981058,K05219.01,297.26181,41.255508,0.0,4.0290818e-10
5985713,K03190.01,298.26816,41.251663,1.0,0.99999964
6019971,K06646.01,282.58801,41.347092,1.0,0.99998176
6021840,K05222.01,283.51559,41.335819,0.0,1.5770597e-17
6023571,K05223.01,284.3486,41.319389,0.0,2.198782e-16
6025124,K03411.01,285.1478,41.388908,1.0,0.9979888
6025174,K05224.01,285.17563,41.342499,0.0,2.139841e-25
6026737,K02949.01,285.87579,41.332432,1.0,0.95343053
6026737,K02949.02,285.87579,41.332432,0.0,0.009447833
6029239,K00304.02,287.08997,41.373878,1.0,0.97840035
6032730,K06141.01,288.5929,41.307339,0.0,7.744684e-07
6034379,K05226.01,289.18372,41.343376,0.0,2.7458367e-14
6034834,K05227.01,289.34515,41.36478,0.0,0.0
6036286,K05228.01,289.81567,41.396439,0.0,0.0
6038152,K05229.01,290.39862,41.351559,0.0,2.0926784e-16
6041734,K02167.02,291.60449,41.309361,1.0,0.9999101
6043490,K05230.01,292.16544,41.329342,0.0,2.1287268e-28
6043538,K07759.01,292.18057,41.31554,1.0,0.8616555
6043562,K04764.01,292.18646,41.328041,1.0,0.99999976
6045093,K06653.01,292.64594,41.353039,1.0,0.9999918
6045404,K05231.01,292.74023,41.37896,0.0,0.071193114
6057750,K06657.01,296.104,41.36927,0.0,1.174754e-22
6058816,K03500.02,296.35461,41.33556,0.0,2.015998e-09
6070337,K04632.01,299.01312,41.329311,1.0,0.523289
6103377,K03004.02,283.94244,41.4716,0.0,3.825607e-06
6106046,K07762.01,285.23715,41.497532,1.0,0.99961936
6111011,K06664.01,287.46738,41.47163,0.0,0.00017337807
6115356,K05237.01,289.20016,41.430752,0.0,1.181601e-18
6116172,K06142.01,289.48145,41.49942,0.0,6.614229e-06
6116172,K06142.02,289.48145,41.49942,0.0,1.4263891e-06
6116172,K06142.03,289.48145,41.49942,0.0,1.7197428e-09
6119141,K02343.01,290.37512,41.43375,1.0,1.0
6124137,K07764.01,292.0105,41.467098,0.0,5.412389e-20
6128245,K06666.01,293.2793,41.403679,0.0,6.826235e-09
6131130,K03307.01,294.13626,41.456692,1.0,0.99999845
6140059,K04123.01,296.3566,41.455391,1.0,0.99999964
6144039,K04602.01,297.23273,41.433411,0.0,8.911034e-06
6185476,K00227.01,284.35202,41.519199,1.0,0.999992
6186182,K04496.01,284.68292,41.592411,1.0,0.9999851
6187508,K06672.01,285.33963,41.539749,1.0,0.9697641
6197344,K04463.01,289.41428,41.51004,1.0,0.9999938
6197658,K05247.01,289.5257,41.500488,0.0,0.0
6198182,K02636.02,289.68671,41.588928,1.0,0.99324363
6198670,K05248.01,289.82709,41.524811,0.0,1.03444466e-22
6200810,K03397.01,290.44928,41.535789,1.0,0.9999995
6203955,K05249.01,291.50589,41.550388,1.0,0.99999094
6209225,K06676.01,293.16168,41.538158,0.0,1.8292629e-37
6209677,K01750.02,293.30023,41.523338,1.0,0.97758055
6220312,K04793.01,296.12253,41.561138,0.0,5.9536947e-06
6221385,K06145.03,296.35944,41.574532,1.0,0.99998784
6223324,K04274.01,296.81158,41.51569,0.0,2.6545956e-13
6231721,K07773.01,298.68607,41.521069,0.0,0.00015330197
6264750,K04715.01,283.57269,41.695728,1.0,0.99999726
6265961,K06680.01,284.12134,41.633072,1.0,0.99995613
6266866,K05254.01,284.59164,41.639271,0.0,6.428992e-17
6268648,K01613.02,285.47659,41.632717,1.0,0.99999964
6268648,K01613.03,285.47659,41.632717,1.0,0.9999989
6276791,K04477.01,289.10422,41.69014,0.0,0.0003184887
6277410,K07774.01,289.33551,41.683449,1.0,0.99998665
6278670,K07775.01,289.72791,41.612289,1.0,1.0
6289650,K00415.01,293.30606,41.606369,0.0,0.00016680174
6290935,K04302.01,293.68127,41.611969,1.0,1.0
6300348,K00212.01,296.1398,41.60318,1.0,0.99999964
6307000,K06687.01,297.61307,41.672829,0.0,3.501353e-22
6307083,K02050.02,297.63519,41.641869,1.0,0.99875736
6309307,K05262.01,298.19696,41.650452,1.0,0.9895365
6309763,K00611.01,298.29404,41.6838,0.0,0.04806212
6311891,K04627.01,298.75836,41.631031,1.0,0.9759689
6345758,K06689.01,284.57642,41.705971,1.0,0.9976805
6346809,K02775.01,285.09872,41.775921,1.0,0.9999999
6346894,K05264.01,285.14172,41.711552,1.0,0.999998
6347890,K05266.01,285.62076,41.73806,0.0,7.1792194e-10
6350031,K05267.01,286.65286,41.756142,1.0,0.99976987
6350882,K04410.01,287.04236,41.752209,1.0,0.99999833
6356400,K07776.01,289.28772,41.799938,0.0,0.0
6356506,K08263.01,289.32593,41.749939,0.0,1.0443675e-25
6357290,K03040.01,289.56802,41.771561,1.0,0.9998677
6358937,K04794.01,290.09427,41.742779,0.0,7.219592e-05
6359320,K01127.03,290.21518,41.77597,0.0,2.3172731e-06
6359881,K05268.01,290.38223,41.757408,0.0,2.584351e-22
6359926,K04391.01,290.39505,41.78157,1.0,1.0
6359929,K05269.01,290.39795,41.75079,0.0,1.3329899e-37
6364215,K02404.01,291.87799,41.769581,0.0,4.7426238e-07
6364582,K03456.02,292.00204,41.786961,0.0,0.0
6366559,K05274.01,292.633,41.749222,0.0,1.3476299e-10
6367663,K05275.01,292.99493,41.712749,0.0,3.9178166e-13
6368222,K06697.01,293.16202,41.735229,0.0,2.579463e-22
6368905,K05276.01,293.36475,41.788891,0.0,6.079148e-11
6369131,K04554.01,293.43478,41.716881,1.0,0.9999633
6372194,K05278.01,294.33594,41.747532,0.0,0.0037596414
6372268,K06698.01,294.35617,41.777206,0.0,6.4029495e-13
6387557,K05279.01,298.11356,41.712749,1.0,0.99412024
6423922,K06705.01,284.2399,41.819042,0.0,1.0470227e-12
6424561,K04900.01,284.57806,41.890259,1.0,0.999979
6425377,K05281.01,284.98364,41.881351,0.0,1.3565614e-22
6425597,K04861.01,285.09976,41.874378,1.0,0.99999416
6436029,K02828.02,289.53882,41.892818,0.0,0.0
6436505,K06707.01,289.70703,41.84354,0.0,4.744335e-05
6438099,K02976.01,290.22067,41.868721,1.0,1.0
6441738,K01246.01,291.42755,41.878159,1.0,1.0
6442735,K05283.01,291.76413,41.86013,1.0,0.9998629
6443093,K05284.01,291.89035,41.816818,0.0,2.3888296e-07
6443274,K07567.01,291.95438,41.826969,0.0,0.0
6451368,K07780.01,294.48404,41.869171,1.0,0.96044815
6467363,K02840.01,298.35361,41.820068,0.0,0.00021245566
6467363,K02840.02,298.35361,41.820068,1.0,0.9999963
6507334,K08122.01,286.47037,41.994789,0.0,1.7604306e-13
6507433,K03815.01,286.50876,41.922741,1.0,0.9505121
6508221,K00416.03,286.86548,41.989079,1.0,0.99998975
6508221,K00416.04,286.86548,41.989079,1.0,0.9991523
6509282,K05287.01,287.33041,41.974899,1.0,0.9997484
6511182,K05288.01,288.12735,41.952801,1.0,0.9956416
6516185,K02445.01,289.88446,41.906551,1.0,0.99999976
6517064,K05289.01,290.15829,41.98978,0.0,1.2035826e-18
6517200,K05290.01,290.20068,41.946289,0.0,9.906972e-17
6517255,K05291.01,290.21606,41.954571,0.0,1.8315816e-16
6520519,K04749.01,291.21164,41.9856,0.0,1.4500942e-05
6520753,K04504.01,291.2941,41.91283,0.0,2.784334e-05
6520753,K04504.02,291.2941,41.91283,1.0,0.9999989
6523058,K04549.01,292.02621,41.984119,0.0,0.16521366
6523351,K03117.01,292.1218,41.927029,0.0,0.0025666195
6525946,K02093.01,292.95416,41.934799,1.0,1.0
6525946,K02093.02,292.95416,41.934799,1.0,0.999959
6525946,K02093.03,292.95416,41.934799,0.0,1.1416843e-24
6526710,K00856.01,293.17929,41.969238,0.0,2.3241398e-15
6527078,K04657.01,293.29279,41.997589,1.0,0.99921334
6527078,K04657.02,293.29279,41.997589,1.0,0.99999964
6531617,K07785.01,294.62714,41.933182,0.0,1.748046e-11
6543192,K05297.01,297.42578,41.932991,0.0,5.6318153e-05
6543893,K01627.03,297.58313,41.952431,1.0,0.9999201
6551106,K06731.01,299.07507,41.94223,0.0,2.1527167e-06
6584278,K06733.01,283.77316,42.070862,0.0,1.4671402e-22
6590726,K06734.01,286.60938,42.063229,0.0,0.0
6593150,K03037.01,287.60223,42.075741,1.0,0.9999925
6594945,K05300.01,288.28122,42.072079,0.0,4.8416937e-15
6599919,K00858.01,289.89777,42.009151,1.0,0.9999987
6603765,K06739.01,291.09485,42.002918,1.0,0.99999213
6607286,K01239.01,292.17859,42.005909,0.0,2.915417e-14
6607286,K01239.02,292.17859,42.005909,1.0,0.9999989
6607447,K01242.01,292.22839,42.03537,0.0,0.004292839
6614748,K06745.01,294.28693,42.032791,0.0,1.03748935e-23
6620003,K01225.01,295.62222,42.09288,0.0,2.4126595e-07
6628926,K06746.01,297.62299,42.09882,0.0,0.0005963051
6634112,K05308.01,298.64252,42.092831,0.0,0.0036751693
6664842,K06750.01,281.5202,42.169472,0.0,0.0061054802
6665064,K06751.01,281.64999,42.132061,1.0,0.9985965
6665860,K04840.01,282.09314,42.160271,0.0,1.5879104e-06
6670610,K06752.01,284.27499,42.123779,0.0,0.20896614
6670742,K06753.01,284.33261,42.12709,0.0,7.106198e-15
6675757,K05310.01,286.52942,42.167511,1.0,0.9995116
6679295,K02862.01,287.94861,42.156139,1.0,0.9998853
6690171,K03320.01,291.42685,42.164082,0.0,1.6763064e-12
6691169,K04890.01,291.72189,42.117298,1.0,0.94971657
6697605,K02851.02,293.56635,42.13258,0.0,3.322924e-14
6697817,K03508.01,293.62357,42.129639,0.0,1.1275257e-23
6697976,K06759.01,293.6633,42.113079,0.0,0.0
6705026,K03374.02,295.40979,42.150829,1.0,0.99995995
6705142,K01758.01,295.43436,42.166321,1.0,0.99995804
6715997,K06762.01,297.83545,42.11039,1.0,0.9999968
6716021,K02679.01,297.84125,42.118252,0.0,0.07015971
6716545,K02906.02,297.94476,42.191879,0.0,1.3704321e-13
6716545,K02906.03,297.94476,42.191879,1.0,0.99999595
6717252,K04651.01,298.08716,42.164349,0.0,0.01476041
6719052,K05320.01,298.45322,42.1101,0.0,1.5432992e-17
6719086,K01357.01,298.45953,42.187431,1.0,0.9999939
6721603,K05321.01,298.95654,42.156315,0.0,0.000108064494
6756369,K05322.01,283.97293,42.276588,0.0,6.840473e-09
6763884,K06763.01,287.23486,42.263309,0.0,0.00016967153
6765135,K02592.01,287.75229,42.244781,0.0,5.1783455e-20
6765563,K05324.01,287.90686,42.208721,0.0,2.9428036e-18
6767227,K04871.01,288.52902,42.27626,1.0,0.99997115
6767227,K04871.02,288.52902,42.27626,0.0,0.041962426
6768394,K02086.04,288.96124,42.265011,0.0,2.3904936e-21
6768616,K06765.01,289.04434,42.280022,1.0,0.99999857
6776555,K05327.01,291.55667,42.214169,1.0,0.99997056
6779260,K02678.02,292.38855,42.233261,0.0,6.219784e-09
6786224,K04850.01,294.33328,42.26413,0.0,6.4835855e-05
6790592,K07791.01,295.43973,42.209061,0.0,4.8643415e-05
6792908,K04341.01,295.96259,42.200256,1.0,0.99998426
6805414,K05329.01,298.64493,42.285831,1.0,0.99996364
6837146,K01362.01,281.60541,42.390419,1.0,1.0
6837283,K02914.01,281.69159,42.397549,1.0,0.99985313
6839010,K04674.01,282.58282,42.346352,1.0,0.99996364
6842345,K06774.01,284.13208,42.350441,0.0,1.5846463e-15
6842807,K02921.01,284.35434,42.388371,1.0,0.9999944
6853172,K06776.01,288.73029,42.334011,1.0,0.9999926
6859546,K06777.01,290.72195,42.391571,1.0,0.99769574
6862328,K00865.01,291.58377,42.36816,0.0,1.0215574e-12
6863158,K07793.01,291.85205,42.343361,0.0,4.475411e-08
6864706,K06781.01,292.30566,42.302479,1.0,0.9955831
6867155,K00868.01,293.00797,42.307201,0.0,5.5618547e-15
6867219,K06783.01,293.02472,42.325089,1.0,0.99999046
6867555,K02439.02,293.12738,42.320099,0.0,0.18336786
6867588,K02571.01,293.13705,42.350479,0.0,1.7934731e-06
6869373,K05331.01,293.66772,42.320541,1.0,0.9508501
6871071,K02220.04,294.13791,42.370499,0.0,1.3921855e-05
6871071,K02220.05,294.13791,42.370499,1.0,0.9999964
6875342,K05332.01,295.23825,42.322361,1.0,0.99999976
6876575,K07572.01,295.51334,42.31879,0.0,3.9349825e-12
6878408,K06786.01,295.93283,42.39669,0.0,4.19348e-32
6879183,K05333.01,296.10648,42.354279,1.0,1.0
6879865,K00417.01,296.24954,42.33548,0.0,0.00045811635
6887030,K07795.01,297.8728,42.303291,0.0,8.521704e-07
6891124,K07796.01,298.72821,42.372631,1.0,0.9998054
6922203,K02578.01,281.26013,42.40329,1.0,0.9997998
6934045,K05336.01,286.79755,42.42091,0.0,0.0
6934986,K02294.01,287.1532,42.421612,1.0,0.9719587
6937529,K04382.02,288.16397,42.481079,0.0,0.0022148136
6939913,K05337.01,289.04572,42.446758,0.0,9.691492e-37
6946199,K01359.02,291.02069,42.46244,1.0,0.68593043
6946681,K06150.01,291.19293,42.49445,0.0,1.8626858e-06
6946708,K06151.01,291.20096,42.449989,0.0,2.3410333e-17
6947623,K06793.01,291.49585,42.47813,1.0,0.8264713
6947668,K03455.01,291.50708,42.429878,1.0,0.9999937
6949898,K03031.01,292.22739,42.451969,1.0,0.99997723
6952971,K07798.01,293.17212,42.483238,0.0,4.4988637e-18
6955671,K03329.01,293.94241,42.4259,1.0,0.9999043
6956176,K06798.01,294.07739,42.402241,1.0,0.9999368
6964929,K02756.02,296.23282,42.47279,1.0,0.9999796
6974658,K02925.01,298.29819,42.434368,1.0,0.9918955
6975129,K01628.03,298.39575,42.459751,1.0,0.9919956
7009548,K05341.01,282.29132,42.545509,1.0,0.99995375
7017274,K03209.01,285.92322,42.54985,0.0,0.00041188733
7017274,K03209.02,285.92322,42.54985,1.0,0.9999989
7017372,K03689.01,285.9718,42.545712,0.0,1.3872149e-06
7018210,K05344.01,286.35242,42.58577,0.0,7.0339627e-13
7021681,K00255.02,287.85812,42.542629,1.0,0.76522964
7022573,K03112.01,288.21072,42.556808,1.0,0.9990281
7031517,K00871.01,291.11969,42.507069,1.0,0.71515864
7033233,K02339.02,291.66928,42.59071,1.0,0.99999356
7047922,K01899.02,295.75412,42.537479,1.0,0.9982041
7051180,K00064.01,296.51059,42.54744,0.0,1.786703e-08
7051984,K02879.01,296.7019,42.508652,0.0,2.862962e-13
7093401,K03433.01,282.34613,42.60891,1.0,0.98141897
7094944,K04859.01,283.06223,42.629002,1.0,0.9998778
7098255,K04762.01,284.61008,42.687431,1.0,0.6679889
7100673,K04032.05,285.72849,42.65453,0.0,0.07316388
7101726,K05352.01,286.19986,42.61301,0.0,6.313105e-24
7103300,K06819.01,286.84534,42.67696,1.0,0.9998491
7106173,K03083.01,287.97885,42.679359,1.0,0.99999976
7106173,K03083.02,287.97885,42.679359,1.0,0.95674866
7106173,K03083.03,287.97885,42.679359,0.0,0.16453089
7107802,K02420.02,288.58835,42.605659,0.0,0.0004969902
7119481,K00566.02,292.31601,42.626251,0.0,0.00044831168
7119481,K00566.03,292.31601,42.626251,1.0,0.99999964
7125794,K05358.01,294.15234,42.61898,0.0,2.3890212e-19
7130612,K05359.01,295.41357,42.663071,1.0,0.99995947
7132462,K05360.01,295.8591,42.642189,0.0,3.1279278e-12
7134626,K07818.01,296.40149,42.651058,1.0,0.9452233
7135549,K06835.01,296.6192,42.674931,0.0,6.4066865e-07
7186436,K05365.01,287.01953,42.751282,0.0,0.0
7191523,K05367.01,289.03937,42.701439,0.0,0.0
7191646,K04358.01,289.08313,42.70414,0.0,6.9209605e-08
7198587,K05369.01,291.26584,42.739491,0.0,1.3060918e-06
7199060,K04152.01,291.38602,42.709129,1.0,0.9999974
7199397,K00075.01,291.49722,42.728481,1.0,1.0
7199906,K01739.01,291.65009,42.700779,0.0,1.1984521e-13
7204233,K05371.01,293.00269,42.708851,0.0,8.005149e-07
7205717,K05372.01,293.44861,42.744911,0.0,5.8388368e-27
7206422,K05373.01,293.64182,42.736019,0.0,1.4751568e-14
7213311,K05375.01,295.51764,42.758942,0.0,1.1750312e-09
7215678,K02354.01,296.06625,42.768219,0.0,6.96523e-05
7217088,K06849.01,296.39548,42.78014,1.0,0.9999808
7219825,K00238.03,296.99863,42.78196,0.0,1.367942e-23
7256914,K04136.01,281.82318,42.811169,1.0,0.99998677
7256914,K04136.02,281.82318,42.811169,1.0,0.9999956
7266212,K04737.01,286.21729,42.86092,1.0,0.9999622
7272132,K04466.01,288.63861,42.857288,1.0,0.94057316
7282470,K05379.01,291.9227,42.892921,0.0,5.872097e-14
7285757,K03271.02,292.95819,42.854889,1.0,0.99987304
7287028,K07832.01,293.35861,42.80666,0.0,0.43821856
7287677,K04815.01,293.54733,42.828442,1.0,0.9990119
7287683,K01622.01,293.54889,42.888859,1.0,0.9999999
7289139,K05380.01,293.96146,42.806419,0.0,0.0
7289317,K02450.02,294.00946,42.880772,1.0,0.99999833
7289338,K03420.01,294.01529,42.824371,0.0,0.0008158466
7289338,K03420.02,294.01529,42.824371,1.0,0.9994091
7294743,K02516.01,295.45367,42.858799,0.0,9.3666705e-07
7296438,K00364.01,295.87231,42.881149,1.0,0.99000764
7300182,K07833.01,296.78555,42.880291,0.0,0.0
7335514,K06860.01,280.77686,42.924541,0.0,0.00032594512
7345248,K04864.01,285.45886,42.931049,1.0,0.99867344
7345335,K06862.01,285.50293,42.911789,1.0,0.99999917
7363829,K01356.01,292.1199,42.931679,0.0,3.1964793e-09
7366501,K07834.01,292.94757,42.904308,1.0,0.9971928
7367164,K07835.01,293.13828,42.965141,1.0,0.9995925
7375348,K00266.02,295.40433,42.981422,0.0,1.0550812e-21
7377343,K05384.01,295.90891,42.988209,1.0,0.98203516
7380537,K00883.01,296.68307,42.967869,1.0,0.91882163
7381580,K06872.01,296.91513,42.905079,1.0,0.9975691
7383840,K05385.01,297.39856,42.991539,0.0,1.587537e-31
7416016,K05387.01,280.35452,43.056671,0.0,0.0
7416306,K05388.01,280.52133,43.077068,1.0,0.9896236
7416646,K05389.01,280.72287,43.065472,0.0,1.0136673e-21
7429287,K04260.04,286.39584,43.075821,0.0,9.359983e-05
7440715,K05390.01,290.50705,43.015041,0.0,1.5753107e-08
7446631,K02598.01,292.32419,43.033451,1.0,0.9999654
7447895,K06878.01,292.72079,43.076809,1.0,0.9999763
7449554,K02357.01,293.20377,43.057011,0.0,0.005670456
7449554,K02357.02,293.20377,43.057011,1.0,0.99999654
7458743,K05393.01,295.64517,43.065338,0.0,6.448543e-37
7461521,K06882.01,296.28384,43.033981,0.0,8.061721e-08
7466270,K02959.01,297.27222,43.098721,1.0,0.9996946
7499398,K01473.01,280.36023,43.12368,1.0,0.9697748
7501646,K02572.01,281.59235,43.177879,1.0,0.99986506
7504328,K00458.01,282.88269,43.191952,0.0,9.786486e-08
7512982,K01480.02,286.74188,43.190102,1.0,0.99906284
7515336,K04663.01,287.67059,43.197239,1.0,0.9999826
7517261,K03496.02,288.4212,43.179794,1.0,0.99945825
7537660,K06884.01,294.6015,43.159935,0.0,8.165565e-31
7539277,K05398.01,295.02985,43.129421,0.0,0.0
7582691,K04419.01,281.11646,43.28244,0.0,7.35888e-29
7583650,K04614.01,281.73087,43.282341,1.0,0.9997813
7592529,K06889.01,286.14291,43.236351,0.0,0.03143697
7592922,K06890.01,286.33069,43.267929,0.0,0.02969393
7601665,K07842.01,289.88666,43.233879,0.0,2.1557541e-07
7602351,K06892.01,290.12088,43.24361,1.0,0.99993503
7609553,K02924.02,292.4404,43.209431,1.0,0.9965246
7609674,K03128.01,292.47977,43.227024,1.0,0.99999976
7613620,K07843.01,293.67114,43.217609,0.0,3.7108808e-25
7619236,K00682.01,295.198,43.269508,0.0,4.1406678e-22
7620413,K02103.02,295.50269,43.232792,1.0,0.99980897
7625138,K05406.01,296.65967,43.27029,0.0,7.923892e-07
7625143,K05407.01,296.6608,43.275089,0.0,1.2236703e-14
7630229,K00683.01,297.82431,43.258381,0.0,2.868185e-31
7631138,K05408.01,298.03403,43.228271,0.0,0.0
7661893,K04296.01,282.63617,43.3661,1.0,0.7520529
7662502,K05410.01,282.98114,43.300407,1.0,1.0
7663405,K01519.02,283.47818,43.383781,1.0,0.9999882
7668416,K03089.01,286.14804,43.369202,0.0,8.254472e-08
7671950,K07846.01,287.81284,43.362549,1.0,0.9990411
7672215,K05411.01,287.93747,43.377659,1.0,0.995861
7673192,K02722.05,288.37024,43.35461,1.0,0.99999917
7673841,K02585.03,288.66077,43.36808,1.0,0.99995327
7687365,K06904.01,293.41785,43.34285,0.0,0.0017973172
7690782,K05413.01,294.51031,43.322319,0.0,1.5000446e-34
7692093,K03337.01,294.90594,43.381889,1.0,0.99999833
7692248,K04886.01,294.95074,43.324341,1.0,0.9927878
7697103,K03430.01,296.38269,43.386589,1.0,0.9997117
7700500,K06907.01,297.24039,43.397678,1.0,0.7718258
7730747,K00684.01,281.29028,43.413342,1.0,0.78981864
7733731,K04022.01,283.12854,43.45686,1.0,0.99999785
7746958,K02324.01,289.67786,43.458134,1.0,0.9990823
7747091,K05418.01,289.72818,43.488239,1.0,0.9999999
7747103,K07847.01,289.7308,43.497368,0.0,2.6172297e-28
7748487,K03394.01,290.23602,43.47065,1.0,0.99217415
7749002,K04325.01,290.39172,43.440338,0.0,1.0335459e-11
7750419,K01708.01,290.88232,43.47176,1.0,0.9999944
7755741,K06913.02,292.78702,43.416039,0.0,3.785149e-14
7757620,K05422.01,293.41537,43.41761,0.0,8.141186e-14
7758018,K04105.01,293.53253,43.406151,0.0,2.706652e-16
7762153,K05423.01,294.81995,43.471111,0.0,7.568491e-25
7765528,K01840.02,295.8287,43.425491,1.0,0.9874084
7767162,K02869.02,296.29355,43.403271,0.0,8.0046544e-25
7767781,K05425.01,296.47906,43.409382,0.0,8.384706e-06
7768451,K01527.01,296.6713,43.49839,0.0,0.0014030539
7770901,K05426.01,297.29047,43.467789,0.0,5.783524e-10
7771181,K04797.01,297.34842,43.421219,0.0,4.519074e-07
7772914,K03339.01,297.75192,43.447578,1.0,0.99999166
7778427,K04482.01,299.09537,43.439098,1.0,0.9957113
7778664,K07849.01,299.14664,43.459831,0.0,0.0014179192
7778767,K02523.02,299.16953,43.44109,0.0,0.4213605
7801070,K04361.01,282.16364,43.510132,0.0,0.032056294
7811211,K06918.01,287.57062,43.531738,0.0,5.023077e-27
7811397,K01477.01,287.65396,43.505718,0.0,8.9488334e-32
7812893,K06919.01,288.37213,43.591221,1.0,0.99949527
7812990,K05431.01,288.41895,43.534599,0.0,5.854151e-08
7813039,K03787.01,288.43912,43.505249,0.0,1.3106305e-07
7816935,K06921.01,290.00784,43.502129,0.0,0.40925393
7820699,K04555.01,291.22043,43.574268,0.0,7.924931e-24
7825899,K00896.03,293.0614,43.58136,1.0,0.9997087
7829836,K05433.01,294.30466,43.509701,0.0,1.3088765e-33
7830953,K05434.01,294.6467,43.577499,0.0,0.0
7832787,K08270.01,295.22299,43.590439,0.0,3.374629e-09
7833305,K04528.01,295.37476,43.500431,1.0,0.99999654
7834045,K04630.01,295.59735,43.596401,1.0,0.99652445
7834712,K07850.01,295.79788,43.570389,0.0,2.42941e-06
7835312,K06164.01,295.97079,43.52969,1.0,0.99999976
7836096,K05435.01,296.18665,43.581379,1.0,0.9999783
7841925,K01499.02,297.72427,43.527431,0.0,1.265829e-06
7868967,K06925.01,281.35678,43.658352,0.0,0.27351192
7881464,K05437.01,288.14142,43.685799,0.0,3.0422616e-23
7887791,K01964.01,290.7037,43.607208,1.0,0.99999046
7888863,K05440.01,291.07666,43.61208,1.0,0.99956816
7891294,K04699.01,291.88797,43.649811,0.0,0.0009303365
7899070,K02683.01,294.53934,43.60778,1.0,1.0
7901016,K04257.01,295.1333,43.631432,1.0,0.99999917
7902003,K03236.01,295.43915,43.676311,1.0,0.9999832
7902204,K06931.01,295.50229,43.609871,0.0,2.1596787e-05
7905106,K04582.01,296.33688,43.60009,0.0,1.4822267e-05
7906882,K00686.01,296.84076,43.647121,0.0,3.6491203e-09
7906892,K04773.01,296.8432,43.697441,0.0,0.40826708
7906892,K04773.02,296.8432,43.697441,1.0,0.99874085
7907808,K04109.01,297.08301,43.679951,0.0,5.486709e-12
7917068,K05446.01,299.34103,43.643162,0.0,1.6401758e-34
7918478,K04209.01,299.66617,43.619469,0.0,0.29651725
7918652,K02984.01,299.707,43.622601,1.0,0.9999987
7939761,K06934.01,282.67258,43.788311,1.0,0.9907012
7949593,K04759.01,287.77301,43.73391,1.0,0.9999969
7950158,K05451.01,288.03607,43.796139,0.0,3.4539844e-29
7954278,K07859.01,289.82599,43.725231,0.0,0.0
7974634,K06168.01,296.58698,43.766918,0.0,5.4295457e-18
7974634,K06168.02,296.58698,43.766918,0.0,8.973664e-28
7976520,K00687.01,297.11713,43.71143,1.0,0.99999976
7979297,K05455.01,297.75494,43.789261,0.0,0.0
7983117,K03214.02,298.67377,43.795479,1.0,0.9999999
7984047,K01552.01,298.92593,43.75037,0.0,0.0056300913
7984574,K02400.01,299.06168,43.720329,1.0,0.9999999
8005002,K05457.01,280.34219,43.83334,0.0,0.0
8007174,K05458.01,281.8277,43.808689,1.0,0.99997413
8007675,K06949.01,282.15485,43.867352,0.0,8.805483e-07
8009811,K05459.01,283.37384,43.801361,0.0,9.196077e-15
8013419,K00901.01,285.16748,43.876339,1.0,0.5742754
8016650,K05461.01,286.92426,43.82943,0.0,1.3512496e-06
8016692,K06954.01,286.9454,43.899139,0.0,6.1194335e-08
8018547,K00902.01,287.85239,43.897991,1.0,1.0
8022520,K08272.01,289.66574,43.879459,0.0,1.4961253e-12
8040308,K05467.01,295.65958,43.85825,0.0,0.0
8040457,K05468.01,295.70108,43.825218,0.0,1.4863845e-19
8042644,K06957.01,296.35956,43.86676,0.0,7.1778095e-06
8043638,K00460.02,296.63684,43.802792,1.0,0.99636877
8044083,K05470.01,296.76855,43.862,0.0,9.45802e-17
8046659,K01560.01,297.41965,43.876579,0.0,1.695322e-10
8053552,K01549.01,299.05585,43.897202,0.0,6.3327783e-09
8054719,K04776.01,299.34955,43.8503,0.0,1.5272935e-06
8074328,K02486.01,280.69046,43.919182,1.0,0.9999995
8076215,K05472.01,281.95456,43.98061,0.0,0.070769295
8091197,K06960.01,289.60522,43.952831,1.0,0.9999554
8094120,K04881.01,290.55087,43.994362,1.0,0.9998491
8094942,K05473.01,290.84729,43.962742,0.0,0.0
8096395,K07587.01,291.35892,43.93681,0.0,5.8977387e-31
8098212,K04487.01,292.02829,43.946362,1.0,0.99959487
8098960,K06966.01,292.30338,43.98381,1.0,0.9999968
8099517,K05474.01,292.50958,43.957169,0.0,4.1429034e-06
8105398,K05475.02,294.49487,43.91362,0.0,4.5860247e-06
8105719,K05476.01,294.60629,43.937141,0.0,1.343086e-19
8107150,K07863.01,295.0809,43.953239,0.0,0.00016068738
8107611,K04656.01,295.24191,43.972599,1.0,0.9968863
8110757,K07865.01,296.18478,43.980751,0.0,1.0579321e-24
8115647,K06970.01,297.46857,43.98201,1.0,0.9458697
8120820,K06971.01,298.70001,43.97649,0.0,9.992171e-18
8121310,K00317.02,298.81638,43.998039,1.0,0.99999726
8121328,K03486.01,298.82062,43.909859,1.0,0.9998596
8125917,K05479.01,299.98801,43.917721,1.0,0.99976367
8129333,K05480.01,300.87204,43.973541,1.0,0.99999964
8145958,K06978.01,282.84103,44.049728,0.0,1.554754e-06
8155654,K06980.01,287.94165,44.008018,1.0,0.997575
8158127,K01015.03,289.09689,44.004379,1.0,0.9999982
8158429,K05482.01,289.2291,44.09166,0.0,4.606903e-12
8160953,K01858.02,290.14432,44.04995,1.0,0.9999186
8162789,K00521.02,290.73517,44.09132,0.0,0.16283001
8163784,K06172.01,291.06699,44.071201,0.0,0.00010130386
8165617,K06173.01,291.74231,44.074871,0.0,0.0
8167504,K06983.01,292.46378,44.090111,1.0,0.99998426
8168187,K02209.02,292.71445,44.082329,0.0,0.35470802
8168509,K07589.01,292.8259,44.098389,0.0,0.0
8176564,K02720.01,295.43967,44.039162,1.0,0.99999976
8180290,K06985.01,296.56937,44.01722,1.0,0.99998176
8182107,K07870.01,297.0672,44.0676,0.0,5.170474e-27
8189801,K02480.01,298.92639,44.00219,0.0,4.177145e-05
8196226,K04634.01,300.6496,44.05574,0.0,0.4070171
8197176,K05485.01,300.88522,44.081329,1.0,0.9987444
8197406,K05486.01,300.94186,44.023651,1.0,0.9082841
8197793,K03123.01,301.04813,44.037689,1.0,0.99996996
8212002,K02593.02,281.83533,44.155918,0.0,0.010850558
8216763,K04838.01,284.26859,44.19754,1.0,0.998757
8216763,K04838.02,284.26859,44.19754,1.0,0.9998148
8216763,K04838.03,284.26859,44.19754,1.0,0.9996325
8218379,K01920.02,285.12204,44.1106,0.0,1.2895771e-06
8222395,K07873.01,287.37039,44.187988,0.0,4.011992e-08
8222627,K04098.01,287.50375,44.167259,0.0,0.00011421167
8223445,K05487.01,287.91861,44.1213,0.0,2.5721498e-08
8223568,K06176.01,287.9856,44.147202,0.0,1.9460847e-19
8223568,K06176.02,287.9856,44.147202,0.0,0.0006898651
8226050,K01910.02,289.19263,44.149319,1.0,0.9996692
8227086,K06993.01,289.62292,44.104431,1.0,0.99999046
8227464,K06994.01,289.77121,44.139969,1.0,0.6921963
8233326,K04834.01,291.79465,44.193531,1.0,0.69659877
8240617,K02474.01,294.39749,44.124199,0.0,0.0
8240790,K04426.01,294.45038,44.166779,0.0,1.42031055e-27
8240904,K01070.03,294.48438,44.166908,0.0,1.5610041e-15
8241079,K03020.01,294.54041,44.190979,1.0,0.9999883
8242769,K07875.01,295.06631,44.162449,1.0,0.99998987
8247770,K02569.01,296.603,44.14082,0.0,4.5518664e-06
8248103,K07002.01,296.69574,44.150761,1.0,0.99999917
8256882,K07003.01,298.88669,44.11586,1.0,0.9997702
8259713,K02935.01,299.6611,44.112381,1.0,0.99999917
8260218,K01066.01,299.78632,44.16954,1.0,0.96674913
8261920,K02174.01,300.24222,44.141399,1.0,0.9999628
8261920,K02174.04,300.24222,44.141399,1.0,0.9998661
8263187,K07878.01,300.63809,44.156269,1.0,0.9998599
8264402,K04037.01,300.94568,44.164688,0.0,2.3505792e-19
8265218,K00522.01,301.14789,44.104542,1.0,0.9999982
8266276,K01731.01,301.4693,44.159649,1.0,0.99876356
8278073,K04799.01,281.55267,44.228531,1.0,0.9997484
8278685,K04435.01,281.95569,44.261532,1.0,0.9999988
8278685,K04435.02,281.95569,44.261532,0.0,0.00042372438
8279146,K05497.01,282.24631,44.28228,0.0,5.6181926e-20
8280511,K01151.04,283.00296,44.284229,1.0,0.9999945
8280511,K01151.05,283.00296,44.284229,1.0,0.84169334
8282651,K02193.02,284.10779,44.245811,1.0,0.99940133
8283875,K07007.01,284.77267,44.249371,1.0,0.9124874
8294683,K05499.01,290.01547,44.205582,0.0,6.2334077e-10
8295087,K05500.01,290.15518,44.254017,0.0,6.447528e-09
8297017,K07879.01,290.80057,44.270512,0.0,1.4464211e-24
8297319,K07591.01,290.90695,44.291779,0.0,4.65483e-06
8301878,K03301.01,292.62964,44.283119,1.0,0.9998797
8307489,K05502.01,294.61761,44.216881,0.0,0.0
8308347,K03761.01,294.89749,44.21579,0.0,9.062633e-34
8308516,K07880.01,294.95258,44.207909,0.0,9.1786105e-17
8313667,K01145.01,296.54861,44.264671,1.0,1.0
8320630,K04846.01,298.28214,44.27206,1.0,0.7651868
8320630,K04846.02,298.28214,44.27206,1.0,0.9999858
8323764,K03767.01,299.08057,44.29501,1.0,0.99999297
8324518,K04393.01,299.27658,44.291981,1.0,0.9999572
8326342,K02680.01,299.7915,44.281231,1.0,0.99999726
8328916,K04790.01,300.58502,44.2131,1.0,0.91418356
8329346,K08275.01,300.69672,44.298409,0.0,0.0
8330207,K04390.01,300.92484,44.24968,0.0,0.0004142228
8331612,K03318.02,301.27869,44.25053,0.0,2.9258135e-07
8332521,K04567.01,301.56284,44.240391,1.0,0.99999416
8332521,K04567.02,301.56284,44.240391,1.0,0.99997914
8345384,K04399.01,282.12888,44.303162,1.0,0.9999995
8349399,K04763.01,284.38248,44.308231,1.0,1.0
8352009,K05506.01,285.79572,44.35051,0.0,2.81238e-37
8355131,K04711.01,287.50766,44.31424,0.0,0.4890346
8355178,K06178.01,287.53177,44.30801,1.0,0.9999999
8355178,K06178.02,287.53177,44.30801,1.0,0.99991417
8359569,K04667.01,289.63535,44.379711,0.0,2.0057576e-10
8360041,K04854.01,289.80804,44.362518,0.0,0.0014273984
8362974,K07023.01,290.85971,44.350922,0.0,8.3682566e-14
8364232,K07882.01,291.31281,44.38192,1.0,0.9999999
8365739,K03722.01,291.88754,44.345619,0.0,2.7929327e-25
8374077,K06179.01,294.8566,44.322041,1.0,0.9920501
8376848,K04007.01,295.74899,44.37476,1.0,0.9993237
8378278,K05509.01,296.18494,44.342991,0.0,2.5401545e-13
8391983,K07884.01,299.77228,44.363022,0.0,1.3684492e-09
8394475,K07032.01,300.42432,44.343601,1.0,0.9998497
8395870,K05511.01,300.93237,44.34454,0.0,2.0632848e-07
8396288,K05512.01,301.05518,44.306229,1.0,0.9437213
8396405,K01733.01,301.08572,44.380192,1.0,0.99999785
8396660,K04407.01,301.15656,44.379532,0.0,0.0026262244
8397947,K04772.01,301.57855,44.31218,0.0,4.6700106e-13
8415353,K05514.01,284.7644,44.485004,0.0,1.3889858e-06
8423344,K07592.01,288.96823,44.448341,0.0,4.5009323e-35
8429817,K05515.01,291.45227,44.431751,0.0,0.0028938947
8430053,K04603.01,291.53922,44.44706,1.0,0.999992
8432249,K05517.01,292.39389,44.476212,0.0,5.557693e-38
8439618,K05518.01,295.06573,44.477032,0.0,1.2373382e-31
8439949,K08156.01,295.16364,44.422211,0.0,6.6560772e-21
8442795,K07040.01,296.05728,44.461079,0.0,1.4978493e-13
8443527,K03197.01,296.29056,44.42326,1.0,0.971327
8443812,K07041.01,296.38422,44.433418,1.0,0.99943775
8444868,K07593.01,296.70224,44.449451,0.0,1.8674586e-13
8482059,K04247.01,285.85315,44.57222,0.0,0.0
8488381,K07888.01,289.20331,44.505138,0.0,0.34180018
8489260,K07889.01,289.57452,44.519939,0.0,4.810314e-08
8493354,K04505.01,291.09943,44.545689,1.0,0.99999976
8494263,K01255.01,291.44522,44.52869,0.0,0.0001813009
8494783,K06180.01,291.63733,44.56422,0.0,2.0297577e-08
8494783,K06180.02,291.63733,44.56422,0.0,1.2558846e-15
8505215,K00099.01,295.43433,44.53112,0.0,3.8158253e-23
8507586,K05528.01,296.19122,44.542122,0.0,0.0
8509442,K02992.01,296.73724,44.50148,1.0,1.0
8525101,K05532.01,300.83527,44.560661,0.0,1.611228e-10
8525286,K05533.01,300.90146,44.597328,1.0,0.999951
8527297,K08157.01,301.6618,44.577499,0.0,1.1627102e-07
8546542,K03073.01,285.7485,44.632462,1.0,0.9999951
8547213,K05536.01,286.11234,44.657581,0.0,1.4069568e-20
8547537,K05539.01,286.29144,44.658772,0.0,5.4579304e-18
8548454,K05541.01,286.80566,44.63987,0.0,6.372907e-33
8552202,K00914.01,288.72665,44.60751,1.0,0.99999905
8554498,K00005.01,289.73972,44.647419,1.0,0.9546798
8555967,K07894.01,290.3031,44.678089,0.0,0.0
8570210,K05545.01,295.59698,44.613892,0.0,2.9667278e-28
8571421,K05546.01,295.97278,44.645088,0.0,2.7047602e-21
8574794,K05547.01,296.9707,44.61042,0.0,0.0
8581240,K03111.01,298.57687,44.621609,0.0,0.46162266
8581240,K03111.02,298.57687,44.621609,1.0,0.9998882
8590149,K06182.01,300.90247,44.61261,1.0,0.9999757
8590149,K06182.02,300.90247,44.61261,0.0,1.1235385e-06
8608544,K08159.02,284.19217,44.762112,0.0,1.6673945e-12
8613446,K07069.01,286.91599,44.704529,0.0,3.357003e-05
8613535,K02263.03,286.97128,44.708302,0.0,3.03196e-08
8613769,K05550.01,287.08969,44.792,0.0,5.193742e-35
8616873,K01251.01,288.70087,44.70768,0.0,1.3287104e-29
8620565,K01250.02,290.26767,44.712849,0.0,2.115788e-15
8624520,K01816.01,291.68329,44.75164,0.0,0.048846953
8624860,K07072.01,291.79575,44.746181,1.0,1.0
8625408,K07073.01,292.01733,44.713268,0.0,7.3486016e-22
8626325,K04775.01,292.40323,44.782009,0.0,0.0538914
8628665,K03434.01,293.34521,44.700642,1.0,0.99914813
8628761,K04580.01,293.37381,44.727982,1.0,0.99986446
8631160,K01271.01,294.2655,44.7943,1.0,0.9989116
8631751,K02453.01,294.46848,44.75396,1.0,0.99999344
8636539,K02656.01,296.00543,44.71851,1.0,0.9997681
8637903,K08276.01,296.40787,44.77364,0.0,1.0284596e-23
8639908,K02700.01,297.00354,44.775089,0.0,0.037924226
8644365,K03384.01,298.09543,44.737061,1.0,0.9997677
8644545,K05552.01,298.13864,44.744061,0.0,3.8997356e-18
8644911,K05553.01,298.23279,44.756432,0.0,7.2278965e-15
8652997,K05554.01,300.39194,44.78532,0.0,0.0
8656535,K05556.01,301.50656,44.711842,0.0,1.2398781e-32
8673511,K08277.01,284.29565,44.895859,0.0,1.3431211e-11
8677057,K07903.01,286.31052,44.838188,0.0,6.762981e-19
8682094,K07596.01,289.0155,44.88205,0.0,5.4380034e-29
8684730,K00319.01,290.11752,44.87294,1.0,0.7246266
8686442,K07074.01,290.75494,44.851589,1.0,0.99919015
8693536,K07076.01,293.53033,44.832771,1.0,0.9999218
8695311,K03042.01,294.16644,44.886311,1.0,0.9999999
8700895,K04523.01,296.04425,44.80529,0.0,0.29677585
8702537,K07905.01,296.5477,44.898041,0.0,4.9705686e-05
8703129,K02758.01,296.7236,44.853142,0.0,5.41548e-16
8708961,K08163.01,298.21265,44.80479,0.0,6.88883e-13
8709688,K03019.02,298.40137,44.838181,0.0,3.9831135e-05
8715589,K05563.01,300.00098,44.828499,1.0,0.9999912
8741367,K05566.01,286.29129,44.920082,0.0,5.336874e-08
8741470,K04251.01,286.35339,44.961182,1.0,0.99888855
8747910,K05570.01,289.62814,44.942421,0.0,4.990708e-29
8752940,K04730.01,291.58875,44.907509,1.0,0.99992025
8760040,K02963.02,294.33646,44.918289,1.0,0.9999987
8760760,K07088.01,294.59918,44.927689,1.0,0.99987257
8765560,K03891.01,296.15601,44.92009,1.0,0.9997652
8773015,K04301.02,298.20261,44.925831,1.0,0.99979323
8780959,K03741.02,300.33237,44.986141,1.0,0.99997044
8803757,K04904.01,284.72797,45.064968,1.0,0.99928313
8804455,K02159.01,285.13831,45.004539,1.0,0.9949686
8806985,K04588.01,286.51355,45.038044,1.0,0.9993672
8807057,K07093.01,286.55365,45.002338,0.0,2.8451083e-21
8807988,K05572.01,287.06146,45.03043,1.0,0.9999875
8811490,K04811.01,288.85754,45.097691,1.0,0.99999905
8812045,K03481.01,289.09845,45.02309,1.0,1.0
8813698,K01268.01,289.88962,45.005669,0.0,5.799507e-07
8814872,K05574.01,290.30774,45.01141,0.0,0.0
8815279,K07094.01,290.45645,45.003231,1.0,0.99950194
8822421,K06188.01,293.24701,45.056461,0.0,0.0
8827575,K03052.01,295.09027,45.081181,1.0,0.99999464
8827930,K03801.01,295.20694,45.09819,0.0,0.0002807988
8836888,K02508.01,297.90738,45.03231,1.0,0.99999976
8838950,K02421.01,298.41931,45.071442,1.0,0.9996655
8838950,K02421.02,298.41931,45.071442,0.0,1.1189882e-05
8841297,K05577.01,299.07831,45.05481,0.0,5.6040285e-38
8845552,K07099.01,300.30533,45.093418,1.0,0.999998
8868481,K05578.01,284.31519,45.132259,0.0,3.82827e-20
8872048,K02323.01,286.07202,45.136711,1.0,0.9484503
8873090,K02968.01,286.58014,45.163822,1.0,1.0
8873873,K08174.01,286.94946,45.142139,0.0,4.4818543e-13
8874090,K01404.02,287.05453,45.18037,1.0,0.99987257
8880317,K07915.01,289.92197,45.10392,0.0,8.6946065e-23
8881169,K07106.01,290.21255,45.134991,1.0,0.8640597
8888745,K05579.01,293.01563,45.16674,0.0,0.0010840796
8890417,K05580.01,293.61044,45.160938,0.0,6.452015e-15
8890924,K04269.02,293.79684,45.160728,0.0,1.3311194e-06
8892157,K02224.02,294.18927,45.151581,0.0,4.0435907e-08
8894646,K02641.01,294.99585,45.119579,1.0,0.999775
8905246,K03473.01,298.0759,45.18903,1.0,0.9999999
8915379,K05583.01,300.9559,45.11108,0.0,0.286612
8934103,K04009.02,283.3457,45.27446,0.0,9.589606e-10
8937555,K05585.01,285.09998,45.23811,0.0,8.2213e-10
8946267,K05588.01,289.3334,45.242641,0.0,0.0
8949925,K02972.01,290.73447,45.297791,1.0,0.9999292
8949925,K02972.02,290.73447,45.297791,1.0,0.9999987
8951215,K00924.01,291.20804,45.244389,1.0,1.0
8953278,K07111.01,291.92896,45.231838,0.0,2.3703678e-05
8958811,K07116.01,293.96545,45.273571,1.0,0.9974788
8958939,K07117.01,294.00787,45.232689,1.0,0.9999726
8958939,K07117.02,294.00787,45.232689,1.0,0.99999547
8959240,K05591.01,294.09128,45.21767,0.0,2.5687955e-33
8971044,K05592.01,297.48312,45.291142,0.0,0.0
8973285,K04782.01,297.9487,45.255039,0.0,7.0632177e-06
8973285,K04782.02,297.9487,45.255039,0.0,1.9299854e-08
9002538,K03196.01,283.35046,45.339111,1.0,0.9999839
9002538,K03196.02,283.35046,45.339111,1.0,0.9991154
9005321,K04848.01,284.76764,45.341228,0.0,3.8010576e-24
9006186,K02169.04,285.20749,45.38435,1.0,0.9999875
9007151,K04583.01,285.66843,45.374771,0.0,0.0
9008103,K03283.02,286.08908,45.369011,1.0,0.99999774
9008103,K03283.03,286.08908,45.369011,0.0,2.481298e-10
9008220,K00466.01,286.15198,45.332561,1.0,0.66412944
9011877,K05597.01,287.82678,45.331322,0.0,0.09468899
9011955,K08279.01,287.86737,45.321289,0.0,2.7171961e-15
9012244,K05598.01,287.99823,45.396439,0.0,1.6503123e-38
9015738,K01616.02,289.50635,45.370998,1.0,0.99998343
9017682,K01630.01,290.25964,45.388409,1.0,0.9999957
9018021,K05600.01,290.39032,45.389992,0.0,0.009619427
9019191,K02604.01,290.82437,45.355019,1.0,0.9999993
9020114,K03088.02,291.16437,45.318291,1.0,0.99962604
9025739,K07125.01,293.20148,45.354691,1.0,0.76408917
9026007,K05602.01,293.29337,45.342541,0.0,0.0
9026248,K05603.01,293.37994,45.31385,0.0,1.1786331e-12
9026749,K02564.02,293.57394,45.384541,1.0,0.9998927
9031703,K04520.01,295.21426,45.324509,1.0,0.99997723
9043947,K07920.01,298.25204,45.396641,0.0,3.7470555e-19
9044060,K05604.01,298.28308,45.373589,0.0,3.435056e-15
9047416,K05605.01,299.19171,45.34354,1.0,0.9999974
9072639,K04198.01,283.85291,45.48526,0.0,3.5240462e-36
9073549,K05608.01,284.32489,45.482319,1.0,0.97150147
9079671,K05609.01,287.76385,45.482159,0.0,0.0
9079767,K05610.01,287.81815,45.404732,0.0,1.1877421e-15
9084569,K07923.01,290.19992,45.419998,0.0,0.0017370813
9084778,K01631.01,290.28094,45.46426,0.0,1.02786364e-13
9085039,K07129.01,290.38025,45.445419,1.0,0.9998958
9086154,K04060.01,290.83389,45.43565,0.0,7.280639e-26
9087580,K07924.01,291.37222,45.468102,0.0,7.929443e-10
9087853,K05612.01,291.46518,45.47007,0.0,0.0
9088780,K02640.01,291.80984,45.435478,0.0,9.0605356e-33
9093086,K06191.01,293.40323,45.493809,0.0,0.47748286
9093086,K06191.02,293.40323,45.493809,1.0,0.8139603
9097470,K05613.01,294.82776,45.469952,0.0,1.9183214e-32
9099607,K07925.01,295.50128,45.433979,0.0,0.34235087
9099773,K07133.01,295.55292,45.473431,1.0,0.9997105
9100484,K01399.01,295.76083,45.45739,1.0,0.99999845
9100953,K04500.03,295.90503,45.40543,1.0,0.9999764
9109857,K02833.01,298.21527,45.406891,0.0,0.005691123
9110610,K04839.01,298.40958,45.461639,1.0,0.9999994
9111849,K02042.01,298.75018,45.4664,1.0,0.9999999
9114614,K05616.01,299.56708,45.47356,0.0,0.0
9116510,K05618.01,300.08292,45.411072,0.0,2.6451126e-16
9117416,K03425.03,300.31619,45.49538,1.0,0.99999917
9119458,K00525.01,300.90778,45.45787,1.0,0.99999857
9140402,K00928.01,284.75943,45.599129,1.0,0.99988794
9142714,K07928.01,286.04276,45.511211,0.0,7.7014484e-08
9145861,K06194.01,287.84042,45.599751,0.0,0.002409781
9147012,K05625.01,288.42819,45.566269,1.0,0.99999917
9147029,K05626.01,288.43582,45.519852,0.0,5.6358065e-12
9149789,K02874.01,289.85889,45.503841,0.0,0.0
9150870,K07136.01,290.30801,45.598412,0.0,0.0
9153823,K06195.01,291.48495,45.54567,0.0,1.6028853e-19
9157030,K05628.01,292.81415,45.546501,0.0,0.000105292165
9157523,K05629.01,293.01486,45.577831,0.0,2.8158076e-19
9159288,K08280.01,293.68979,45.549332,0.0,4.745715e-05
9166700,K05632.01,296.33813,45.545109,0.0,4.6261727e-17
9173014,K05633.01,298.11365,45.563419,0.0,0.00017641904
9178894,K05635.01,299.74387,45.586361,0.0,1.2858617e-23
9202151,K01393.01,283.55554,45.614262,1.0,0.9999287
9202434,K04253.01,283.72552,45.676849,0.0,2.3327899e-05
9203154,K07144.01,284.12521,45.628052,0.0,1.0503389e-10
9209981,K05638.01,288.01117,45.68716,0.0,5.938327e-23
9210738,K05639.01,288.40182,45.677029,0.0,0.0039341818
9210820,K07930.01,288.43912,45.68721,0.0,1.9761128e-17
9214176,K05640.01,290.15314,45.635471,0.0,1.6238951e-19
9214713,K00422.01,290.38983,45.665329,0.0,6.8654793e-09
9217583,K05642.01,291.57455,45.618389,0.0,3.8430924e-17
9220614,K05643.01,292.79358,45.687859,0.0,0.0
9221517,K02281.02,293.1311,45.663551,0.0,0.0
9221528,K03355.01,293.13409,45.626869,1.0,0.9999896
9221627,K07148.01,293.17194,45.677391,1.0,0.9998474
9224514,K05644.01,294.26019,45.69408,0.0,0.0
9227215,K07931.01,295.22937,45.624889,0.0,1.1608365e-37
9229807,K05645.01,296.12985,45.681862,0.0,2.749219e-19
9230021,K03429.01,296.19614,45.634331,1.0,0.99860436
9230021,K03429.04,296.19614,45.634331,1.0,0.9999604
9267996,K03431.01,285.22256,45.70874,1.0,0.9999994
9268159,K08180.01,285.32791,45.753738,0.0,6.966462e-23
9274092,K05649.01,288.78986,45.727459,0.0,0.0
9278216,K04710.01,290.7377,45.725368,1.0,0.9999981
9278575,K07932.01,290.89395,45.71664,0.0,1.496689e-11
9282853,K05651.01,292.64258,45.732342,1.0,0.9999999
9283156,K02657.01,292.76175,45.727242,1.0,0.9998902
9286088,K04318.01,293.93832,45.719021,1.0,1.0
9288237,K03114.01,294.71677,45.781269,1.0,0.9998592
9289704,K02222.01,295.24734,45.757401,1.0,0.99999905
9292100,K05652.01,296.05667,45.76976,0.0,6.604427e-11
9300066,K05653.01,298.3862,45.764229,0.0,6.1189864e-27
9301564,K07157.01,298.80557,45.759998,0.0,0.0011922395
9304976,K05654.01,299.81772,45.709164,1.0,0.99998
9330740,K05656.01,286.12247,45.84251,0.0,4.1844388e-16
9334027,K05657.01,288.02945,45.800098,0.0,6.4936117e-37
9334893,K02298.01,288.45605,45.80212,1.0,0.9999914
9334893,K02298.03,288.45605,45.80212,0.0,4.3179703e-06
9340411,K07162.01,291.0527,45.835129,0.0,2.0315399e-07
9345933,K03264.01,293.25903,45.837448,1.0,0.99984956
9347899,K00935.04,294.02301,45.853081,0.0,1.3576063e-06
9349757,K03348.02,294.69406,45.86684,1.0,0.8021864
9363944,K05660.01,299.03528,45.869289,0.0,0.0
9389245,K06202.01,284.14114,45.944641,0.0,2.8981178e-06
9390228,K07934.01,284.67227,45.97382,1.0,0.99999535
9391817,K05663.01,285.60675,45.990318,0.0,3.163943e-19
9394953,K05665.01,287.3548,45.948662,0.0,5.272495e-10
9397862,K05666.01,289.02255,45.926022,0.0,1.5189684e-23
9397900,K07169.01,289.04196,45.977081,0.0,0.00015703567
9411166,K01922.02,294.61365,45.984619,1.0,0.99988496
9413156,K04700.01,295.36145,45.914841,0.0,0.12415352
9413156,K04700.02,295.36145,45.914841,0.0,9.980985e-11
9414417,K00974.01,295.80267,45.988079,1.0,0.9999999
9417931,K05671.01,296.97369,45.995209,0.0,1.4419278e-13
9418619,K06068.01,297.18176,45.988441,0.0,6.3390575e-25
9419020,K04808.01,297.2905,45.955029,0.0,0.0002539767
9425139,K01411.01,298.99509,45.909512,1.0,0.8381973
9427402,K01397.01,299.6777,45.972328,1.0,0.99999976
9452897,K03391.01,285.84387,46.015911,0.0,3.8704192e-07
9456281,K04207.01,287.80502,46.00116,0.0,8.5002546e-05
9456887,K05677.01,288.13684,46.03838,1.0,0.99999964
9457728,K04637.01,288.59967,46.031712,0.0,2.3146358e-05
9457948,K04694.01,288.70859,46.018188,1.0,0.9999988
9458266,K07174.01,288.87769,46.059139,1.0,0.99968684
9459162,K04818.01,289.3483,46.05468,0.0,0.00021170803
9466486,K05680.01,292.50098,46.037479,0.0,0.0
9468848,K08183.01,293.43494,46.03944,1.0,0.9986889
9469494,K07938.01,293.68533,46.095737,0.0,2.5922882e-35
9472328,K05681.01,294.69092,46.06662,0.0,4.5748435e-35
9472341,K05682.01,294.69489,46.077,0.0,7.036456e-15
9474756,K03495.01,295.55374,46.02911,0.0,0.12807252
9474756,K03495.02,295.55374,46.02911,0.0,0.03386776
9475697,K05684.01,295.87292,46.014462,0.0,2.3735443e-17
9478990,K00423.02,296.96027,46.034302,0.0,4.1874373e-12
9479306,K04906.01,297.05664,46.08353,1.0,0.99994934
9480398,K07179.01,297.37427,46.054806,0.0,0.0
9481235,K05685.01,297.59805,46.04377,0.0,9.577678e-06
9489524,K02029.04,299.89651,46.051971,0.0,0.002691951
9490342,K07180.01,300.13855,46.061691,0.0,0.0
9491832,K04226.01,300.56241,46.037819,1.0,0.9993814
9509343,K04346.01,282.76062,46.177841,1.0,0.99998295
9512981,K01466.01,284.84988,46.13895,0.0,1.2846699e-05
9513168,K07182.01,284.95761,46.14381,0.0,0.19443594
9514372,K04242.01,285.66006,46.143471,0.0,5.4264035e-07
9521317,K07940.01,289.67508,46.131882,0.0,1.7602457e-27
9532603,K05688.01,294.35034,46.14957,1.0,0.99999845
9532710,K02364.01,294.3847,46.157841,1.0,1.0
9534832,K05689.01,295.18097,46.179401,1.0,0.80547833
9536108,K03472.01,295.63855,46.132549,1.0,0.99999344
9536727,K05690.01,295.85934,46.117008,0.0,6.566114e-20
9541295,K03132.01,297.32971,46.136089,0.0,6.716518e-08
9551430,K04030.02,300.18863,46.185768,0.0,1.0591191e-28
9552608,K00080.01,300.53757,46.10434,0.0,8.275716e-11
9571186,K03313.01,283.04764,46.265331,1.0,0.9999267
9574158,K02512.01,284.71988,46.25079,1.0,0.9999999
9574179,K02637.01,284.72894,46.206478,1.0,0.9911114
9574614,K01745.01,284.9671,46.27626,0.0,2.8753047e-10
9575728,K05692.01,285.63629,46.247269,1.0,0.90694004
9579208,K03165.01,287.6376,46.204411,0.0,0.0046166014
9579606,K05694.01,287.86899,46.26936,0.0,9.9165125e-17
9579641,K00115.03,287.88733,46.276241,0.0,5.149989e-06
9580167,K02548.01,288.18198,46.246181,0.0,1.9716077e-05
9580992,K02217.01,288.64252,46.21566,1.0,0.99963963
9581589,K04877.01,288.97183,46.265202,0.0,0.0060494207
9588822,K04388.02,292.13428,46.202419,0.0,0.006577958
9588862,K07195.01,292.15543,46.204529,1.0,0.9987477
9592621,K08286.01,293.6839,46.265541,0.0,5.583728e-10
9596064,K07197.01,294.95062,46.242149,1.0,0.9992409
9596820,K05698.01,295.22586,46.22015,0.0,3.5204708e-17
9596892,K07199.01,295.25565,46.2164,0.0,1.0595044e-05
9602613,K02612.02,297.14883,46.296951,1.0,0.9073638
9604563,K07949.01,297.69662,46.264679,0.0,1.3232519e-10
9605514,K00945.03,297.9516,46.264721,0.0,8.022229e-22
9605552,K03102.01,297.96048,46.227921,1.0,0.99974793
9634821,K02037.02,284.34274,46.316551,1.0,0.99998796
9634821,K02037.03,284.34274,46.316551,0.0,0.074726544
9635520,K07205.01,284.69968,46.375092,0.0,2.6969503e-16
9639106,K07208.01,286.85812,46.311729,0.0,1.9115599e-12
9640123,K07209.01,287.51071,46.38995,1.0,0.99895054
9640649,K07951.01,287.81287,46.340569,1.0,0.8405043
9642018,K04430.01,288.59683,46.326038,0.0,0.06606431
9650579,K07953.01,292.41211,46.36388,0.0,6.797841e-14
9650762,K07954.01,292.48166,46.371479,0.0,1.078344e-19
9651602,K07215.01,292.82965,46.365768,1.0,0.79145074
9654875,K02272.01,294.15366,46.309681,0.0,1.6446364e-13
9655711,K06209.01,294.444,46.335972,1.0,0.9999372
9655711,K06209.02,294.444,46.335972,1.0,0.99994016
9658089,K07220.01,295.35825,46.343929,0.0,3.422735e-06
9659022,K05702.01,295.69479,46.319328,0.0,2.8366034e-38
9664276,K03460.01,297.37912,46.367069,1.0,0.9999995
9674320,K07223.01,300.34525,46.339882,0.0,9.991856e-22
9674789,K05704.01,300.47403,46.332039,0.0,5.9503713e-10
9693803,K07224.01,283.11642,46.442699,1.0,0.9999368
9697131,K02706.01,285.07767,46.419601,0.0,2.1163909e-07
9700449,K04120.01,287.03952,46.481701,1.0,0.99999225
9702945,K04822.01,288.50702,46.406712,0.0,0.00010961707
9703198,K00469.01,288.63785,46.421471,1.0,0.98664606
9712350,K02613.01,292.70343,46.415871,1.0,0.99999964
9716028,K04273.01,294.20984,46.479969,1.0,0.99999964
9723746,K05707.01,296.94031,46.494099,0.0,1.6454876e-24
9726452,K07226.01,297.72226,46.47583,1.0,0.9999831
9727765,K06210.01,298.06549,46.436298,0.0,5.739993e-05
9758032,K03137.01,285.20944,46.540909,1.0,0.8148918
9772531,K00950.01,292.65704,46.537338,0.0,2.0373475e-10
9773270,K04636.01,292.98517,46.506569,1.0,0.9877395
9773980,K04691.01,293.28015,46.560089,1.0,0.9996574
9775385,K04462.01,293.85294,46.590809,0.0,8.8838076e-24
9776794,K04363.01,294.36514,46.501759,0.0,0.37705344
9776907,K05712.01,294.40469,46.56572,0.0,4.1667354e-19
9782748,K04856.01,296.52145,46.540539,0.0,1.1498134e-05
9790965,K07231.02,298.91162,46.586578,1.0,0.9999993
9811915,K07232.01,281.22937,46.681862,0.0,8.355949e-08
9815053,K02923.01,283.39825,46.689789,1.0,0.9999981
9821428,K07235.01,287.02615,46.686291,0.0,3.9958212e-10
9828127,K04192.02,290.58612,46.642689,1.0,0.99999964
9832379,K05715.01,292.38818,46.615101,0.0,0.0
9834731,K03043.01,293.43079,46.692089,0.0,0.00085788046
9834731,K03043.02,293.43079,46.692089,0.0,7.3509614e-07
9836563,K04421.01,294.12488,46.67289,0.0,7.873225e-05
9836563,K04421.02,294.12488,46.67289,1.0,0.99997115
9837013,K07236.01,294.29364,46.629501,0.0,0.00096059666
9837828,K04670.01,294.58066,46.610592,1.0,0.99972624
9838582,K05718.01,294.87628,46.607254,0.0,3.0367218e-08
9838804,K03028.02,294.96246,46.676289,0.0,5.341602e-26
9839030,K05719.01,295.05518,46.66975,1.0,0.9999969
9843517,K03480.01,296.65256,46.618809,1.0,0.9999938
9845909,K03354.01,297.37747,46.661652,1.0,0.9999913
9846348,K00716.01,297.49216,46.694519,0.0,1.1669774e-07
9851638,K05725.01,298.9433,46.679771,0.0,3.0330844e-18
9872283,K01815.02,281.45718,46.746471,1.0,0.9982639
9872292,K01537.01,281.46173,46.789894,1.0,0.9998023
9873004,K07970.01,282.03058,46.750809,1.0,0.99617034
9881660,K05727.01,287.36737,46.76865,0.0,4.834548e-10
9883311,K01872.01,288.31332,46.771431,1.0,0.9788195
9883606,K04383.02,288.46909,46.78368,1.0,0.7962311
9886361,K02732.04,289.92145,46.74456,1.0,0.9999962
9893468,K04575.01,292.93643,46.753021,0.0,6.817029e-14
9896018,K02579.03,293.98871,46.718021,1.0,0.9999161
9899345,K07973.01,295.20798,46.786221,0.0,9.875704e-14
9904006,K02135.02,296.80344,46.74115,0.0,3.0665598e-07
9906688,K07976.01,297.58023,46.719952,0.0,5.950355e-09
9909965,K07252.01,298.54852,46.756641,1.0,0.9879112
9910043,K05732.01,298.5697,46.753971,0.0,0.00018459425
9932197,K07255.01,280.99176,46.88937,0.0,6.439828e-11
9932970,K01587.01,281.61887,46.814201,1.0,0.9774754
9935642,K04885.01,283.45764,46.819538,1.0,0.9997433
9935983,K05736.01,283.67346,46.82272,1.0,0.9999943
9936080,K04431.01,283.72427,46.879112,0.0,0.0072219893
9938836,K07978.01,285.30768,46.829803,1.0,0.98712265
9941136,K05737.01,286.63068,46.843369,0.0,0.0
9942658,K05740.01,287.57361,46.822159,1.0,0.9999939
9943009,K07258.01,287.76895,46.83194,1.0,0.9999293
9944201,K07259.01,288.49091,46.804989,0.0,0.0
9947389,K04460.01,290.14725,46.802872,0.0,2.654159e-30
9947653,K04647.01,290.25931,46.885109,1.0,0.99999833
9947653,K04647.02,290.25931,46.885109,1.0,0.9998752
9953491,K05741.01,292.75555,46.81184,0.0,7.4831647e-29
9955262,K00076.01,293.54199,46.82214,1.0,0.99999297
9958387,K02677.01,294.75769,46.83112,1.0,0.9994342
9958962,K00593.04,294.98914,46.838329,0.0,0.0
9959093,K07264.01,295.04248,46.863991,1.0,0.9999988
9959492,K03051.01,295.19968,46.832321,1.0,0.99999905
9962595,K05745.01,296.32794,46.83963,0.0,2.1462913e-06
9966219,K03401.01,297.47839,46.81575,0.0,0.012794561
9966219,K03401.02,297.47839,46.81575,0.0,3.1856587e-13
9967009,K03462.01,297.70197,46.823318,1.0,0.9999796
9967009,K03462.02,297.70197,46.823318,1.0,0.9999938
9968924,K05747.01,298.27487,46.837372,0.0,4.85473e-36
9969287,K04820.01,298.38007,46.8894,0.0,2.0406309e-10
9973109,K02018.02,299.526,46.899261,1.0,0.9999478
9974142,K06214.02,299.87131,46.822491,0.0,4.0129355e-31
9993683,K05748.01,282.50021,46.918571,1.0,0.99984133
9994381,K05749.01,282.93451,46.994869,0.0,1.8107481e-19
9995771,K03470.01,283.79782,46.931,1.0,0.99999905
