id,kepler_name,kepid,predicted_2022,class_2022,class_2025,probability
candidate_1,K04902.01,10000162,0.0,CANDIDATE,CANDIDATE,6.1102594e-12
candidate_2,K07270.01,10002049,1.0,CANDIDATE,CANDIDATE,0.9999989
candidate_3,K04519.01,10003058,0.0,CANDIDATE,CANDIDATE,1.0348725e-15
candidate_4,K01940.01,10005788,1.0,CANDIDATE,CONFIRMED,1.0
candidate_5,K01940.02,10005788,1.0,CANDIDATE,CANDIDATE,1.0
candidate_6,K05755.01,10007916,0.0,CANDIDATE,CANDIDATE,0.0
candidate_7,K07982.01,10011213,0.0,CANDIDATE,CANDIDATE,1.239308e-36
candidate_8,K00426.01,10016874,1.0,CANDIDATE,CANDIDATE,1.0
candidate_9,K07272.01,10019854,0.0,CANDIDATE,CANDIDATE,0.006186966
candidate_10,K02312.01,10026544,0.0,CANDIDATE,CANDIDATE,1.18846995e-26
candidate_11,K05758.01,10027861,0.0,CANDIDATE,CANDIDATE,5.781008e-32
candidate_12,K08193.01,10028127,0.0,CANDIDATE,CANDIDATE,0.0
candidate_13,K01574.01,10028792,1.0,CANDIDATE,CONFIRMED,1.0
candidate_14,K01574.02,10028792,0.0,CANDIDATE,CONFIRMED,7.3125574e-07
candidate_15,K01574.03,10028792,0.0,CANDIDATE,CANDIDATE,3.9528248e-05
candidate_16,K01574.04,10028792,1.0,CANDIDATE,CANDIDATE,1.0
candidate_17,K07279.01,10053138,1.0,CANDIDATE,CANDIDATE,0.898021
candidate_18,K01608.01,10055126,1.0,CANDIDATE,CONFIRMED,0.99999607
candidate_19,K01608.02,10055126,1.0,CANDIDATE,CONFIRMED,1.0
candidate_20,K01608.03,10055126,0.0,CANDIDATE,CONFIRMED,1.8535588e-14
candidate_21,K05759.01,10064591,0.0,CANDIDATE,CANDIDATE,0.0
candidate_22,K04898.01,10065053,0.0,CANDIDATE,CANDIDATE,4.4503145e-21
candidate_23,K07281.01,10066755,0.0,CANDIDATE,CANDIDATE,5.7890777e-09
candidate_24,K07282.01,10070479,0.0,CANDIDATE,CANDIDATE,2.545934e-05
candidate_25,K02764.01,10073672,1.0,CANDIDATE,CANDIDATE,0.786048
candidate_26,K07607.01,10079420,0.0,CANDIDATE,CANDIDATE,2.0183817e-29
candidate_27,K05761.01,10083325,1.0,CANDIDATE,CANDIDATE,0.98978454
candidate_28,K07283.01,10089123,0.0,CANDIDATE,CANDIDATE,0.0
candidate_29,K04034.01,10089911,0.0,CANDIDATE,CONFIRMED,0.018507143
candidate_30,K04034.02,10089911,0.0,CANDIDATE,CANDIDATE,0.00067393645
candidate_31,K05762.01,10090854,1.0,CANDIDATE,CANDIDATE,0.99999833
candidate_32,K05764.01,10098540,0.0,CANDIDATE,CANDIDATE,0.0
candidate_33,K04755.01,10118266,1.0,CANDIDATE,CANDIDATE,0.9999865
candidate_34,K04451.01,10120548,1.0,CANDIDATE,CANDIDATE,0.9990858
candidate_35,K07986.01,10128825,0.0,CANDIDATE,CANDIDATE,4.524313e-09
candidate_36,K04545.01,10140122,0.0,CANDIDATE,CANDIDATE,0.0016552804
candidate_37,K04334.01,10140274,0.0,CANDIDATE,CANDIDATE,1.5027755e-06
candidate_38,K01082.01,10141900,1.0,CANDIDATE,CONFIRMED,1.0
candidate_39,K01082.02,10141900,1.0,CANDIDATE,CONFIRMED,0.99985313
candidate_40,K01082.03,10141900,1.0,CANDIDATE,CONFIRMED,1.0
candidate_41,K01082.04,10141900,1.0,CANDIDATE,CANDIDATE,1.0
candidate_42,K05769.01,10146103,0.0,CANDIDATE,CANDIDATE,0.009778348
candidate_43,K01081.01,10149023,1.0,CANDIDATE,CANDIDATE,0.99785835
candidate_44,K01773.01,10153011,0.0,CANDIDATE,CANDIDATE,0.0014504412
candidate_45,K03208.01,10155029,1.0,CANDIDATE,CANDIDATE,0.9992988
candidate_46,K07988.01,10155286,0.0,CANDIDATE,CANDIDATE,1.11799665e-35
candidate_47,K01083.01,10157458,1.0,CANDIDATE,CONFIRMED,0.99999166
candidate_48,K01083.02,10157458,0.0,CANDIDATE,CANDIDATE,3.1845957e-05
candidate_49,K01784.01,10158418,1.0,CANDIDATE,CANDIDATE,0.999967
candidate_50,K07990.01,10160922,0.0,CANDIDATE,CANDIDATE,4.7489196e-10
candidate_51,K07291.01,10163067,0.0,CANDIDATE,CANDIDATE,0.0033645215
candidate_52,K05772.01,10186761,1.0,CANDIDATE,CANDIDATE,0.9952592
candidate_53,K03007.01,10190075,1.0,CANDIDATE,CANDIDATE,0.9999819
candidate_54,K05775.01,10191449,0.0,CANDIDATE,CANDIDATE,4.7199146e-38
candidate_55,K07991.01,10198225,1.0,CANDIDATE,CANDIDATE,0.9804459
candidate_56,K06216.01,10198662,0.0,CANDIDATE,CANDIDATE,2.2148346e-18
candidate_57,K06216.02,10198662,0.0,CANDIDATE,CANDIDATE,0.0
candidate_58,K05776.01,10199984,0.0,CANDIDATE,CANDIDATE,2.4434754e-24
candidate_59,K06217.01,10200627,0.0,CANDIDATE,CANDIDATE,8.664883e-06
candidate_60,K07992.01,10214341,0.0,CANDIDATE,CANDIDATE,2.4912674e-09
candidate_61,K00728.01,10221013,1.0,CANDIDATE,CANDIDATE,0.99985445
candidate_62,K04768.01,10221505,0.0,CANDIDATE,CANDIDATE,0.23586692
candidate_63,K08201.01,10253977,0.0,CANDIDATE,CANDIDATE,0.0
candidate_64,K04557.01,10257229,1.0,CANDIDATE,CANDIDATE,0.99995124
candidate_65,K07621.01,1025986,0.0,CANDIDATE,CANDIDATE,0.0
candidate_66,K07301.01,10264293,1.0,CANDIDATE,CANDIDATE,0.999966
candidate_67,K02689.01,10265602,1.0,CANDIDATE,CANDIDATE,0.9996197
candidate_68,K00732.01,10265898,1.0,CANDIDATE,CONFIRMED,0.9999999
candidate_69,K00732.02,10265898,1.0,CANDIDATE,CANDIDATE,0.9996495
candidate_70,K00732.03,10265898,0.0,CANDIDATE,CONFIRMED,1.0755274e-06
candidate_71,K00734.01,10272442,1.0,CANDIDATE,CONFIRMED,0.9999999
candidate_72,K00734.02,10272442,0.0,CANDIDATE,CANDIDATE,0.0014026408
candidate_73,K05782.01,10272858,0.0,CANDIDATE,CANDIDATE,1.3584578e-11
candidate_74,K03913.01,10281221,0.0,CANDIDATE,CANDIDATE,1.5301877e-05
candidate_75,K00331.01,10285631,1.0,CANDIDATE,CONFIRMED,0.99999976
candidate_76,K00331.02,10285631,1.0,CANDIDATE,CANDIDATE,1.0
candidate_77,K00735.01,10287242,0.0,CANDIDATE,CANDIDATE,9.169707e-15
candidate_78,K01174.01,10287723,0.0,CANDIDATE,CANDIDATE,4.3640434e-06
candidate_79,K07305.01,10290021,0.0,CANDIDATE,CANDIDATE,3.0490933e-14
candidate_80,K00332.01,10290666,1.0,CANDIDATE,CONFIRMED,1.0
candidate_81,K00332.02,10290666,1.0,CANDIDATE,CANDIDATE,0.97603345
candidate_82,K04754.01,10291589,1.0,CANDIDATE,CANDIDATE,0.99998
candidate_83,K01154.01,10295951,0.0,CANDIDATE,CANDIDATE,6.9802985e-16
candidate_84,K01169.01,10319385,0.0,CANDIDATE,CANDIDATE,0.0
candidate_85,K05785.01,10319834,0.0,CANDIDATE,CANDIDATE,2.28356e-08
candidate_86,K07998.01,10321972,0.0,CANDIDATE,CANDIDATE,7.3505424e-16
candidate_87,K08000.01,10331279,0.0,CANDIDATE,CANDIDATE,3.6913174e-05
candidate_88,K02401.01,10336951,0.0,CANDIDATE,CANDIDATE,3.7124963e-05
candidate_89,K05787.01,10339000,0.0,CANDIDATE,CANDIDATE,1.4772482e-07
candidate_90,K08205.01,10351947,0.0,CANDIDATE,CANDIDATE,5.3285976e-34
candidate_91,K03991.01,10352333,1.0,CANDIDATE,CANDIDATE,0.9999753
candidate_92,K03224.01,10384298,0.0,CANDIDATE,CANDIDATE,1.7888208e-08
candidate_93,K05789.01,10387792,0.0,CANDIDATE,CANDIDATE,9.350088e-35
candidate_94,K07319.01,10388451,0.0,CANDIDATE,CANDIDATE,0.004826791
candidate_95,K05790.01,10394802,0.0,CANDIDATE,CANDIDATE,4.348839e-28
candidate_96,K00531.01,10395543,1.0,CANDIDATE,CANDIDATE,0.99989927
candidate_97,K07320.01,10396708,1.0,CANDIDATE,CANDIDATE,0.99999964
candidate_98,K02859.01,10397751,1.0,CANDIDATE,CONFIRMED,0.99999666
candidate_99,K02859.02,10397751,0.0,CANDIDATE,CONFIRMED,2.4432002e-05
candidate_100,K02859.03,10397751,1.0,CANDIDATE,CANDIDATE,0.99999666
candidate_101,K02859.04,10397751,1.0,CANDIDATE,CANDIDATE,0.9960451
candidate_102,K02859.05,10397751,1.0,CANDIDATE,CANDIDATE,0.99975353
candidate_103,K08007.01,10403228,1.0,CANDIDATE,CANDIDATE,0.99621934
candidate_104,K04568.01,10407086,0.0,CANDIDATE,FALSE POSITIVE,4.3249388e-16
candidate_105,K04568.02,10407086,0.0,CANDIDATE,CANDIDATE,3.192807e-22
candidate_106,K08011.01,10407191,0.0,CANDIDATE,CANDIDATE,1.8709819e-32
candidate_107,K07327.01,10450504,1.0,CANDIDATE,CANDIDATE,0.9999988
candidate_108,K08012.01,10452252,0.0,CANDIDATE,CANDIDATE,1.3462308e-16
candidate_109,K05794.01,10453009,0.0,CANDIDATE,CANDIDATE,6.0219143e-12
candidate_110,K05795.01,10459749,0.0,CANDIDATE,CANDIDATE,1.3204139e-10
candidate_111,K01168.01,10460629,0.0,CANDIDATE,CANDIDATE,1.5104139e-27
candidate_112,K07330.01,10464199,0.0,CANDIDATE,CANDIDATE,0.0
candidate_113,K04480.01,10467714,0.0,CANDIDATE,CANDIDATE,3.221553e-10
candidate_114,K05796.01,10470779,0.0,CANDIDATE,CANDIDATE,0.0
candidate_115,K02554.01,10471621,0.0,CANDIDATE,CANDIDATE,5.1011925e-06
candidate_116,K02554.02,10471621,1.0,CANDIDATE,CANDIDATE,0.9999999
candidate_117,K05798.01,10487228,0.0,CANDIDATE,CANDIDATE,0.0
candidate_118,K08211.01,10515564,0.0,CANDIDATE,CANDIDATE,7.769765e-08
candidate_119,K05799.01,10519727,0.0,CANDIDATE,CANDIDATE,6.3018266e-37
candidate_120,K05800.01,10525077,1.0,CANDIDATE,CANDIDATE,0.85607463
candidate_121,K04345.01,10534155,0.0,CANDIDATE,CANDIDATE,0.0514632
candidate_122,K08026.01,10536241,1.0,CANDIDATE,CANDIDATE,0.9705983
candidate_123,K00337.01,10545066,1.0,CANDIDATE,CONFIRMED,0.99992406
candidate_124,K00337.02,10545066,0.0,CANDIDATE,CANDIDATE,2.7640955e-15
candidate_125,K07339.01,10546063,0.0,CANDIDATE,CANDIDATE,7.895507e-06
candidate_126,K04826.01,10549902,0.0,CANDIDATE,CANDIDATE,2.1145173e-05
candidate_127,K05805.01,10552151,0.0,CANDIDATE,CANDIDATE,1.5896853e-06
candidate_128,K05806.01,10552263,0.0,CANDIDATE,CANDIDATE,0.0
candidate_129,K05807.01,10554421,0.0,CANDIDATE,CANDIDATE,0.0
candidate_130,K05810.01,10581308,0.0,CANDIDATE,CANDIDATE,0.0
candidate_131,K04833.01,10584140,0.0,CANDIDATE,CANDIDATE,0.00013527494
candidate_132,K04563.01,10585749,1.0,CANDIDATE,CANDIDATE,0.5116092
candidate_133,K07345.01,10586619,0.0,CANDIDATE,CANDIDATE,3.4076566e-31
candidate_134,K04892.01,10586744,1.0,CANDIDATE,CANDIDATE,0.9764262
candidate_135,K02958.01,10597693,1.0,CANDIDATE,CANDIDATE,0.89950234
candidate_136,K05812.01,10601163,0.0,CANDIDATE,CANDIDATE,5.8296534e-11
candidate_137,K00210.01,10602291,1.0,CANDIDATE,CANDIDATE,0.9999939
candidate_138,K02797.01,10604521,0.0,CANDIDATE,CANDIDATE,4.042901e-09
candidate_139,K04577.01,10610039,0.0,CANDIDATE,CANDIDATE,9.696918e-19
candidate_140,K04577.02,10610039,0.0,CANDIDATE,CANDIDATE,0.0003530508
candidate_141,K05815.01,10618044,0.0,CANDIDATE,CANDIDATE,1.0346043e-15
candidate_142,K04366.01,10647452,0.0,CANDIDATE,CANDIDATE,2.9163898e-24
candidate_143,K00211.01,10656508,1.0,CANDIDATE,CANDIDATE,0.9801778
candidate_144,K05816.01,10656842,0.0,CANDIDATE,CANDIDATE,2.5576807e-10
candidate_145,K05817.01,10658177,0.0,CANDIDATE,CANDIDATE,2.175686e-13
candidate_146,K07354.01,10659624,0.0,CANDIDATE,CANDIDATE,4.132571e-08
candidate_147,K04698.01,10663738,0.0,CANDIDATE,CANDIDATE,0.0006428317
candidate_148,K05819.01,10663976,0.0,CANDIDATE,CANDIDATE,0.0
candidate_149,K07358.01,10665228,0.0,CANDIDATE,CANDIDATE,0.0023608012
candidate_150,K07359.01,10665749,1.0,CANDIDATE,CANDIDATE,0.9999988
candidate_151,K02068.01,10674871,0.0,CANDIDATE,CANDIDATE,1.222995e-26
candidate_152,K04804.01,10676750,1.0,CANDIDATE,CANDIDATE,0.9999647
candidate_153,K05821.01,10678912,0.0,CANDIDATE,CANDIDATE,3.601902e-31
candidate_154,K07361.01,10680424,0.0,CANDIDATE,CANDIDATE,9.926532e-15
candidate_155,K05822.01,10685764,1.0,CANDIDATE,CANDIDATE,0.9999348
candidate_156,K00430.01,10717241,1.0,CANDIDATE,CONFIRMED,0.9999726
candidate_157,K00430.02,10717241,0.0,CANDIDATE,CANDIDATE,4.6260816e-06
candidate_158,K00600.01,10718726,1.0,CANDIDATE,CONFIRMED,1.0
candidate_159,K00600.02,10718726,0.0,CANDIDATE,CANDIDATE,0.0
candidate_160,K02327.01,10730703,1.0,CANDIDATE,CONFIRMED,0.99999785
candidate_161,K02327.02,10730703,0.0,CANDIDATE,CANDIDATE,0.0041988515
candidate_162,K07368.01,10736489,0.0,CANDIDATE,CONFIRMED,5.0628906e-17
candidate_163,K05825.01,10737437,0.0,CANDIDATE,CANDIDATE,0.0
candidate_164,K04405.01,10745365,1.0,CANDIDATE,CANDIDATE,0.99417686
candidate_165,K05826.01,10747162,0.0,CANDIDATE,CANDIDATE,6.3045527e-13
candidate_166,K04891.01,10747501,1.0,CANDIDATE,CANDIDATE,0.99999964
candidate_167,K03086.01,10749059,1.0,CANDIDATE,CANDIDATE,0.9999999
candidate_168,K07370.01,10751908,1.0,CANDIDATE,CANDIDATE,0.99417585
candidate_169,K08031.01,10790401,0.0,CANDIDATE,CANDIDATE,5.867467e-23
candidate_170,K02871.01,10793172,0.0,CANDIDATE,CONFIRMED,2.2065935e-05
candidate_171,K02871.02,10793172,0.0,CANDIDATE,CONFIRMED,0.0018685206
candidate_172,K02871.03,10793172,0.0,CANDIDATE,CANDIDATE,2.7468739e-06
candidate_173,K02871.04,10793172,1.0,CANDIDATE,CANDIDATE,1.0
candidate_174,K03451.01,10793576,1.0,CANDIDATE,CANDIDATE,1.0
candidate_175,K01316.01,10794087,1.0,CANDIDATE,CONFIRMED,0.8360441
candidate_176,K01316.02,10794087,0.0,CANDIDATE,CANDIDATE,1.0793008e-14
candidate_177,K04235.01,10794974,0.0,CANDIDATE,CANDIDATE,2.8431665e-11
candidate_178,K02373.01,10798331,1.0,CANDIDATE,CANDIDATE,0.9999794
candidate_179,K05829.01,10802364,0.0,CANDIDATE,CANDIDATE,0.0
candidate_180,K05830.01,10809888,0.0,CANDIDATE,CANDIDATE,3.209994e-15
candidate_181,K04801.01,10810859,0.0,CANDIDATE,CANDIDATE,0.017514545
candidate_182,K00753.01,10811496,1.0,CANDIDATE,CANDIDATE,0.9999999
candidate_183,K07375.01,10812541,0.0,CANDIDATE,CANDIDATE,0.049565144
candidate_184,K05831.01,10813078,1.0,CANDIDATE,CANDIDATE,0.86604774
candidate_185,K07376.01,10815677,0.0,CANDIDATE,CANDIDATE,3.9302884e-15
candidate_186,K07378.01,10843431,1.0,CANDIDATE,CONFIRMED,0.99999964
candidate_187,K07378.02,10843431,0.0,CANDIDATE,CANDIDATE,1.8066817e-07
candidate_188,K08033.01,10844823,0.0,CANDIDATE,CANDIDATE,0.0
candidate_189,K01946.01,10844890,1.0,CANDIDATE,CANDIDATE,1.0
candidate_190,K07380.01,10848097,0.0,CANDIDATE,CANDIDATE,1.5648862e-05
candidate_191,K05833.01,10850327,0.0,CANDIDATE,CANDIDATE,0.0
candidate_192,K05834.01,10855545,1.0,CANDIDATE,CANDIDATE,0.9113248
candidate_193,K05835.01,10858504,0.0,CANDIDATE,CANDIDATE,0.0
candidate_194,K08035.01,10862759,1.0,CANDIDATE,CANDIDATE,0.91084534
candidate_195,K05836.01,10865043,0.0,CANDIDATE,CANDIDATE,0.0
candidate_196,K07383.01,10866969,1.0,CANDIDATE,CANDIDATE,1.0
candidate_197,K01303.01,10867062,1.0,CANDIDATE,CANDIDATE,1.0
candidate_198,K04597.01,10873178,0.0,CANDIDATE,CANDIDATE,0.23227198
candidate_199,K04149.01,10875007,0.0,CANDIDATE,CANDIDATE,0.0010918173
candidate_200,K04149.02,10875007,1.0,CANDIDATE,CANDIDATE,0.9999995
candidate_201,K05837.01,10878117,0.0,CANDIDATE,CANDIDATE,0.0
candidate_202,K05839.01,10879899,0.0,CANDIDATE,CANDIDATE,0.0
candidate_203,K02957.01,10904004,0.0,CANDIDATE,CANDIDATE,0.09560314
candidate_204,K04503.01,10907132,0.0,CANDIDATE,CANDIDATE,0.0003797604
candidate_205,K08217.01,10907307,0.0,CANDIDATE,CANDIDATE,2.139583e-20
candidate_206,K02623.01,10916600,1.0,CANDIDATE,CONFIRMED,0.9752467
candidate_207,K02623.02,10916600,1.0,CANDIDATE,CANDIDATE,0.99949455
candidate_208,K02770.01,10917043,0.0,CANDIDATE,CANDIDATE,7.6009507e-28
candidate_209,K03248.01,10917433,1.0,CANDIDATE,CANDIDATE,0.9996101
candidate_210,K01963.01,10917681,1.0,CANDIDATE,CANDIDATE,0.9999999
candidate_211,K08037.01,10920281,1.0,CANDIDATE,CANDIDATE,0.9997538
candidate_212,K01315.01,10928043,1.0,CANDIDATE,CANDIDATE,1.0
candidate_213,K07389.01,10932270,0.0,CANDIDATE,CANDIDATE,4.865652e-32
candidate_214,K05842.01,10933306,0.0,CANDIDATE,CANDIDATE,6.497578e-08
candidate_215,K03367.01,10935993,1.0,CANDIDATE,CANDIDATE,0.9798614
candidate_216,K04499.01,10937749,0.0,CANDIDATE,CANDIDATE,8.46299e-05
candidate_217,K01310.01,10964440,1.0,CANDIDATE,CONFIRMED,1.0
candidate_218,K01310.02,10964440,1.0,CANDIDATE,CANDIDATE,0.9999409
candidate_219,K05845.01,10967168,1.0,CANDIDATE,CANDIDATE,0.9904606
candidate_220,K05846.01,10977671,0.0,CANDIDATE,CANDIDATE,4.4367003e-09
candidate_221,K05847.01,10978581,0.0,CANDIDATE,CANDIDATE,9.253441e-34
candidate_222,K05848.01,10979952,0.0,CANDIDATE,CANDIDATE,0.0
candidate_223,K05849.01,10989620,1.0,CANDIDATE,CANDIDATE,0.99649745
candidate_224,K04374.01,10991114,1.0,CANDIDATE,CANDIDATE,0.9997812
candidate_225,K05850.01,10991389,0.0,CANDIDATE,CANDIDATE,0.0
candidate_226,K05851.01,10991431,0.0,CANDIDATE,CANDIDATE,2.0369967e-29
candidate_227,K00972.01,11013201,1.0,CANDIDATE,CANDIDATE,0.99999964
candidate_228,K00972.02,11013201,1.0,CANDIDATE,CANDIDATE,0.9997757
candidate_229,K07400.01,11019739,1.0,CANDIDATE,CANDIDATE,0.99999964
candidate_230,K05852.01,11021266,0.0,CANDIDATE,CANDIDATE,0.0
candidate_231,K05853.01,11021676,0.0,CANDIDATE,CANDIDATE,3.2271767e-17
candidate_232,K01420.01,11026304,1.0,CANDIDATE,CANDIDATE,0.9999999
candidate_233,K05854.01,11026582,0.0,CANDIDATE,CANDIDATE,5.4555926e-16
candidate_234,K02248.01,11030475,1.0,CANDIDATE,CONFIRMED,1.0
candidate_235,K02248.02,11030475,1.0,CANDIDATE,CANDIDATE,0.50702953
candidate_236,K02248.03,11030475,0.0,CANDIDATE,CANDIDATE,0.0023726146
candidate_237,K02248.04,11030475,1.0,CANDIDATE,CANDIDATE,0.99998975
candidate_238,K08039.01,11032748,1.0,CANDIDATE,CANDIDATE,0.9999949
candidate_239,K05855.01,11036168,0.0,CANDIDATE,CANDIDATE,6.4028093e-24
candidate_240,K05857.01,11046723,0.0,CANDIDATE,CANDIDATE,0.0
candidate_241,K07404.01,11068630,1.0,CANDIDATE,CANDIDATE,0.9999976
candidate_242,K05859.01,11069681,0.0,CANDIDATE,CANDIDATE,0.0
candidate_243,K02696.01,11071200,1.0,CANDIDATE,CANDIDATE,1.0
candidate_244,K02696.02,11071200,1.0,CANDIDATE,CANDIDATE,1.0
candidate_245,K04852.01,11072016,1.0,CANDIDATE,CANDIDATE,0.99999166
candidate_246,K05860.01,11072982,0.0,CANDIDATE,CANDIDATE,4.891773e-26
candidate_247,K02206.01,11073656,0.0,CANDIDATE,CANDIDATE,0.014340329
candidate_248,K02533.01,11074835,0.0,CANDIDATE,CONFIRMED,1.9260547e-08
candidate_249,K02533.02,11074835,0.0,CANDIDATE,FALSE POSITIVE,4.759013e-09
candidate_250,K02533.03,11074835,1.0,CANDIDATE,CANDIDATE,0.99999523
candidate_251,K01431.01,11075279,0.0,CANDIDATE,CANDIDATE,1.29393735e-11
candidate_252,K02759.01,11076400,0.0,CANDIDATE,CANDIDATE,0.06632174
candidate_253,K05863.01,11080702,1.0,CANDIDATE,CANDIDATE,0.9993311
candidate_254,K04287.01,11081504,1.0,CANDIDATE,CANDIDATE,0.9999875
candidate_255,K04287.02,11081504,0.0,CANDIDATE,CANDIDATE,9.57645e-06
candidate_256,K05864.01,11082795,0.0,CANDIDATE,CANDIDATE,7.0557205e-15
candidate_257,K05866.01,11090926,0.0,CANDIDATE,CANDIDATE,0.0
candidate_258,K07408.01,11092783,0.0,CANDIDATE,CANDIDATE,0.09652565
candidate_259,K05867.01,11097752,0.0,CANDIDATE,CANDIDATE,0.0
candidate_260,K02712.01,11098013,0.0,CANDIDATE,CANDIDATE,2.7638972e-08
candidate_261,K05868.01,11098704,1.0,CANDIDATE,CANDIDATE,0.9964844
candidate_262,K05869.01,11100170,0.0,CANDIDATE,CANDIDATE,1.2385908e-13
candidate_263,K04442.01,11124436,1.0,CANDIDATE,CANDIDATE,1.0
candidate_264,K05870.01,11129145,0.0,CANDIDATE,CANDIDATE,9.107962e-28
candidate_265,K01427.01,11129738,1.0,CANDIDATE,CONFIRMED,0.9958831
candidate_266,K01427.02,11129738,1.0,CANDIDATE,CANDIDATE,0.6829856
candidate_267,K04896.01,11135694,1.0,CANDIDATE,CANDIDATE,0.9836481
candidate_268,K04896.02,11135694,1.0,CANDIDATE,CANDIDATE,0.99994683
candidate_269,K00760.01,11138155,1.0,CANDIDATE,CONFIRMED,0.99390256
candidate_270,K08043.01,11139682,1.0,CANDIDATE,CANDIDATE,0.9936957
candidate_271,K05871.01,11145391,0.0,CANDIDATE,CANDIDATE,0.0
candidate_272,K05872.01,11145637,0.0,CANDIDATE,CANDIDATE,1.2188511e-19
candidate_273,K05873.01,11147785,0.0,CANDIDATE,CANDIDATE,1.1909248e-19
candidate_274,K05874.01,11152511,0.0,CANDIDATE,CANDIDATE,0.0
candidate_275,K01647.01,11153121,1.0,CANDIDATE,CONFIRMED,1.0
candidate_276,K01647.02,11153121,1.0,CANDIDATE,CONFIRMED,1.0
candidate_277,K01647.03,11153121,0.0,CANDIDATE,CANDIDATE,0.0038948893
candidate_278,K04601.01,11153476,1.0,CANDIDATE,CANDIDATE,0.9999995
candidate_279,K05875.01,11176166,1.0,CANDIDATE,CONFIRMED,1.0
candidate_280,K05875.02,11176166,1.0,CANDIDATE,CANDIDATE,0.51712704
candidate_281,K00971.01,11180361,0.0,CANDIDATE,CANDIDATE,5.8246326e-19
candidate_282,K04653.01,11181260,1.0,CANDIDATE,CANDIDATE,0.9999908
candidate_283,K05876.01,11182213,0.0,CANDIDATE,CANDIDATE,4.688614e-06
candidate_284,K07415.01,11182260,0.0,CANDIDATE,CANDIDATE,3.080201e-08
candidate_285,K08046.01,11182706,0.0,CANDIDATE,CANDIDATE,3.737169e-09
candidate_286,K05877.01,11183752,0.0,CANDIDATE,CANDIDATE,0.0
candidate_287,K07416.01,11187972,0.0,CANDIDATE,CANDIDATE,0.0023673382
candidate_288,K05878.01,11191364,0.0,CANDIDATE,CANDIDATE,9.752909e-16
candidate_289,K02813.01,11197853,0.0,CANDIDATE,CANDIDATE,1.9842962e-13
candidate_290,K05879.01,11198419,0.0,CANDIDATE,CANDIDATE,2.3541981e-34
candidate_291,K07426.01,11241560,1.0,CANDIDATE,CANDIDATE,0.9999858
candidate_292,K07427.01,11244571,0.0,CANDIDATE,CANDIDATE,2.3903246e-08
candidate_293,K02796.01,11246161,0.0,CANDIDATE,CANDIDATE,0.0
candidate_294,K05881.01,11251991,0.0,CANDIDATE,CANDIDATE,1.2533232e-34
candidate_295,K07430.01,11282568,0.0,CANDIDATE,CANDIDATE,3.2934322e-11
candidate_296,K07432.01,11286311,0.0,CANDIDATE,CANDIDATE,1.2478424e-10
candidate_297,K07434.01,11288492,1.0,CANDIDATE,CANDIDATE,0.9999523
candidate_298,K07435.01,11288772,0.0,CANDIDATE,CANDIDATE,0.00023654418
candidate_299,K04716.01,11290515,1.0,CANDIDATE,CANDIDATE,0.98951715
candidate_300,K04716.02,11290515,1.0,CANDIDATE,CANDIDATE,0.9999994
candidate_301,K08047.01,11294822,0.0,CANDIDATE,CANDIDATE,8.8461056e-29
candidate_302,K04396.01,11296045,0.0,CANDIDATE,FALSE POSITIVE,0.0
candidate_303,K04396.02,11296045,0.0,CANDIDATE,FALSE POSITIVE,7.5700346e-31
candidate_304,K04396.03,11296045,0.0,CANDIDATE,FALSE POSITIVE,0.0
candidate_305,K04396.04,11296045,0.0,CANDIDATE,CANDIDATE,1.3692732e-17
candidate_306,K08048.01,11296205,0.0,CANDIDATE,CANDIDATE,3.414181e-24
candidate_307,K06237.01,11296437,0.0,CANDIDATE,FALSE POSITIVE,0.0
candidate_308,K06237.02,11296437,0.0,CANDIDATE,CANDIDATE,0.0
candidate_309,K07437.01,11296724,0.0,CANDIDATE,CANDIDATE,1.3062717e-13
candidate_310,K05882.01,11298442,0.0,CANDIDATE,CANDIDATE,3.7518792e-05
candidate_311,K05883.01,11305417,0.0,CANDIDATE,CANDIDATE,0.0
candidate_312,K01445.01,11336883,1.0,CANDIDATE,CONFIRMED,0.9999771
candidate_313,K01445.02,11336883,0.0,CANDIDATE,CANDIDATE,3.1079462e-26
candidate_314,K01445.03,11336883,0.0,CANDIDATE,CANDIDATE,6.4169586e-16
candidate_315,K04666.01,11337012,0.0,CANDIDATE,CANDIDATE,0.27595523
candidate_316,K04735.01,11338056,1.0,CANDIDATE,CANDIDATE,0.9897244
candidate_317,K08221.01,11338091,0.0,CANDIDATE,CANDIDATE,4.5349464e-24
candidate_318,K05885.01,11340218,0.0,CANDIDATE,CANDIDATE,5.299968e-37
candidate_319,K06238.01,11341164,0.0,CANDIDATE,CANDIDATE,0.0
candidate_320,K05886.01,11341266,0.0,CANDIDATE,CANDIDATE,0.0
candidate_321,K01421.01,11342550,1.0,CANDIDATE,CANDIDATE,0.9999486
candidate_322,K05888.01,11348610,0.0,CANDIDATE,CANDIDATE,0.0
candidate_323,K04509.01,11350118,1.0,CANDIDATE,CANDIDATE,0.999946
candidate_324,K08050.01,11350634,0.0,CANDIDATE,CANDIDATE,5.5582248e-21
candidate_325,K05889.01,11351454,0.0,CANDIDATE,CANDIDATE,1.2033664e-20
candidate_326,K05890.01,11355925,0.0,CANDIDATE,CANDIDATE,0.0
candidate_327,K04464.01,11357664,1.0,CANDIDATE,CANDIDATE,0.99999046
candidate_328,K08052.01,11358305,1.0,CANDIDATE,CANDIDATE,0.9724114
candidate_329,K02163.01,11358389,1.0,CANDIDATE,CONFIRMED,1.0
candidate_330,K02163.02,11358389,1.0,CANDIDATE,CONFIRMED,0.99999774
candidate_331,K02163.03,11358389,0.0,CANDIDATE,CANDIDATE,1.1409503e-12
candidate_332,K02422.01,11360805,1.0,CANDIDATE,CONFIRMED,1.0
candidate_333,K02422.02,11360805,0.0,CANDIDATE,CANDIDATE,0.0010870113
candidate_334,K02551.01,11361283,1.0,CANDIDATE,CANDIDATE,0.9999796
candidate_335,K05891.01,11391512,0.0,CANDIDATE,CANDIDATE,0.0
candidate_336,K02639.01,11391755,1.0,CANDIDATE,CANDIDATE,0.9999789
candidate_337,K02639.02,11391755,1.0,CANDIDATE,CANDIDATE,0.99998593
candidate_338,K08053.01,11392362,0.0,CANDIDATE,CANDIDATE,2.3710198e-05
candidate_339,K05892.01,11393248,0.0,CANDIDATE,CANDIDATE,1.0948002e-06
candidate_340,K05893.01,11393633,0.0,CANDIDATE,CANDIDATE,0.0
candidate_341,K00350.01,11395587,1.0,CANDIDATE,CANDIDATE,1.0
candidate_342,K04823.01,11401253,1.0,CANDIDATE,CANDIDATE,0.78928053
candidate_343,K06085.01,11404644,0.0,CANDIDATE,CANDIDATE,3.595599e-11
candidate_344,K05895.01,11407847,1.0,CANDIDATE,CANDIDATE,0.87617207
candidate_345,K07445.01,11411639,0.0,CANDIDATE,CANDIDATE,4.8996338e-11
candidate_346,K05896.01,11414368,0.0,CANDIDATE,CANDIDATE,7.058257e-38
candidate_347,K08054.01,11443757,1.0,CANDIDATE,CANDIDATE,0.6116308
candidate_348,K05897.01,11444772,0.0,CANDIDATE,CANDIDATE,1.2865726e-25
candidate_349,K05898.01,11444974,0.0,CANDIDATE,CANDIDATE,1.2924249e-20
candidate_350,K08223.01,11446424,1.0,CANDIDATE,CANDIDATE,0.99950325
candidate_351,K05899.01,11446961,0.0,CANDIDATE,CANDIDATE,9.2694364e-15
candidate_352,K01992.01,11450414,1.0,CANDIDATE,CONFIRMED,1.0
candidate_353,K01992.02,11450414,1.0,CANDIDATE,CONFIRMED,0.9999994
candidate_354,K01992.03,11450414,1.0,CANDIDATE,CONFIRMED,1.0
candidate_355,K08055.01,11453349,1.0,CANDIDATE,CANDIDATE,0.9999958
candidate_356,K05901.01,11456256,0.0,CANDIDATE,CANDIDATE,4.96354e-34
candidate_357,K05902.01,11457664,0.0,CANDIDATE,CANDIDATE,6.818969e-21
candidate_358,K02124.01,11462341,0.0,CANDIDATE,CANDIDATE,1.9715467e-23
candidate_359,K06239.01,11462969,0.0,CANDIDATE,CANDIDATE,0.0
candidate_360,K06239.02,11462969,0.0,CANDIDATE,CANDIDATE,0.0
candidate_361,K05903.01,11465658,0.0,CANDIDATE,CANDIDATE,2.313938e-29
candidate_362,K05905.01,11493378,0.0,CANDIDATE,CANDIDATE,2.829082e-06
candidate_363,K07449.01,11495989,0.0,CANDIDATE,CANDIDATE,0.0
candidate_364,K00970.01,11502218,0.0,CANDIDATE,CANDIDATE,9.2000755e-37
candidate_365,K04586.01,11506654,1.0,CANDIDATE,CANDIDATE,0.9985696
candidate_366,K05907.01,11513366,0.0,CANDIDATE,CANDIDATE,1.2775572e-28
candidate_367,K03104.01,11518201,1.0,CANDIDATE,CANDIDATE,0.97122556
candidate_368,K05909.01,11520114,1.0,CANDIDATE,CANDIDATE,0.97925377
candidate_369,K02226.01,11520459,1.0,CANDIDATE,CANDIDATE,0.9999999
candidate_370,K05910.01,11520465,0.0,CANDIDATE,CANDIDATE,2.5150404e-25
candidate_371,K03749.01,11547869,0.0,CANDIDATE,CANDIDATE,0.0015045659
candidate_372,K07455.01,11551652,0.0,CANDIDATE,CANDIDATE,7.680933e-05
candidate_373,K07617.01,11559304,0.0,CANDIDATE,CANDIDATE,8.86108e-09
candidate_374,K05911.01,11559493,0.0,CANDIDATE,CANDIDATE,0.0
candidate_375,K03013.01,11565544,1.0,CANDIDATE,CANDIDATE,0.9999654
candidate_376,K00353.01,11566064,1.0,CANDIDATE,CANDIDATE,0.9999999
candidate_377,K00353.02,11566064,0.0,CANDIDATE,CONFIRMED,6.558659e-13
candidate_378,K00353.03,11566064,0.0,CANDIDATE,CANDIDATE,4.1788026e-05
candidate_379,K01856.01,11570749,0.0,CANDIDATE,CANDIDATE,9.7974626e-05
candidate_380,K05912.01,11598638,0.0,CANDIDATE,CANDIDATE,0.0
candidate_381,K05913.01,11598894,0.0,CANDIDATE,CANDIDATE,2.7595391e-19
candidate_382,K05915.01,11599937,1.0,CANDIDATE,CANDIDATE,0.9999993
candidate_383,K05916.01,11600299,0.0,CANDIDATE,CANDIDATE,5.9839087e-15
candidate_384,K05917.01,11601425,1.0,CANDIDATE,CANDIDATE,0.9998211
candidate_385,K05918.01,11601633,0.0,CANDIDATE,CANDIDATE,6.5736024e-24
candidate_386,K05919.01,11601972,0.0,CANDIDATE,CANDIDATE,0.0
candidate_387,K07460.01,11602794,1.0,CANDIDATE,CANDIDATE,0.9988674
candidate_388,K05921.01,11614808,0.0,CANDIDATE,CANDIDATE,0.0
candidate_389,K05922.01,11615258,0.0,CANDIDATE,CANDIDATE,0.0
candidate_390,K05923.01,11615521,0.0,CANDIDATE,CANDIDATE,0.0
candidate_391,K05924.01,11616434,0.0,CANDIDATE,CANDIDATE,0.0
candidate_392,K04792.01,11618569,0.0,CANDIDATE,CANDIDATE,0.0026787
candidate_393,K03022.01,11618601,1.0,CANDIDATE,CONFIRMED,0.9966909
candidate_394,K03022.02,11618601,1.0,CANDIDATE,CONFIRMED,0.8737476
candidate_395,K02550.01,11622985,1.0,CANDIDATE,CANDIDATE,1.0
candidate_396,K00365.01,11623629,1.0,CANDIDATE,CONFIRMED,1.0
candidate_397,K00365.02,11623629,0.0,CANDIDATE,CANDIDATE,1.3994123e-23
candidate_398,K04921.01,1164301,0.0,CANDIDATE,CANDIDATE,1.0868653e-36
candidate_399,K07467.01,11650543,0.0,CANDIDATE,CANDIDATE,0.00015206246
candidate_400,K05925.01,11651240,0.0,CANDIDATE,CANDIDATE,8.287609e-15
candidate_401,K05926.01,11652427,1.0,CANDIDATE,CANDIDATE,0.7625728
candidate_402,K04643.01,11655826,1.0,CANDIDATE,CANDIDATE,0.9999999
candidate_403,K01945.01,11656918,1.0,CANDIDATE,CONFIRMED,1.0
candidate_404,K01945.02,11656918,0.0,CANDIDATE,CANDIDATE,1.5177464e-07
candidate_405,K06242.01,11656928,0.0,CANDIDATE,CANDIDATE,0.0
candidate_406,K06242.02,11656928,0.0,CANDIDATE,CANDIDATE,6.384999e-27
candidate_407,K06242.03,11656928,0.0,CANDIDATE,CANDIDATE,2.5275302e-26
candidate_408,K04771.01,11658036,0.0,CANDIDATE,CANDIDATE,0.0
candidate_409,K07470.01,11671646,0.0,CANDIDATE,CANDIDATE,0.0
candidate_410,K07471.01,11672354,0.0,CANDIDATE,CANDIDATE,1.4219064e-09
candidate_411,K05928.01,11674709,0.0,CANDIDATE,CANDIDATE,8.583646e-06
candidate_412,K01465.01,11702948,1.0,CANDIDATE,CANDIDATE,1.0
candidate_413,K02199.01,11705004,1.0,CANDIDATE,CONFIRMED,1.0
candidate_414,K02199.02,11705004,1.0,CANDIDATE,CANDIDATE,0.99999106
candidate_415,K08063.01,11714107,0.0,CANDIDATE,CANDIDATE,0.0
candidate_416,K05929.01,11716643,0.0,CANDIDATE,CANDIDATE,2.0081125e-23
candidate_417,K05930.01,11722217,0.0,CANDIDATE,CANDIDATE,1.0650872e-34
candidate_418,K00253.01,11752906,1.0,CANDIDATE,CONFIRMED,0.9999981
candidate_419,K00253.02,11752906,1.0,CANDIDATE,CONFIRMED,0.9999558
candidate_420,K04551.01,11769689,0.0,CANDIDATE,CANDIDATE,6.268998e-07
candidate_421,K05931.01,11773174,0.0,CANDIDATE,CANDIDATE,1.9912391e-38
candidate_422,K01906.01,11773328,1.0,CANDIDATE,CANDIDATE,0.9999999
candidate_423,K07479.01,11773625,0.0,CANDIDATE,CANDIDATE,3.1509007e-05
candidate_424,K06245.01,11775507,0.0,CANDIDATE,CANDIDATE,0.0
candidate_425,K06245.02,11775507,0.0,CANDIDATE,CANDIDATE,0.0
candidate_426,K06245.03,11775507,0.0,CANDIDATE,FALSE POSITIVE,1.2947476e-22
candidate_427,K05932.01,11803074,0.0,CANDIDATE,CANDIDATE,0.2066283
candidate_428,K04878.01,11804437,0.0,CANDIDATE,CANDIDATE,5.8313076e-27
candidate_429,K00436.01,11805075,0.0,CANDIDATE,CANDIDATE,1.833105e-13
candidate_430,K05933.01,11807906,0.0,CANDIDATE,CANDIDATE,1.519844e-19
candidate_431,K03344.01,11810124,1.0,CANDIDATE,CONFIRMED,0.99986184
candidate_432,K03344.02,11810124,0.0,CANDIDATE,CONFIRMED,0.0016427763
candidate_433,K03344.03,11810124,0.0,CANDIDATE,CANDIDATE,3.3643626e-06
candidate_434,K05934.01,11811382,1.0,CANDIDATE,CANDIDATE,0.9982254
candidate_435,K05935.01,11818566,0.0,CANDIDATE,CANDIDATE,0.0
candidate_436,K00777.01,11818800,0.0,CANDIDATE,CANDIDATE,2.5585025e-09
candidate_437,K05936.01,11819396,0.0,CANDIDATE,CANDIDATE,6.3058646e-24
candidate_438,K00437.01,11824222,1.0,CANDIDATE,CANDIDATE,0.99999964
candidate_439,K05937.01,11824578,0.0,CANDIDATE,CANDIDATE,0.0
candidate_440,K07483.01,11825996,0.0,CANDIDATE,CANDIDATE,3.52105e-05
candidate_441,K03263.01,11853130,1.0,CANDIDATE,CANDIDATE,0.9998047
candidate_442,K07484.01,11854636,0.0,CANDIDATE,CANDIDATE,2.495345e-11
candidate_443,K06246.01,11856178,1.0,CANDIDATE,CANDIDATE,0.99999964
candidate_444,K05938.01,11860294,0.0,CANDIDATE,CANDIDATE,6.356029e-35
candidate_445,K05939.01,11868941,0.0,CANDIDATE,CANDIDATE,0.0
candidate_446,K01510.01,11870545,0.0,CANDIDATE,CANDIDATE,0.0002930739
candidate_447,K08232.01,11872364,0.0,CANDIDATE,CANDIDATE,0.0
candidate_448,K07489.01,11904704,0.0,CANDIDATE,CANDIDATE,2.8195057e-12
candidate_449,K01764.01,11904734,1.0,CANDIDATE,CANDIDATE,0.9999281
candidate_450,K08068.01,11904835,0.0,CANDIDATE,CANDIDATE,0.00011456892
candidate_451,K05940.01,11905398,1.0,CANDIDATE,CANDIDATE,0.99995875
candidate_452,K03312.01,11905409,1.0,CANDIDATE,CANDIDATE,0.9850669
candidate_453,K05941.01,11910670,0.0,CANDIDATE,CANDIDATE,1.724759e-11
candidate_454,K05942.01,11911929,0.0,CANDIDATE,CANDIDATE,1.8173566e-32
candidate_455,K00780.01,11918099,1.0,CANDIDATE,CONFIRMED,1.0
candidate_456,K00780.02,11918099,1.0,CANDIDATE,CANDIDATE,0.9999999
candidate_457,K03408.01,11922778,1.0,CANDIDATE,CANDIDATE,0.99999964
candidate_458,K05943.01,11923213,0.0,CANDIDATE,CANDIDATE,1.7920473e-09
candidate_459,K05945.01,11959893,0.0,CANDIDATE,CANDIDATE,0.0
candidate_460,K05946.01,11966643,0.0,CANDIDATE,CANDIDATE,1.4815976e-25
candidate_461,K04021.01,11967788,1.0,CANDIDATE,CANDIDATE,0.9999697
candidate_462,K04021.02,11967788,1.0,CANDIDATE,CANDIDATE,0.99999166
candidate_463,K02433.01,11968463,1.0,CANDIDATE,CONFIRMED,0.9988452
candidate_464,K02433.02,11968463,1.0,CANDIDATE,CONFIRMED,0.99999404
candidate_465,K02433.03,11968463,1.0,CANDIDATE,CONFIRMED,1.0
candidate_466,K02433.04,11968463,1.0,CANDIDATE,CANDIDATE,0.9999988
candidate_467,K02433.05,11968463,0.0,CANDIDATE,FALSE POSITIVE,3.2954497e-16
candidate_468,K02433.06,11968463,1.0,CANDIDATE,CANDIDATE,0.9999019
candidate_469,K02433.07,11968463,0.0,CANDIDATE,CANDIDATE,0.030372232
candidate_470,K04893.01,11970050,1.0,CANDIDATE,CANDIDATE,0.9999976
candidate_471,K04129.01,11970988,0.0,CANDIDATE,CANDIDATE,2.287159e-06
candidate_472,K04862.01,11973517,0.0,CANDIDATE,CANDIDATE,0.030302456
candidate_473,K00129.01,11974540,0.0,CANDIDATE,CONFIRMED,8.262093e-05
candidate_474,K00129.02,11974540,0.0,CANDIDATE,CANDIDATE,0.0
candidate_475,K05948.01,12007270,0.0,CANDIDATE,CANDIDATE,0.0
candidate_476,K05949.01,12009917,0.0,CANDIDATE,CANDIDATE,0.0
candidate_477,K07506.01,12016243,1.0,CANDIDATE,CANDIDATE,0.9999851
candidate_478,K02590.01,12016267,1.0,CANDIDATE,FALSE POSITIVE,1.0
candidate_479,K02590.02,12016267,1.0,CANDIDATE,CANDIDATE,0.9997297
candidate_480,K05950.01,12020376,0.0,CANDIDATE,CANDIDATE,9.869326e-23
candidate_481,K02061.01,12061969,0.0,CANDIDATE,CONFIRMED,0.23178653
candidate_482,K02061.02,12061969,0.0,CANDIDATE,CONFIRMED,4.6610617e-06
candidate_483,K05951.01,12066767,0.0,CANDIDATE,CANDIDATE,0.0
candidate_484,K07510.01,12067960,1.0,CANDIDATE,CANDIDATE,0.99999845
candidate_485,K04914.01,12071754,0.0,CANDIDATE,CANDIDATE,3.3330988e-07
candidate_486,K05952.01,12071775,0.0,CANDIDATE,CANDIDATE,0.0
candidate_487,K03017.01,12072872,1.0,CANDIDATE,CANDIDATE,0.99981743
candidate_488,K05953.01,12102775,0.0,CANDIDATE,CANDIDATE,2.3004425e-19
candidate_489,K00141.01,12105051,1.0,CANDIDATE,CANDIDATE,0.9999944
candidate_490,K05954.01,12105086,0.0,CANDIDATE,CANDIDATE,3.188522e-26
candidate_491,K04457.01,12109267,0.0,CANDIDATE,CANDIDATE,8.9132494e-13
candidate_492,K05955.01,12110901,0.0,CANDIDATE,CANDIDATE,0.0
candidate_493,K00547.01,12116489,1.0,CANDIDATE,CONFIRMED,0.9999993
candidate_494,K00547.02,12116489,0.0,CANDIDATE,CANDIDATE,0.00010966845
candidate_495,K00547.03,12116489,1.0,CANDIDATE,CONFIRMED,0.8885701
candidate_496,K01458.01,12120943,1.0,CANDIDATE,CANDIDATE,0.9992742
candidate_497,K05956.01,12121701,0.0,CANDIDATE,CANDIDATE,1.4087388e-31
candidate_498,K02004.01,12154526,1.0,CANDIDATE,CONFIRMED,1.0
candidate_499,K02004.02,12154526,0.0,CANDIDATE,CONFIRMED,0.004941292
candidate_500,K02004.03,12154526,0.0,CANDIDATE,CANDIDATE,1.6791555e-06
candidate_501,K08076.01,12156930,0.0,CANDIDATE,CANDIDATE,1.2483116e-18
candidate_502,K08297.01,12168280,0.0,CANDIDATE,CANDIDATE,0.0
candidate_503,K05959.01,12168895,0.0,CANDIDATE,CANDIDATE,0.0
candidate_504,K03105.01,12168993,0.0,CANDIDATE,CANDIDATE,1.8323731e-11
candidate_505,K05960.01,12170767,0.0,CANDIDATE,CANDIDATE,3.0323216e-12
candidate_506,K04590.01,12204137,1.0,CANDIDATE,CANDIDATE,0.9997787
candidate_507,K02449.01,12208631,1.0,CANDIDATE,CANDIDATE,0.9999999
candidate_508,K02449.02,12208631,0.0,CANDIDATE,CANDIDATE,2.4826484e-05
candidate_509,K00621.01,12251650,1.0,CANDIDATE,CANDIDATE,0.9597202
candidate_510,K01947.01,12253474,1.0,CANDIDATE,CANDIDATE,1.0
candidate_511,K05961.01,12253490,0.0,CANDIDATE,CANDIDATE,0.37446615
candidate_512,K03310.01,12253769,0.0,CANDIDATE,CANDIDATE,0.15995102
candidate_513,K02384.01,12254688,0.0,CANDIDATE,CANDIDATE,0.006219945
candidate_514,K02264.01,12256520,1.0,CANDIDATE,CONFIRMED,0.99981254
candidate_515,K02264.02,12256520,1.0,CANDIDATE,CANDIDATE,0.999979
candidate_516,K02577.01,12257999,1.0,CANDIDATE,CANDIDATE,1.0
candidate_517,K04595.01,12265786,1.0,CANDIDATE,CANDIDATE,0.58996445
candidate_518,K08077.01,12266099,0.0,CANDIDATE,CANDIDATE,6.8961223e-23
candidate_519,K01522.01,12266636,1.0,CANDIDATE,CONFIRMED,1.0
candidate_520,K01522.02,12266636,0.0,CANDIDATE,CANDIDATE,0.00019881754
candidate_521,K05964.01,12300524,1.0,CANDIDATE,CANDIDATE,0.99999917
candidate_522,K02059.01,12301181,1.0,CANDIDATE,CONFIRMED,1.0
candidate_523,K02059.02,12301181,0.0,CANDIDATE,CANDIDATE,0.0020518391
candidate_524,K07520.01,12304728,0.0,CANDIDATE,CANDIDATE,1.1309171e-15
candidate_525,K08078.01,12307496,0.0,CANDIDATE,CANDIDATE,3.3493058e-07
candidate_526,K05965.01,12349560,1.0,CANDIDATE,CANDIDATE,1.0
candidate_527,K05966.01,12350136,0.0,CANDIDATE,CANDIDATE,0.0
candidate_528,K00787.01,12366084,1.0,CANDIDATE,CONFIRMED,1.0
candidate_529,K00787.02,12366084,1.0,CANDIDATE,CONFIRMED,1.0
candidate_530,K00787.03,12366084,0.0,CANDIDATE,CANDIDATE,0.0
candidate_531,K05967.01,12401859,0.0,CANDIDATE,CANDIDATE,2.349138e-21
candidate_532,K05968.01,12402588,0.0,CANDIDATE,CANDIDATE,0.0
candidate_533,K03091.01,12406807,1.0,CANDIDATE,CONFIRMED,0.9999982
candidate_534,K03091.02,12406807,0.0,CANDIDATE,CANDIDATE,0.04206526
candidate_535,K04895.01,12416597,1.0,CANDIDATE,CANDIDATE,1.0
candidate_536,K04895.02,12416597,0.0,CANDIDATE,CANDIDATE,4.029376e-16
candidate_537,K02933.01,12416987,1.0,CANDIDATE,CANDIDATE,0.71888816
candidate_538,K00622.01,12417486,1.0,CANDIDATE,CANDIDATE,0.99996424
candidate_539,K05971.01,12418418,0.0,CANDIDATE,CANDIDATE,0.0
candidate_540,K07534.01,12454800,1.0,CANDIDATE,CANDIDATE,0.5440469
candidate_541,K04329.01,12456063,1.0,CANDIDATE,CANDIDATE,0.9999999
candidate_542,K04605.01,12458605,0.0,CANDIDATE,CANDIDATE,9.0730315e-18
candidate_543,K07535.01,12458817,0.0,CANDIDATE,CANDIDATE,5.2318605e-10
candidate_544,K05972.01,12505590,0.0,CANDIDATE,CANDIDATE,0.0
candidate_545,K05973.01,12506986,0.0,CANDIDATE,CANDIDATE,0.0
candidate_546,K04264.01,12509829,0.0,CANDIDATE,CANDIDATE,1.6570758e-28
candidate_547,K07539.01,12519942,1.0,CANDIDATE,CANDIDATE,0.99999535
candidate_548,K05974.01,12554212,1.0,CANDIDATE,CANDIDATE,1.0
candidate_549,K08238.01,12554485,0.0,CANDIDATE,CANDIDATE,0.0
candidate_550,K04714.01,12554634,0.0,CANDIDATE,CANDIDATE,0.38200277
candidate_551,K07540.01,12555616,1.0,CANDIDATE,CANDIDATE,0.99999964
candidate_552,K00548.01,12600735,1.0,CANDIDATE,CONFIRMED,1.0
candidate_553,K00548.02,12600735,0.0,CANDIDATE,CANDIDATE,5.264301e-05
candidate_554,K02853.01,12602314,0.0,CANDIDATE,CANDIDATE,0.38420734
candidate_555,K08082.01,12602999,1.0,CANDIDATE,CANDIDATE,0.99976677
candidate_556,K04497.01,12645057,1.0,CANDIDATE,CANDIDATE,0.9999949
candidate_557,K04530.01,12647577,1.0,CANDIDATE,CANDIDATE,0.99986196
candidate_558,K08241.01,12647757,0.0,CANDIDATE,CANDIDATE,0.0
candidate_559,K05977.01,12690465,0.0,CANDIDATE,CANDIDATE,7.7675133e-28
candidate_560,K05978.01,12734110,0.0,CANDIDATE,CANDIDATE,0.0
candidate_561,K04303.01,12734396,0.0,CANDIDATE,CANDIDATE,4.2372852e-11
candidate_562,K05979.01,12735793,0.0,CANDIDATE,CANDIDATE,1.2898214e-13
candidate_563,K04245.01,12737015,1.0,CANDIDATE,CANDIDATE,0.9999987
candidate_564,K00298.01,12785320,1.0,CANDIDATE,CONFIRMED,1.0
candidate_565,K00298.02,12785320,1.0,CANDIDATE,CANDIDATE,1.0
candidate_566,K02184.01,12885212,1.0,CANDIDATE,FALSE POSITIVE,0.9986216
candidate_567,K02184.02,12885212,0.0,CANDIDATE,CANDIDATE,9.816364e-05
candidate_568,K06253.01,1293379,1.0,CANDIDATE,CANDIDATE,0.9889264
candidate_569,K04923.01,1429589,1.0,CANDIDATE,CANDIDATE,1.0
candidate_570,K00994.01,1431122,1.0,CANDIDATE,CANDIDATE,0.9999902
candidate_571,K00992.01,1432789,1.0,CANDIDATE,CONFIRMED,0.9999968
candidate_572,K00992.02,1432789,0.0,CANDIDATE,CANDIDATE,1.8972047e-06
candidate_573,K03145.01,1717722,1.0,CANDIDATE,CONFIRMED,0.94609094
candidate_574,K03145.02,1717722,0.0,CANDIDATE,CANDIDATE,3.600467e-20
candidate_575,K00993.01,1718189,1.0,CANDIDATE,CONFIRMED,0.99999964
candidate_576,K00993.02,1718189,1.0,CANDIDATE,CONFIRMED,1.0
candidate_577,K00993.03,1718189,1.0,CANDIDATE,CANDIDATE,0.99999726
candidate_578,K04644.01,1721157,0.0,CANDIDATE,CANDIDATE,3.5609403e-07
candidate_579,K07624.01,1723078,0.0,CANDIDATE,CANDIDATE,0.0
candidate_580,K04212.01,1724719,1.0,CANDIDATE,CONFIRMED,0.9999881
candidate_581,K04212.02,1724719,0.0,CANDIDATE,CANDIDATE,0.00029044983
candidate_582,K04926.01,1865864,0.0,CANDIDATE,CANDIDATE,0.0
candidate_583,K06256.01,1871483,1.0,CANDIDATE,CANDIDATE,0.99999046
candidate_584,K02534.01,1996180,1.0,CANDIDATE,CONFIRMED,0.9890176
candidate_585,K02534.02,1996180,1.0,CANDIDATE,CANDIDATE,0.99497765
candidate_586,K04931.01,2019199,0.0,CANDIDATE,CANDIDATE,0.0
candidate_587,K06093.01,2019477,1.0,CANDIDATE,CANDIDATE,0.99999225
candidate_588,K06093.02,2019477,0.0,CANDIDATE,CANDIDATE,0.07886328
candidate_589,K04932.01,2158460,0.0,CANDIDATE,CANDIDATE,5.0981924e-10
candidate_590,K06259.01,2161949,0.0,CANDIDATE,CANDIDATE,0.000110130946
candidate_591,K06259.02,2161949,0.0,CANDIDATE,CANDIDATE,1.20339555e-05
candidate_592,K01032.01,2162635,0.0,CANDIDATE,CANDIDATE,0.024328921
candidate_593,K06262.01,2283362,0.0,CANDIDATE,CANDIDATE,4.117779e-27
candidate_594,K08085.01,2284957,0.0,CANDIDATE,CANDIDATE,7.861969e-13
candidate_595,K07628.01,2299738,1.0,CANDIDATE,CANDIDATE,0.96757454
candidate_596,K06263.01,2301068,1.0,CANDIDATE,CANDIDATE,0.9999981
candidate_597,K07630.01,2302997,0.0,CANDIDATE,CANDIDATE,0.0023370031
candidate_598,K04709.01,2303903,1.0,CANDIDATE,CANDIDATE,0.9242714
candidate_599,K02610.01,2305866,0.0,CANDIDATE,CANDIDATE,0.16397008
candidate_600,K02610.02,2305866,1.0,CANDIDATE,CANDIDATE,0.9999975
candidate_601,K00151.01,2307199,0.0,CANDIDATE,CANDIDATE,4.08356e-06
candidate_602,K04938.01,2310993,1.0,CANDIDATE,CANDIDATE,1.0
candidate_603,K06267.01,2422820,1.0,CANDIDATE,CANDIDATE,0.9999988
candidate_604,K02603.01,2443393,1.0,CANDIDATE,CANDIDATE,0.99999964
candidate_605,K00379.01,2446113,1.0,CANDIDATE,FALSE POSITIVE,1.0
candidate_606,K00379.02,2446113,0.0,CANDIDATE,CANDIDATE,0.00014028618
candidate_607,K06274.01,2449245,0.0,CANDIDATE,CANDIDATE,3.4120847e-05
candidate_608,K02009.01,2449431,1.0,CANDIDATE,CANDIDATE,1.0
candidate_609,K04943.01,2555080,0.0,CANDIDATE,CANDIDATE,1.8551347e-09
candidate_610,K06276.01,2557350,0.0,CANDIDATE,CANDIDATE,1.04617e-07
candidate_611,K04655.01,2558163,0.0,CANDIDATE,CANDIDATE,0.0013607078
candidate_612,K04581.01,2572029,1.0,CANDIDATE,CANDIDATE,0.99999785
candidate_613,K04333.01,2576962,0.0,CANDIDATE,CANDIDATE,4.840139e-16
candidate_614,K07635.01,2577353,0.0,CANDIDATE,CANDIDATE,0.0009162978
candidate_615,K02064.01,2579043,1.0,CANDIDATE,CANDIDATE,1.0
candidate_616,K07636.01,2696205,0.0,CANDIDATE,CANDIDATE,8.314475e-07
candidate_617,K03077.01,2715695,0.0,CANDIDATE,CONFIRMED,0.0013746883
candidate_618,K03077.02,2715695,1.0,CANDIDATE,CANDIDATE,0.9999951
candidate_619,K03053.01,2716801,1.0,CANDIDATE,CONFIRMED,0.99999833
candidate_620,K03053.02,2716801,0.0,CANDIDATE,CANDIDATE,1.1715547e-07
candidate_621,K06291.01,2716979,1.0,CANDIDATE,CANDIDATE,0.9998692
candidate_622,K01942.01,2832589,1.0,CANDIDATE,CONFIRMED,1.0
candidate_623,K01942.02,2832589,1.0,CANDIDATE,CANDIDATE,0.99999976
candidate_624,K06293.01,2834463,0.0,CANDIDATE,CANDIDATE,6.313882e-05
candidate_625,K07638.01,2834805,0.0,CANDIDATE,CANDIDATE,8.938232e-07
candidate_626,K01110.01,2837111,1.0,CANDIDATE,CONFIRMED,1.0
candidate_627,K01110.02,2837111,1.0,CANDIDATE,CANDIDATE,0.9986811
candidate_628,K03416.01,2849140,0.0,CANDIDATE,CANDIDATE,3.182625e-06
candidate_629,K06097.01,2852810,0.0,CANDIDATE,CANDIDATE,0.0
candidate_630,K06097.02,2852810,0.0,CANDIDATE,CANDIDATE,2.569749e-24
candidate_631,K06097.03,2852810,0.0,CANDIDATE,CANDIDATE,0.0
candidate_632,K06097.04,2852810,0.0,CANDIDATE,CANDIDATE,0.0
candidate_633,K03259.01,2853029,0.0,CANDIDATE,CANDIDATE,0.00042967527
candidate_634,K01118.01,2853446,1.0,CANDIDATE,CANDIDATE,1.0
candidate_635,K02232.01,2854181,1.0,CANDIDATE,CONFIRMED,0.99999964
candidate_636,K02232.02,2854181,1.0,CANDIDATE,CANDIDATE,1.0
candidate_637,K04418.01,2859893,0.0,CANDIDATE,CANDIDATE,3.8600125e-14
candidate_638,K04857.01,2860656,0.0,CANDIDATE,CANDIDATE,0.00022647645
candidate_639,K01103.01,2860866,1.0,CANDIDATE,CANDIDATE,0.9999999
candidate_640,K04957.01,2861126,0.0,CANDIDATE,FALSE POSITIVE,9.698118e-36
candidate_641,K04957.02,2861126,1.0,CANDIDATE,CANDIDATE,1.0
candidate_642,K04958.01,2861298,0.0,CANDIDATE,CANDIDATE,0.0
candidate_643,K06299.01,2970670,0.0,CANDIDATE,CANDIDATE,3.492817e-06
candidate_644,K03034.01,2973386,1.0,CANDIDATE,CANDIDATE,0.9999702
candidate_645,K01788.01,2975770,0.0,CANDIDATE,CONFIRMED,7.3553533e-13
candidate_646,K01788.02,2975770,0.0,CANDIDATE,CANDIDATE,7.309844e-26
candidate_647,K04849.01,2976017,0.0,CANDIDATE,CANDIDATE,1.930677e-08
candidate_648,K07641.01,2984990,0.0,CANDIDATE,CANDIDATE,4.444326e-08
candidate_649,K02807.01,2985587,1.0,CANDIDATE,CANDIDATE,0.9999988
candidate_650,K04875.01,2986833,0.0,CANDIDATE,CANDIDATE,2.905043e-08
candidate_651,K04960.01,2992634,0.0,CANDIDATE,CANDIDATE,7.9450225e-29
candidate_652,K06301.01,2994092,1.0,CANDIDATE,CANDIDATE,0.99999094
candidate_653,K04389.01,2997459,0.0,CANDIDATE,CANDIDATE,6.67847e-05
candidate_654,K04961.01,3001955,0.0,CANDIDATE,CANDIDATE,0.0
candidate_655,K02380.01,3002478,1.0,CANDIDATE,CANDIDATE,0.9999995
candidate_656,K02186.01,3097926,1.0,CANDIDATE,CANDIDATE,1.0
candidate_657,K04844.01,3098605,0.0,CANDIDATE,CANDIDATE,1.3401106e-31
candidate_658,K04963.01,3101178,0.0,CANDIDATE,CANDIDATE,8.439846e-21
candidate_659,K03483.01,3101923,1.0,CANDIDATE,CANDIDATE,0.9999963
candidate_660,K04145.01,3103212,0.0,CANDIDATE,CANDIDATE,1.087686e-09
candidate_661,K04395.01,3103473,0.0,CANDIDATE,CANDIDATE,1.2946594e-05
candidate_662,K03225.01,3109550,0.0,CANDIDATE,CANDIDATE,0.00032247033
candidate_663,K07644.01,3110177,0.0,CANDIDATE,CANDIDATE,0.05078727
candidate_664,K04144.01,3112129,0.0,CANDIDATE,CANDIDATE,6.224484e-21
candidate_665,K00797.01,3115833,1.0,CANDIDATE,CANDIDATE,0.999721
candidate_666,K03203.01,3122872,0.0,CANDIDATE,CANDIDATE,1.0732419e-12
candidate_667,K02055.01,3128552,1.0,CANDIDATE,CONFIRMED,0.99999976
candidate_668,K02055.02,3128552,1.0,CANDIDATE,CONFIRMED,0.85373604
candidate_669,K02055.03,3128552,0.0,CANDIDATE,CONFIRMED,0.00030522665
candidate_670,K02055.04,3128552,1.0,CANDIDATE,CANDIDATE,0.9999939
candidate_671,K07645.01,3129238,0.0,CANDIDATE,CANDIDATE,2.391079e-28
candidate_672,K03395.01,3219037,1.0,CANDIDATE,CANDIDATE,0.99999845
candidate_673,K03395.02,3219037,1.0,CANDIDATE,CANDIDATE,0.9999957
candidate_674,K03072.01,3219643,1.0,CANDIDATE,CANDIDATE,0.99999905
candidate_675,K04548.01,3223433,1.0,CANDIDATE,CANDIDATE,1.0
candidate_676,K06100.01,3229028,0.0,CANDIDATE,FALSE POSITIVE,3.2844143e-13
candidate_677,K06100.02,3229028,0.0,CANDIDATE,CANDIDATE,4.5581893e-21
candidate_678,K02150.01,3229150,1.0,CANDIDATE,CONFIRMED,0.99918455
candidate_679,K02150.02,3229150,0.0,CANDIDATE,CANDIDATE,1.6806832e-20
candidate_680,K01096.01,3230491,0.0,CANDIDATE,CANDIDATE,0.0
candidate_681,K03068.01,3230805,0.0,CANDIDATE,CANDIDATE,0.0035796044
candidate_682,K03068.02,3230805,1.0,CANDIDATE,CANDIDATE,0.9999409
candidate_683,K07648.01,3232249,0.0,CANDIDATE,CANDIDATE,1.849725e-12
candidate_684,K03343.01,3236705,0.0,CANDIDATE,CANDIDATE,7.9880297e-10
candidate_685,K04967.01,3239171,1.0,CANDIDATE,CANDIDATE,0.99999976
candidate_686,K01106.01,3240158,1.0,CANDIDATE,CONFIRMED,0.9999999
candidate_687,K01106.02,3240158,0.0,CANDIDATE,CONFIRMED,0.0005856127
candidate_688,K01106.03,3240158,0.0,CANDIDATE,CANDIDATE,0.00463295
candidate_689,K04969.01,3242039,0.0,CANDIDATE,CANDIDATE,0.0
candidate_690,K01101.01,3245969,1.0,CANDIDATE,CONFIRMED,0.9999994
candidate_691,K01101.02,3245969,1.0,CANDIDATE,CANDIDATE,0.9999993
candidate_692,K06315.01,3246867,1.0,CANDIDATE,CANDIDATE,0.9999788
candidate_693,K02052.01,3248501,0.0,CANDIDATE,CANDIDATE,1.3283876e-09
candidate_694,K06318.01,3249334,1.0,CANDIDATE,CANDIDATE,0.9999999
candidate_695,K06320.01,3324069,0.0,CANDIDATE,CANDIDATE,0.0043584798
candidate_696,K01095.01,3329204,0.0,CANDIDATE,CANDIDATE,0.485937
candidate_697,K01845.01,3338885,1.0,CANDIDATE,CONFIRMED,0.9999999
candidate_698,K01845.02,3338885,1.0,CANDIDATE,CONFIRMED,0.9999999
candidate_699,K04972.01,3340165,1.0,CANDIDATE,CANDIDATE,1.0
candidate_700,K01772.01,3345675,0.0,CANDIDATE,CANDIDATE,0.0011987664
candidate_701,K06329.01,3346543,1.0,CANDIDATE,CANDIDATE,0.999998
candidate_702,K03448.01,3348216,1.0,CANDIDATE,CANDIDATE,0.9999926
candidate_703,K04975.01,3355104,0.0,CANDIDATE,CANDIDATE,0.00064856204
candidate_704,K04976.01,3356156,0.0,CANDIDATE,CANDIDATE,0.0
candidate_705,K06331.01,3356193,0.0,CANDIDATE,CANDIDATE,0.00035988356
candidate_706,K04977.01,3425363,0.0,CANDIDATE,CANDIDATE,7.093746e-05
candidate_707,K00268.01,3425851,1.0,CANDIDATE,CANDIDATE,0.9983115
candidate_708,K04978.01,3428127,0.0,CANDIDATE,CANDIDATE,0.0
candidate_709,K02288.01,3440978,1.0,CANDIDATE,CANDIDATE,1.0
candidate_710,K04981.01,3441795,0.0,CANDIDATE,CANDIDATE,8.677202e-35
candidate_711,K01198.01,3447722,1.0,CANDIDATE,CONFIRMED,1.0
candidate_712,K01198.02,3447722,1.0,CANDIDATE,CONFIRMED,1.0
candidate_713,K01198.03,3447722,1.0,CANDIDATE,CONFIRMED,0.99999905
candidate_714,K01198.04,3447722,0.0,CANDIDATE,CANDIDATE,1.1631686e-09
candidate_715,K04205.01,3450040,1.0,CANDIDATE,CANDIDATE,0.9999987
candidate_716,K00802.01,3453214,1.0,CANDIDATE,CANDIDATE,0.99999475
candidate_717,K03340.01,3529290,0.0,CANDIDATE,CANDIDATE,4.6410346e-06
candidate_718,K03340.02,3529290,1.0,CANDIDATE,CANDIDATE,0.9988838
candidate_719,K05987.01,3532985,0.0,CANDIDATE,CANDIDATE,2.6008256e-06
candidate_720,K01209.01,3534076,0.0,CANDIDATE,CANDIDATE,0.0
candidate_721,K04626.01,3539231,1.0,CANDIDATE,CANDIDATE,1.0
candidate_722,K04986.01,3540873,0.0,CANDIDATE,CANDIDATE,0.0
candidate_723,K00366.01,3545478,1.0,CANDIDATE,CANDIDATE,0.84344083
candidate_724,K06341.01,3545626,0.0,CANDIDATE,CANDIDATE,1.9898073e-08
candidate_725,K06102.01,3545840,0.0,CANDIDATE,CANDIDATE,0.0
candidate_726,K06342.01,3547178,0.0,CANDIDATE,CANDIDATE,0.0016473328
candidate_727,K04535.01,3547760,1.0,CANDIDATE,FALSE POSITIVE,0.9999994
candidate_728,K04535.02,3547760,0.0,CANDIDATE,CANDIDATE,1.3558e-06
candidate_729,K02194.01,3548044,1.0,CANDIDATE,CONFIRMED,0.9999999
candidate_730,K02194.02,3548044,1.0,CANDIDATE,CONFIRMED,0.9998981
candidate_731,K02194.03,3548044,0.0,CANDIDATE,CANDIDATE,0.0
candidate_732,K06343.01,3548622,0.0,CANDIDATE,CANDIDATE,2.2418822e-21
candidate_733,K04991.01,3548645,0.0,CANDIDATE,CANDIDATE,9.832871e-22
candidate_734,K04357.01,3550372,0.0,CANDIDATE,CANDIDATE,2.5681496e-07
candidate_735,K04992.01,3553900,1.0,CANDIDATE,CANDIDATE,0.9518401
candidate_736,K04456.01,3557560,1.0,CANDIDATE,CANDIDATE,0.91742367
candidate_737,K04307.01,3558849,0.0,CANDIDATE,CANDIDATE,4.7075627e-10
candidate_738,K03440.01,3559860,1.0,CANDIDATE,CONFIRMED,0.9999814
candidate_739,K03440.02,3559860,0.0,CANDIDATE,CANDIDATE,0.0010005361
candidate_740,K00492.01,3559935,0.0,CANDIDATE,CONFIRMED,0.00044019037
candidate_741,K00492.02,3559935,0.0,CANDIDATE,CANDIDATE,0.0
candidate_742,K03398.01,3561464,1.0,CANDIDATE,CONFIRMED,0.99998975
candidate_743,K03398.02,3561464,0.0,CANDIDATE,CONFIRMED,2.453009e-09
candidate_744,K03398.03,3561464,0.0,CANDIDATE,CANDIDATE,7.624124e-05
candidate_745,K08242.01,3629119,0.0,CANDIDATE,CANDIDATE,0.0
candidate_746,K06103.01,3634051,0.0,CANDIDATE,CONFIRMED,3.877837e-08
candidate_747,K06103.02,3634051,0.0,CANDIDATE,CANDIDATE,1.0674779e-07
candidate_748,K04385.01,3645438,1.0,CANDIDATE,CONFIRMED,0.9999988
candidate_749,K04385.02,3645438,0.0,CANDIDATE,CONFIRMED,7.8440036e-28
candidate_750,K04385.03,3645438,1.0,CANDIDATE,CANDIDATE,0.9999511
candidate_751,K04999.01,3646449,0.0,CANDIDATE,CANDIDATE,3.486487e-06
candidate_752,K05001.01,3647097,0.0,CANDIDATE,CANDIDATE,2.0509149e-06
candidate_753,K01861.01,3648437,1.0,CANDIDATE,CANDIDATE,0.9996604
candidate_754,K07662.01,3660581,1.0,CANDIDATE,CANDIDATE,0.9998554
candidate_755,K02750.01,3663173,0.0,CANDIDATE,CANDIDATE,0.20800258
candidate_756,K06352.01,3663494,0.0,CANDIDATE,CANDIDATE,0.0013348812
candidate_757,K08089.01,3663850,0.0,CANDIDATE,CANDIDATE,2.0451826e-17
candidate_758,K06353.01,3733638,0.0,CANDIDATE,CANDIDATE,4.8802616e-07
candidate_759,K02261.01,3734418,1.0,CANDIDATE,CONFIRMED,0.99050915
candidate_760,K02261.02,3734418,0.0,CANDIDATE,CANDIDATE,1.3053477e-06
candidate_761,K04103.01,3747817,0.0,CANDIDATE,CONFIRMED,0.0
candidate_762,K04103.02,3747817,0.0,CANDIDATE,CANDIDATE,0.030771846
candidate_763,K05003.01,3748239,0.0,CANDIDATE,CANDIDATE,1.070149e-15
candidate_764,K06355.01,3748855,0.0,CANDIDATE,CANDIDATE,8.5306317e-07
candidate_765,K06355.02,3748855,0.0,CANDIDATE,CANDIDATE,0.001387113
candidate_766,K05004.01,3751118,0.0,CANDIDATE,CANDIDATE,5.085418e-05
candidate_767,K03142.01,3752110,1.0,CANDIDATE,CANDIDATE,0.7433955
candidate_768,K01206.01,3756801,1.0,CANDIDATE,CANDIDATE,0.99999845
candidate_769,K05006.01,3757521,0.0,CANDIDATE,CANDIDATE,8.380262e-24
candidate_770,K05007.01,3758499,1.0,CANDIDATE,CANDIDATE,0.9999981
candidate_771,K05007.02,3758499,0.0,CANDIDATE,CANDIDATE,6.7363073e-14
candidate_772,K04853.01,3758922,1.0,CANDIDATE,CANDIDATE,0.9999999
candidate_773,K07668.01,3762750,0.0,CANDIDATE,CANDIDATE,0.0033904393
candidate_774,K02141.01,3764879,0.0,CANDIDATE,CANDIDATE,1.3491285e-05
candidate_775,K06358.01,3765692,1.0,CANDIDATE,CANDIDATE,0.8889735
candidate_776,K04526.01,3765917,1.0,CANDIDATE,CANDIDATE,0.99929965
candidate_777,K04526.02,3765917,1.0,CANDIDATE,CANDIDATE,0.99824274
candidate_778,K05009.01,3834728,0.0,CANDIDATE,CANDIDATE,1.5845734e-20
candidate_779,K07670.01,3848083,0.0,CANDIDATE,CANDIDATE,6.394844e-10
candidate_780,K03389.01,3848966,1.0,CANDIDATE,CANDIDATE,0.6952844
candidate_781,K04780.01,3849187,1.0,CANDIDATE,CANDIDATE,1.0
candidate_782,K07673.01,3852872,0.0,CANDIDATE,CANDIDATE,2.4170519e-24
candidate_783,K06368.01,3854496,1.0,CANDIDATE,CANDIDATE,0.9999976
candidate_784,K05021.01,3863877,0.0,CANDIDATE,CANDIDATE,0.0
candidate_785,K05022.01,3865815,0.0,CANDIDATE,CANDIDATE,0.0
candidate_786,K04685.01,3867794,0.0,CANDIDATE,CANDIDATE,0.0
candidate_787,K07676.01,3934657,0.0,CANDIDATE,CANDIDATE,5.472466e-10
candidate_788,K06372.01,3936061,0.0,CANDIDATE,CANDIDATE,2.6581438e-23
candidate_789,K04084.01,3937814,0.0,CANDIDATE,CONFIRMED,0.0
candidate_790,K04084.02,3937814,1.0,CANDIDATE,CANDIDATE,0.9999945
candidate_791,K04084.03,3937814,0.0,CANDIDATE,CANDIDATE,0.00019946088
candidate_792,K01193.01,3942446,0.0,CANDIDATE,CANDIDATE,0.00013004722
candidate_793,K05027.01,3955444,0.0,CANDIDATE,CANDIDATE,7.476842e-18
candidate_794,K01208.01,3962440,0.0,CANDIDATE,CANDIDATE,1.1472321e-13
candidate_795,K07546.01,3965201,0.0,CANDIDATE,CANDIDATE,0.0
candidate_796,K05030.01,3968809,0.0,CANDIDATE,CANDIDATE,0.0
candidate_797,K06375.01,3972432,0.0,CANDIDATE,CANDIDATE,4.214026e-06
candidate_798,K05033.01,3974928,0.0,CANDIDATE,CANDIDATE,0.0
candidate_799,K02519.01,4047631,1.0,CANDIDATE,CANDIDATE,1.0
candidate_800,K07678.01,4048898,1.0,CANDIDATE,CANDIDATE,0.99864227
candidate_801,K02295.01,4049901,1.0,CANDIDATE,CANDIDATE,0.999998
candidate_802,K07679.01,4054784,0.0,CANDIDATE,CANDIDATE,5.903867e-06
candidate_803,K00100.01,4055765,1.0,CANDIDATE,CANDIDATE,0.73758596
candidate_804,K04570.01,4060229,1.0,CANDIDATE,CANDIDATE,0.9999999
candidate_805,K05035.01,4063943,0.0,CANDIDATE,CANDIDATE,0.0
candidate_806,K05037.01,4071638,0.0,CANDIDATE,CANDIDATE,0.0
candidate_807,K07680.01,4072271,0.0,CANDIDATE,CANDIDATE,9.999225e-12
candidate_808,K03041.01,4072955,1.0,CANDIDATE,CANDIDATE,0.9999994
candidate_809,K07681.01,4073017,1.0,CANDIDATE,CANDIDATE,0.9999871
candidate_810,K01328.01,4074736,1.0,CANDIDATE,CANDIDATE,0.9999697
candidate_811,K03777.01,4075067,0.0,CANDIDATE,CANDIDATE,8.333287e-28
candidate_812,K06384.01,4076061,0.0,CANDIDATE,CANDIDATE,1.3433528e-23
candidate_813,K01336.01,4077526,1.0,CANDIDATE,CONFIRMED,1.0
candidate_814,K01336.02,4077526,1.0,CANDIDATE,CONFIRMED,0.9999994
candidate_815,K01336.03,4077526,1.0,CANDIDATE,CONFIRMED,1.0
candidate_816,K01336.04,4077526,0.0,CANDIDATE,CONFIRMED,1.4518225e-05
candidate_817,K01319.01,4078157,1.0,CANDIDATE,FALSE POSITIVE,0.61245495
candidate_818,K01319.02,4078157,0.0,CANDIDATE,CANDIDATE,1.1177467e-32
candidate_819,K05040.01,4135912,1.0,CANDIDATE,CANDIDATE,0.999936
candidate_820,K06108.01,4139254,0.0,CANDIDATE,CANDIDATE,1.6489597e-34
candidate_821,K07685.01,4141593,0.0,CANDIDATE,CANDIDATE,9.148067e-10
candidate_822,K07685.02,4141593,0.0,CANDIDATE,CANDIDATE,2.7898128e-14
candidate_823,K03880.01,4147444,0.0,CANDIDATE,CANDIDATE,0.00013839263
candidate_824,K05044.01,4150972,0.0,CANDIDATE,CANDIDATE,3.417276e-35
candidate_825,K01860.01,4157325,1.0,CANDIDATE,CONFIRMED,1.0
candidate_826,K01860.02,4157325,1.0,CANDIDATE,CONFIRMED,0.9999999
candidate_827,K01860.03,4157325,1.0,CANDIDATE,CONFIRMED,0.9909587
candidate_828,K01860.04,4157325,1.0,CANDIDATE,CANDIDATE,0.9999999
candidate_829,K05046.01,4164511,0.0,CANDIDATE,CANDIDATE,0.0
candidate_830,K03864.01,4164922,0.0,CANDIDATE,CONFIRMED,1.4599376e-10
candidate_831,K03864.02,4164922,1.0,CANDIDATE,CANDIDATE,0.9999999
candidate_832,K02386.01,4172013,1.0,CANDIDATE,CANDIDATE,0.9999999
candidate_833,K02531.01,4172746,1.0,CANDIDATE,CANDIDATE,0.9999999
candidate_834,K04427.01,4172805,0.0,CANDIDATE,CANDIDATE,1.7287198e-37
candidate_835,K02172.01,4173026,1.0,CANDIDATE,CONFIRMED,1.0
candidate_836,K02172.02,4173026,0.0,CANDIDATE,CONFIRMED,0.0
candidate_837,K00185.01,4178389,0.0,CANDIDATE,CANDIDATE,6.8786776e-06
candidate_838,K05048.01,4241238,0.0,CANDIDATE,CANDIDATE,7.814889e-37
candidate_839,K01934.01,4242147,1.0,CANDIDATE,CANDIDATE,0.99999845
candidate_840,K02821.01,4249611,0.0,CANDIDATE,CANDIDATE,3.2458047e-30
candidate_841,K00396.01,4252322,1.0,CANDIDATE,CANDIDATE,0.9999989
candidate_842,K07687.01,4252671,1.0,CANDIDATE,CANDIDATE,0.9999994
candidate_843,K06111.01,4255944,0.0,CANDIDATE,CANDIDATE,0.0
candidate_844,K03202.01,4262040,1.0,CANDIDATE,CANDIDATE,0.6455018
candidate_845,K03358.01,4263529,1.0,CANDIDATE,CANDIDATE,0.99366635
candidate_846,K04810.01,4270799,1.0,CANDIDATE,CANDIDATE,1.0
candidate_847,K06399.01,4274071,1.0,CANDIDATE,CANDIDATE,1.0
candidate_848,K01331.01,4274548,1.0,CANDIDATE,CANDIDATE,1.0
candidate_849,K01619.01,4276716,0.0,CANDIDATE,CANDIDATE,0.00018560201
candidate_850,K04774.01,4277304,1.0,CANDIDATE,CANDIDATE,1.0
candidate_851,K06401.01,4282390,0.0,CANDIDATE,CANDIDATE,1.5335589e-18
candidate_852,K05057.01,4346339,0.0,CANDIDATE,CANDIDATE,4.314765e-34
candidate_853,K03258.01,4366323,1.0,CANDIDATE,CANDIDATE,0.9999863
candidate_854,K06409.01,4372620,0.0,CANDIDATE,CANDIDATE,8.065774e-11
candidate_855,K07693.01,4384909,1.0,CANDIDATE,CANDIDATE,0.56736976
candidate_856,K08246.01,4446859,0.0,CANDIDATE,CANDIDATE,3.6032134e-13
candidate_857,K03168.01,4450844,0.0,CANDIDATE,CANDIDATE,0.009637713
candidate_858,K02303.01,4458082,1.0,CANDIDATE,CONFIRMED,1.0
candidate_859,K02303.02,4458082,1.0,CANDIDATE,CONFIRMED,0.99999964
candidate_860,K06115.01,4464394,0.0,CANDIDATE,CANDIDATE,0.0
candidate_861,K01338.01,4466677,1.0,CANDIDATE,CONFIRMED,0.99999213
candidate_862,K01338.02,4466677,1.0,CANDIDATE,CANDIDATE,0.9998411
candidate_863,K01338.03,4466677,1.0,CANDIDATE,CANDIDATE,0.99835014
candidate_864,K05066.01,4471313,0.0,CANDIDATE,CANDIDATE,8.40063e-28
candidate_865,K01656.01,4471747,1.0,CANDIDATE,CANDIDATE,0.9999937
candidate_866,K03878.01,4472818,0.0,CANDIDATE,CONFIRMED,4.2280172e-32
candidate_867,K03878.02,4472818,1.0,CANDIDATE,CANDIDATE,0.999992
candidate_868,K04452.01,4474462,1.0,CANDIDATE,CANDIDATE,0.99999833
candidate_869,K05067.01,4478142,0.0,CANDIDATE,CANDIDATE,2.900737e-35
candidate_870,K00626.01,4478168,1.0,CANDIDATE,CONFIRMED,0.9999815
candidate_871,K00626.02,4478168,1.0,CANDIDATE,CANDIDATE,0.9989272
candidate_872,K05068.01,4484179,0.0,CANDIDATE,CANDIDATE,1.6782659e-29
candidate_873,K00815.01,4544670,0.0,CANDIDATE,CANDIDATE,1.2611002e-06
candidate_874,K02855.01,4547603,1.0,CANDIDATE,CANDIDATE,0.9999989
candidate_875,K04157.01,4548098,1.0,CANDIDATE,CONFIRMED,0.99996984
candidate_876,K04157.02,4548098,1.0,CANDIDATE,CANDIDATE,0.99999964
candidate_877,K02691.01,4552729,0.0,CANDIDATE,CANDIDATE,1.579551e-13
candidate_878,K05071.01,4566848,1.0,CANDIDATE,CANDIDATE,0.99999535
candidate_879,K06425.01,4567118,0.0,CANDIDATE,CANDIDATE,2.168356e-24
candidate_880,K04353.01,4571844,1.0,CANDIDATE,CANDIDATE,0.99999166
candidate_881,K08249.01,4572728,0.0,CANDIDATE,CANDIDATE,0.0
candidate_882,K04680.01,4587135,1.0,CANDIDATE,CANDIDATE,1.0
candidate_883,K03811.01,4638237,0.0,CANDIDATE,CANDIDATE,2.8106726e-06
candidate_884,K03437.01,4645174,1.0,CANDIDATE,CONFIRMED,0.9999819
candidate_885,K03437.02,4645174,1.0,CANDIDATE,CANDIDATE,0.9999999
candidate_886,K02393.01,4665571,1.0,CANDIDATE,CONFIRMED,0.9999999
candidate_887,K02393.02,4665571,0.0,CANDIDATE,CONFIRMED,2.9894864e-10
candidate_888,K02560.01,4670217,1.0,CANDIDATE,CANDIDATE,0.9999987
candidate_889,K07700.01,4670361,0.0,CANDIDATE,CANDIDATE,2.5595152e-18
candidate_890,K03069.01,4676964,1.0,CANDIDATE,CANDIDATE,1.0
candidate_891,K03184.01,4735826,1.0,CANDIDATE,CONFIRMED,0.9995889
candidate_892,K03184.02,4735826,0.0,CANDIDATE,CONFIRMED,0.0014604498
candidate_893,K03184.03,4735826,1.0,CANDIDATE,CANDIDATE,1.0
candidate_894,K01996.01,4736569,1.0,CANDIDATE,CONFIRMED,0.99476093
candidate_895,K01996.02,4736569,1.0,CANDIDATE,CANDIDATE,0.54410213
candidate_896,K05079.01,4737848,0.0,CANDIDATE,CANDIDATE,2.2118832e-27
candidate_897,K06118.01,4739229,1.0,CANDIDATE,CANDIDATE,0.9263524
candidate_898,K06118.02,4739229,0.0,CANDIDATE,CANDIDATE,2.131383e-09
candidate_899,K07703.01,4742188,0.0,CANDIDATE,CANDIDATE,0.0
candidate_900,K06120.01,4742420,1.0,CANDIDATE,CANDIDATE,0.99997437
candidate_901,K06120.02,4742420,0.0,CANDIDATE,CANDIDATE,1.6784638e-08
candidate_902,K07704.01,4742452,0.0,CANDIDATE,CANDIDATE,0.074642
candidate_903,K04649.01,4750669,1.0,CANDIDATE,CANDIDATE,0.9999981
candidate_904,K05083.01,4750962,0.0,CANDIDATE,CANDIDATE,1.5413202e-30
candidate_905,K06447.02,4758350,0.0,CANDIDATE,CANDIDATE,4.5934488e-33
candidate_906,K01455.01,4760746,0.0,CANDIDATE,CANDIDATE,7.1540484e-07
candidate_907,K06449.01,4760959,0.0,CANDIDATE,CANDIDATE,3.238806e-10
candidate_908,K05085.01,4761427,0.0,CANDIDATE,CANDIDATE,0.0
candidate_909,K07706.01,4762283,0.0,CANDIDATE,CANDIDATE,0.0
candidate_910,K06450.01,4764969,0.0,CANDIDATE,CANDIDATE,4.3084318e-33
candidate_911,K02971.01,4770174,0.0,CANDIDATE,CANDIDATE,1.1932438e-05
candidate_912,K02971.02,4770174,0.0,CANDIDATE,CANDIDATE,1.4035046e-14
candidate_913,K01475.01,4770365,1.0,CANDIDATE,CONFIRMED,0.992033
candidate_914,K01475.02,4770365,1.0,CANDIDATE,CONFIRMED,1.0
candidate_915,K01475.03,4770365,0.0,CANDIDATE,CONFIRMED,0.0016581209
candidate_916,K05087.01,4770798,0.0,CANDIDATE,CANDIDATE,0.0
candidate_917,K04367.01,4773392,0.0,CANDIDATE,CANDIDATE,0.0
candidate_918,K05088.01,4813750,1.0,CANDIDATE,CANDIDATE,0.999984
candidate_919,K07708.01,4813793,1.0,CANDIDATE,CANDIDATE,0.99996066
candidate_920,K03823.01,4820550,0.0,CANDIDATE,CANDIDATE,0.0
candidate_921,K01660.01,4830605,1.0,CANDIDATE,CANDIDATE,1.0
candidate_922,K06454.01,4830859,0.0,CANDIDATE,CANDIDATE,0.00087933335
candidate_923,K02739.01,4831728,1.0,CANDIDATE,CONFIRMED,1.0
candidate_924,K02739.02,4831728,1.0,CANDIDATE,CANDIDATE,0.99999774
candidate_925,K00605.01,4832837,1.0,CANDIDATE,CONFIRMED,0.99999976
candidate_926,K00605.02,4832837,0.0,CANDIDATE,CANDIDATE,0.06363718
candidate_927,K05092.01,4833409,0.0,CANDIDATE,CANDIDATE,0.0
candidate_928,K04813.01,4840672,1.0,CANDIDATE,CANDIDATE,0.9999999
candidate_929,K04498.01,4844367,1.0,CANDIDATE,CANDIDATE,0.7058466
candidate_930,K03469.01,4844470,0.0,CANDIDATE,CANDIDATE,1.8751822e-36
candidate_931,K02900.01,4846856,0.0,CANDIDATE,CANDIDATE,3.9202467e-14
candidate_932,K01884.01,4851530,1.0,CANDIDATE,CANDIDATE,0.5415748
candidate_933,K01884.02,4851530,1.0,CANDIDATE,CANDIDATE,0.9999949
candidate_934,K03061.01,4857058,1.0,CANDIDATE,CONFIRMED,0.99995196
candidate_935,K03061.02,4857058,0.0,CANDIDATE,CANDIDATE,1.9712443e-23
candidate_936,K06464.01,4862625,0.0,CANDIDATE,FALSE POSITIVE,5.688058e-07
candidate_937,K06464.02,4862625,0.0,CANDIDATE,FALSE POSITIVE,6.6075863e-06
candidate_938,K06464.03,4862625,0.0,CANDIDATE,CANDIDATE,8.527217e-06
candidate_939,K07554.01,4862924,0.0,CANDIDATE,CANDIDATE,8.023798e-20
candidate_940,K04717.01,4902202,0.0,CANDIDATE,CANDIDATE,1.1906249e-08
candidate_941,K05098.01,4912650,0.0,CANDIDATE,CANDIDATE,4.2533314e-37
candidate_942,K05099.01,4914221,0.0,CANDIDATE,CANDIDATE,0.0
candidate_943,K05101.01,4915582,0.0,CANDIDATE,CANDIDATE,0.0
candidate_944,K05104.01,4918303,1.0,CANDIDATE,CANDIDATE,0.9997631
candidate_945,K01582.01,4918309,1.0,CANDIDATE,CANDIDATE,0.99998033
candidate_946,K01665.01,4932442,1.0,CANDIDATE,CONFIRMED,0.99999964
candidate_947,K01665.02,4932442,0.0,CANDIDATE,CANDIDATE,4.1589806e-18
candidate_948,K02962.01,4935172,0.0,CANDIDATE,CANDIDATE,5.2583575e-05
candidate_949,K06475.01,4939265,1.0,CANDIDATE,CANDIDATE,0.9999912
candidate_950,K02899.01,4939533,1.0,CANDIDATE,CANDIDATE,0.9999999
candidate_951,K07711.01,4940203,0.0,CANDIDATE,CANDIDATE,1.6482473e-37
candidate_952,K05107.01,4940376,0.0,CANDIDATE,CANDIDATE,1.0354134e-22
candidate_953,K04377.01,4945764,1.0,CANDIDATE,CANDIDATE,0.9999993
candidate_954,K00501.01,4951877,1.0,CANDIDATE,CANDIDATE,1.0
candidate_955,K05110.01,4953262,0.0,CANDIDATE,CANDIDATE,4.4073198e-20
candidate_956,K06484.01,4995716,1.0,CANDIDATE,CANDIDATE,0.9999962
candidate_957,K07712.01,4996057,0.0,CANDIDATE,CANDIDATE,2.1795498e-13
candidate_958,K04524.01,5003670,0.0,CANDIDATE,CONFIRMED,0.45830676
candidate_959,K04524.02,5003670,1.0,CANDIDATE,CANDIDATE,1.0
candidate_960,K04524.03,5003670,1.0,CANDIDATE,CANDIDATE,0.9999995
candidate_961,K03421.01,5004909,1.0,CANDIDATE,CANDIDATE,0.9999591
candidate_962,K03770.01,5008245,1.0,CANDIDATE,CANDIDATE,1.0
candidate_963,K01666.01,5008501,1.0,CANDIDATE,CANDIDATE,1.0
candidate_964,K06489.01,5021432,0.0,CANDIDATE,CANDIDATE,8.421607e-10
candidate_965,K05117.01,5027859,1.0,CANDIDATE,CANDIDATE,0.9981045
candidate_966,K01573.01,5031857,1.0,CANDIDATE,CONFIRMED,0.9999976
candidate_967,K01573.02,5031857,1.0,CANDIDATE,CANDIDATE,0.99999964
candidate_968,K04546.01,5033823,1.0,CANDIDATE,CANDIDATE,0.99816567
candidate_969,K05119.01,5036052,0.0,CANDIDATE,CANDIDATE,1.0766355e-37
candidate_970,K01597.01,5039228,1.0,CANDIDATE,CANDIDATE,0.99996877
candidate_971,K03065.01,5040077,0.0,CANDIDATE,CANDIDATE,1.0386058e-11
candidate_972,K01843.01,5080636,1.0,CANDIDATE,CONFIRMED,0.9999989
candidate_973,K01843.02,5080636,0.0,CANDIDATE,CANDIDATE,0.0004382946
candidate_974,K06511.01,5083138,1.0,CANDIDATE,CANDIDATE,0.9999995
candidate_975,K06513.01,5087223,1.0,CANDIDATE,CANDIDATE,0.99998474
candidate_976,K07715.01,5091479,0.0,CANDIDATE,CANDIDATE,0.2699293
candidate_977,K06516.01,5092799,0.0,CANDIDATE,CANDIDATE,1.7469484e-10
candidate_978,K06516.02,5092799,0.0,CANDIDATE,CANDIDATE,7.4854634e-10
candidate_979,K05124.01,5094412,0.0,CANDIDATE,CANDIDATE,0.001901518
candidate_980,K02607.01,5095635,1.0,CANDIDATE,CANDIDATE,0.99998796
candidate_981,K04331.01,5096053,1.0,CANDIDATE,CANDIDATE,0.98207295
candidate_982,K07716.01,5097856,0.0,CANDIDATE,CANDIDATE,5.265581e-20
candidate_983,K08253.01,5098334,0.0,CANDIDATE,CANDIDATE,0.0
candidate_984,K05126.01,5110453,0.0,CANDIDATE,CANDIDATE,2.0893175e-22
candidate_985,K06526.01,5115688,0.0,CANDIDATE,CANDIDATE,6.8975375e-28
candidate_986,K00823.01,5115978,0.0,CANDIDATE,CANDIDATE,1.2200955e-17
candidate_987,K04428.01,5126182,1.0,CANDIDATE,CANDIDATE,0.99803513
candidate_988,K04208.01,5129453,1.0,CANDIDATE,CANDIDATE,0.9999589
candidate_989,K00641.01,5131180,1.0,CANDIDATE,CANDIDATE,0.9999999
candidate_990,K05130.01,5166811,0.0,CANDIDATE,CANDIDATE,3.5291575e-17
candidate_991,K06532.01,5171707,1.0,CANDIDATE,CANDIDATE,0.99999964
candidate_992,K02563.01,5175024,1.0,CANDIDATE,CONFIRMED,0.9999821
candidate_993,K02563.02,5175024,1.0,CANDIDATE,CANDIDATE,0.99999607
candidate_994,K04246.01,5177859,0.0,CANDIDATE,CONFIRMED,8.611835e-06
candidate_995,K04246.02,5177859,0.0,CANDIDATE,CANDIDATE,9.4992665e-06
candidate_996,K05134.01,5181299,0.0,CANDIDATE,CANDIDATE,3.4181595e-23
candidate_997,K05135.01,5184144,0.0,CANDIDATE,CANDIDATE,7.6234666e-35
candidate_998,K01670.01,5184709,1.0,CANDIDATE,CANDIDATE,0.9999994
candidate_999,K02719.01,5184911,1.0,CANDIDATE,CONFIRMED,0.9993305
candidate_1000,K02719.02,5184911,0.0,CANDIDATE,CANDIDATE,0.0
candidate_1001,K06538.01,5193439,0.0,CANDIDATE,CANDIDATE,0.40119156
candidate_1002,K03323.01,5193659,1.0,CANDIDATE,CANDIDATE,0.9999989
candidate_1003,K02695.01,5196864,1.0,CANDIDATE,CANDIDATE,0.99999094
candidate_1004,K04178.01,5197233,1.0,CANDIDATE,CANDIDATE,0.9977539
candidate_1005,K04912.01,5208962,0.0,CANDIDATE,CANDIDATE,3.8139014e-10
candidate_1006,K02158.01,5211199,1.0,CANDIDATE,CONFIRMED,1.0
candidate_1007,K02158.02,5211199,1.0,CANDIDATE,CANDIDATE,0.9998159
candidate_1008,K06542.01,5215508,0.0,CANDIDATE,CANDIDATE,0.0
candidate_1009,K04713.01,5253802,1.0,CANDIDATE,CANDIDATE,0.9979983
candidate_1010,K05142.01,5255259,0.0,CANDIDATE,CANDIDATE,5.7833685e-27
candidate_1011,K03368.01,5257082,1.0,CANDIDATE,CANDIDATE,0.9999982
candidate_1012,K06546.01,5263167,0.0,CANDIDATE,CANDIDATE,1.6059027e-09
candidate_1013,K07558.01,5271090,0.0,CANDIDATE,CANDIDATE,0.20156868
candidate_1014,K01547.01,5283458,1.0,CANDIDATE,CANDIDATE,0.99999774
candidate_1015,K05149.01,5283728,1.0,CANDIDATE,CANDIDATE,0.99996495
candidate_1016,K03463.01,5294945,0.0,CANDIDATE,CANDIDATE,1.0009816e-07
candidate_1017,K06557.01,5295206,1.0,CANDIDATE,CANDIDATE,0.993072
candidate_1018,K01576.01,5299459,1.0,CANDIDATE,CONFIRMED,1.0
candidate_1019,K01576.02,5299459,1.0,CANDIDATE,CONFIRMED,0.9999993
candidate_1020,K01576.03,5299459,0.0,CANDIDATE,CANDIDATE,4.995057e-05
candidate_1021,K06127.01,5306984,0.0,CANDIDATE,CANDIDATE,0.0
candidate_1022,K04750.01,5308296,1.0,CANDIDATE,CANDIDATE,0.9999999
candidate_1023,K01562.01,5308663,0.0,CANDIDATE,FALSE POSITIVE,0.0
candidate_1024,K01562.02,5308663,1.0,CANDIDATE,CANDIDATE,1.0
candidate_1025,K02666.01,5342061,1.0,CANDIDATE,CANDIDATE,0.9999523
candidate_1026,K04467.01,5352640,1.0,CANDIDATE,CANDIDATE,0.9834167
candidate_1027,K06568.01,5353938,0.0,CANDIDATE,CANDIDATE,2.2213018e-07
candidate_1028,K01675.01,5360920,1.0,CANDIDATE,CANDIDATE,1.0
candidate_1029,K05155.01,5374838,1.0,CANDIDATE,CANDIDATE,0.9999907
candidate_1030,K06570.01,5380812,0.0,CANDIDATE,CANDIDATE,5.3066546e-27
candidate_1031,K03444.01,5384713,1.0,CANDIDATE,CANDIDATE,1.0
candidate_1032,K03444.02,5384713,0.0,CANDIDATE,CANDIDATE,3.0521675e-20
candidate_1033,K03444.03,5384713,0.0,CANDIDATE,CANDIDATE,4.915874e-12
candidate_1034,K03444.04,5384713,0.0,CANDIDATE,CANDIDATE,8.5066654e-07
candidate_1035,K02370.01,5385304,0.0,CANDIDATE,CANDIDATE,0.0
candidate_1036,K04591.01,5389956,0.0,CANDIDATE,CANDIDATE,7.738356e-12
candidate_1037,K05158.01,5394585,0.0,CANDIDATE,CANDIDATE,3.5667854e-15
candidate_1038,K05160.01,5425643,0.0,CANDIDATE,CANDIDATE,2.6451784e-38
candidate_1039,K05162.01,5428199,0.0,CANDIDATE,CANDIDATE,5.7853123e-33
candidate_1040,K06130.01,5428657,0.0,CANDIDATE,CANDIDATE,0.0
candidate_1041,K04558.01,5431027,1.0,CANDIDATE,CANDIDATE,1.0
candidate_1042,K04351.01,5436161,0.0,CANDIDATE,CANDIDATE,0.0
candidate_1043,K05164.01,5436455,0.0,CANDIDATE,CANDIDATE,0.0
candidate_1044,K04907.01,5437762,0.0,CANDIDATE,CANDIDATE,0.4327908
candidate_1045,K05165.01,5439000,0.0,CANDIDATE,CANDIDATE,5.0381086e-31
candidate_1046,K00607.01,5441980,1.0,CANDIDATE,CANDIDATE,1.0
candidate_1047,K05169.01,5443320,0.0,CANDIDATE,CANDIDATE,2.2810164e-08
candidate_1048,K00554.01,5443837,0.0,CANDIDATE,CANDIDATE,7.145796e-07
candidate_1049,K07559.01,5444276,0.0,CANDIDATE,CANDIDATE,4.803781e-11
candidate_1050,K06579.01,5456979,0.0,CANDIDATE,CANDIDATE,5.72057e-06
candidate_1051,K04508.01,5457326,1.0,CANDIDATE,CANDIDATE,0.9999988
candidate_1052,K07729.01,5460434,0.0,CANDIDATE,CANDIDATE,1.4484781e-21
candidate_1053,K06582.01,5466109,0.0,CANDIDATE,CANDIDATE,3.2025451e-09
candidate_1054,K03504.01,5471158,0.0,CANDIDATE,FALSE POSITIVE,7.1413016e-22
candidate_1055,K03504.02,5471158,0.0,CANDIDATE,CANDIDATE,0.0
candidate_1056,K03050.01,5475042,0.0,CANDIDATE,CANDIDATE,1.9652422e-08
candidate_1057,K01546.01,5475431,0.0,CANDIDATE,CANDIDATE,4.2367873e-16
candidate_1058,K04541.01,5511659,1.0,CANDIDATE,CANDIDATE,1.0
candidate_1059,K04541.02,5511659,1.0,CANDIDATE,CANDIDATE,0.9999949
candidate_1060,K01962.01,5513648,1.0,CANDIDATE,CANDIDATE,0.9999995
candidate_1061,K05174.01,5524229,0.0,CANDIDATE,CANDIDATE,5.6915295e-09
candidate_1062,K01677.01,5526717,1.0,CANDIDATE,CONFIRMED,0.9995883
candidate_1063,K01677.02,5526717,0.0,CANDIDATE,CANDIDATE,3.2669058e-14
candidate_1064,K05176.01,5529385,0.0,CANDIDATE,CANDIDATE,4.5599674e-22
candidate_1065,K00647.01,5531694,1.0,CANDIDATE,CONFIRMED,1.0
candidate_1066,K00647.02,5531694,1.0,CANDIDATE,CANDIDATE,0.9999794
candidate_1067,K01681.01,5531953,1.0,CANDIDATE,CANDIDATE,0.99999976
candidate_1068,K01681.02,5531953,0.0,CANDIDATE,CONFIRMED,1.3031286e-06
candidate_1069,K01681.03,5531953,0.0,CANDIDATE,CANDIDATE,0.001141579
candidate_1070,K01681.04,5531953,0.0,CANDIDATE,CANDIDATE,1.06473784e-07
candidate_1071,K01590.01,5542466,1.0,CANDIDATE,CANDIDATE,0.99999964
candidate_1072,K01590.02,5542466,1.0,CANDIDATE,CONFIRMED,0.9567872
candidate_1073,K01590.03,5542466,1.0,CANDIDATE,CANDIDATE,0.7177276
candidate_1074,K02160.01,5546761,1.0,CANDIDATE,CONFIRMED,0.99999607
candidate_1075,K02160.02,5546761,0.0,CANDIDATE,CANDIDATE,9.838574e-10
candidate_1076,K03119.01,5551672,1.0,CANDIDATE,CANDIDATE,1.0
candidate_1077,K04495.01,5552562,0.0,CANDIDATE,CANDIDATE,0.13773386
candidate_1078,K06598.01,5552808,0.0,CANDIDATE,CANDIDATE,1.3517393e-08
candidate_1079,K03377.01,5553959,1.0,CANDIDATE,CANDIDATE,0.99999964
candidate_1080,K03309.01,5563300,1.0,CANDIDATE,CANDIDATE,0.9989328
candidate_1081,K06600.01,5564082,1.0,CANDIDATE,CANDIDATE,1.0
candidate_1082,K00648.01,5596440,0.0,CANDIDATE,CANDIDATE,1.4879324e-06
candidate_1083,K06601.01,5597361,1.0,CANDIDATE,CANDIDATE,0.99997723
candidate_1084,K02369.01,5602588,1.0,CANDIDATE,CONFIRMED,0.99954414
candidate_1085,K02369.02,5602588,0.0,CANDIDATE,CANDIDATE,1.3081073e-15
candidate_1086,K02369.03,5602588,1.0,CANDIDATE,CANDIDATE,0.9879851
candidate_1087,K03206.01,5612697,1.0,CANDIDATE,CANDIDATE,0.9997782
candidate_1088,K00649.01,5613330,1.0,CANDIDATE,CONFIRMED,0.99999964
candidate_1089,K00649.02,5613330,1.0,CANDIDATE,CANDIDATE,0.9020587
candidate_1090,K02915.01,5613821,1.0,CANDIDATE,CANDIDATE,1.0
candidate_1091,K07733.01,5617259,0.0,CANDIDATE,CANDIDATE,3.2458536e-14
candidate_1092,K06605.01,5617510,0.0,CANDIDATE,CANDIDATE,0.0
candidate_1093,K03341.01,5621333,0.0,CANDIDATE,CANDIDATE,0.013231083
candidate_1094,K03341.02,5621333,1.0,CANDIDATE,CANDIDATE,0.9999975
candidate_1095,K06132.01,5629353,0.0,CANDIDATE,CANDIDATE,9.518342e-12
candidate_1096,K06132.02,5629353,1.0,CANDIDATE,CONFIRMED,0.9999999
candidate_1097,K06132.03,5629353,1.0,CANDIDATE,CANDIDATE,0.8965487
candidate_1098,K06610.01,5633259,0.0,CANDIDATE,CANDIDATE,0.0
candidate_1099,K04705.01,5642688,0.0,CANDIDATE,CANDIDATE,9.2386643e-10
candidate_1100,K04837.01,5645170,1.0,CANDIDATE,CANDIDATE,0.9840732
candidate_1101,K05188.01,5650930,0.0,CANDIDATE,CANDIDATE,1.0056851e-25
candidate_1102,K04827.01,5651846,1.0,CANDIDATE,CANDIDATE,0.99996316
candidate_1103,K08257.01,5683219,0.0,CANDIDATE,CANDIDATE,3.7455284e-05
candidate_1104,K04587.01,5687700,0.0,CANDIDATE,CANDIDATE,0.00016700526
candidate_1105,K07735.01,5687986,0.0,CANDIDATE,CANDIDATE,0.0
candidate_1106,K04097.01,5688683,1.0,CANDIDATE,CONFIRMED,0.6103867
candidate_1107,K04097.02,5688683,1.0,CANDIDATE,CANDIDATE,0.9999999
candidate_1108,K00283.01,5695396,1.0,CANDIDATE,CONFIRMED,1.0
candidate_1109,K00283.02,5695396,1.0,CANDIDATE,CONFIRMED,0.9999989
candidate_1110,K00283.03,5695396,1.0,CANDIDATE,CANDIDATE,0.9999999
candidate_1111,K04756.01,5695615,0.0,CANDIDATE,CANDIDATE,1.2271243e-14
candidate_1112,K05192.01,5697395,1.0,CANDIDATE,CANDIDATE,0.9999995
candidate_1113,K06617.01,5702770,1.0,CANDIDATE,CANDIDATE,0.97686756
candidate_1114,K06618.01,5706592,0.0,CANDIDATE,CANDIDATE,2.5911464e-07
candidate_1115,K02183.01,5706595,1.0,CANDIDATE,CONFIRMED,0.9999994
candidate_1116,K02183.02,5706595,1.0,CANDIDATE,CONFIRMED,1.0
candidate_1117,K02183.03,5706595,0.0,CANDIDATE,CANDIDATE,7.182932e-11
candidate_1118,K03396.01,5710069,1.0,CANDIDATE,CANDIDATE,0.9979843
candidate_1119,K00272.01,5716763,0.0,CANDIDATE,CANDIDATE,0.0
candidate_1120,K02189.01,5730445,1.0,CANDIDATE,CANDIDATE,1.0
candidate_1121,K01793.01,5731623,1.0,CANDIDATE,CANDIDATE,0.84432083
candidate_1122,K05196.01,5734702,0.0,CANDIDATE,CANDIDATE,0.0
candidate_1123,K04913.01,5769810,1.0,CANDIDATE,CANDIDATE,0.9999713
candidate_1124,K04913.02,5769810,1.0,CANDIDATE,CANDIDATE,0.9999968
candidate_1125,K03810.01,5769943,0.0,CANDIDATE,CANDIDATE,6.717515e-11
candidate_1126,K04443.01,5780855,1.0,CANDIDATE,CANDIDATE,0.9999002
candidate_1127,K04259.01,5785279,0.0,CANDIDATE,CANDIDATE,2.2460283e-08
candidate_1128,K02927.01,5787131,1.0,CANDIDATE,CANDIDATE,0.9999989
candidate_1129,K00841.01,5792202,1.0,CANDIDATE,CONFIRMED,0.9998554
candidate_1130,K00841.02,5792202,1.0,CANDIDATE,CONFIRMED,0.9999982
candidate_1131,K00841.03,5792202,1.0,CANDIDATE,CONFIRMED,0.99982685
candidate_1132,K00841.04,5792202,0.0,CANDIDATE,CANDIDATE,0.0
candidate_1133,K00841.05,5792202,0.0,CANDIDATE,CANDIDATE,0.0
candidate_1134,K05202.01,5793275,0.0,CANDIDATE,CANDIDATE,0.0
candidate_1135,K08107.01,5802205,0.0,CANDIDATE,CANDIDATE,0.0
candidate_1136,K04398.01,5802637,1.0,CANDIDATE,CANDIDATE,0.9996996
candidate_1137,K04686.01,5819801,1.0,CANDIDATE,CANDIDATE,1.0
candidate_1138,K01839.01,5856571,1.0,CANDIDATE,CONFIRMED,0.9999999
candidate_1139,K01839.02,5856571,0.0,CANDIDATE,CANDIDATE,0.0
candidate_1140,K05205.01,5857656,0.0,CANDIDATE,CANDIDATE,3.8970983e-26
candidate_1141,K08109.01,5858919,0.0,CANDIDATE,CANDIDATE,7.740625e-31
candidate_1142,K05207.01,5859725,1.0,CANDIDATE,CANDIDATE,0.9999907
candidate_1143,K06631.01,5860347,0.0,CANDIDATE,CANDIDATE,0.120093726
candidate_1144,K07744.01,5877292,1.0,CANDIDATE,CANDIDATE,0.9994863
candidate_1145,K07562.01,5878506,0.0,CANDIDATE,CANDIDATE,2.026709e-08
candidate_1146,K07746.01,5881307,0.0,CANDIDATE,CANDIDATE,2.5153563e-26
candidate_1147,K02744.01,5881813,1.0,CANDIDATE,CONFIRMED,0.9999999
candidate_1148,K02744.02,5881813,1.0,CANDIDATE,CANDIDATE,0.99883276
candidate_1149,K07749.01,5888187,0.0,CANDIDATE,CANDIDATE,0.0
candidate_1150,K07750.01,5894182,0.0,CANDIDATE,CANDIDATE,0.0
candidate_1151,K00126.01,5897826,0.0,CANDIDATE,FALSE POSITIVE,3.558637e-17
candidate_1152,K00126.02,5897826,0.0,CANDIDATE,CANDIDATE,2.1140819e-13
candidate_1153,K03422.01,5898983,0.0,CANDIDATE,CANDIDATE,2.2445263e-34
candidate_1154,K03426.01,5900235,0.0,CANDIDATE,CANDIDATE,1.9354478e-07
candidate_1155,K03029.01,5903749,1.0,CANDIDATE,CANDIDATE,1.0
candidate_1156,K03029.02,5903749,0.0,CANDIDATE,CANDIDATE,6.306235e-09
candidate_1157,K02377.01,5906426,1.0,CANDIDATE,CANDIDATE,0.999923
candidate_1158,K02250.01,5942808,1.0,CANDIDATE,CONFIRMED,0.9999999
candidate_1159,K02250.02,5942808,0.0,CANDIDATE,CONFIRMED,4.3075084e-05
candidate_1160,K05211.01,5946568,0.0,CANDIDATE,CANDIDATE,0.000682219
candidate_1161,K04633.01,5954001,1.0,CANDIDATE,CANDIDATE,0.9999964
candidate_1162,K05213.01,5954894,0.0,CANDIDATE,CANDIDATE,4.6688122e-11
candidate_1163,K08111.01,5955197,0.0,CANDIDATE,CANDIDATE,0.0
candidate_1164,K08259.01,5956171,0.0,CANDIDATE,CANDIDATE,0.0
candidate_1165,K01053.01,5956656,1.0,CANDIDATE,CONFIRMED,0.999884
candidate_1166,K01053.02,5956656,0.0,CANDIDATE,CANDIDATE,2.2714564e-14
candidate_1167,K05216.01,5965629,0.0,CANDIDATE,CANDIDATE,0.0
candidate_1168,K06641.01,5966732,0.0,CANDIDATE,CANDIDATE,6.0722432e-05
candidate_1169,K03909.01,5966810,1.0,CANDIDATE,CANDIDATE,0.99999976
candidate_1170,K02321.01,5978559,1.0,CANDIDATE,CONFIRMED,1.0
candidate_1171,K02321.02,5978559,1.0,CANDIDATE,CANDIDATE,0.9827884
candidate_1172,K05219.01,5981058,0.0,CANDIDATE,CANDIDATE,9.320762e-06
candidate_1173,K03190.01,5985713,1.0,CANDIDATE,CANDIDATE,0.99999976
candidate_1174,K06646.01,6019971,1.0,CANDIDATE,CANDIDATE,0.999998
candidate_1175,K05222.01,6021840,0.0,CANDIDATE,CANDIDATE,3.1306043e-36
candidate_1176,K05223.01,6023571,0.0,CANDIDATE,CANDIDATE,4.844569e-16
candidate_1177,K03411.01,6025124,1.0,CANDIDATE,CANDIDATE,0.99999917
candidate_1178,K05224.01,6025174,0.0,CANDIDATE,CANDIDATE,2.696678e-33
candidate_1179,K02949.01,6026737,0.0,CANDIDATE,CANDIDATE,0.0004247021
candidate_1180,K02949.02,6026737,0.0,CANDIDATE,CANDIDATE,6.679273e-05
candidate_1181,K00304.01,6029239,1.0,CANDIDATE,CONFIRMED,0.9999999
candidate_1182,K00304.02,6029239,1.0,CANDIDATE,CANDIDATE,0.9999951
candidate_1183,K06141.01,6032730,0.0,CANDIDATE,CANDIDATE,4.7273275e-12
candidate_1184,K05226.01,6034379,0.0,CANDIDATE,CANDIDATE,2.3466462e-28
candidate_1185,K05227.01,6034834,0.0,CANDIDATE,CANDIDATE,0.0
candidate_1186,K05228.01,6036286,0.0,CANDIDATE,CANDIDATE,9.370804e-33
candidate_1187,K05229.01,6038152,0.0,CANDIDATE,CANDIDATE,5.3948305e-26
candidate_1188,K05230.01,6043490,0.0,CANDIDATE,CANDIDATE,0.0
candidate_1189,K07759.01,6043538,0.0,CANDIDATE,CANDIDATE,0.0020065322
candidate_1190,K04764.01,6043562,1.0,CANDIDATE,CANDIDATE,0.9992705
candidate_1191,K06653.01,6045093,0.0,CANDIDATE,CANDIDATE,0.0007927697
candidate_1192,K05231.01,6045404,0.0,CANDIDATE,CANDIDATE,4.2365276e-08
candidate_1193,K06657.01,6057750,0.0,CANDIDATE,CANDIDATE,0.0
candidate_1194,K03500.01,6058816,1.0,CANDIDATE,CONFIRMED,1.0
candidate_1195,K03500.02,6058816,0.0,CANDIDATE,CANDIDATE,2.1836915e-13
candidate_1196,K04632.01,6070337,0.0,CANDIDATE,CANDIDATE,0.0005909656
candidate_1197,K03004.01,6103377,1.0,CANDIDATE,CONFIRMED,0.99999034
candidate_1198,K03004.02,6103377,0.0,CANDIDATE,CANDIDATE,3.0576489e-06
candidate_1199,K07762.01,6106046,1.0,CANDIDATE,CANDIDATE,0.9859191
candidate_1200,K06664.01,6111011,1.0,CANDIDATE,CANDIDATE,0.9999536
candidate_1201,K05237.01,6115356,0.0,CANDIDATE,CANDIDATE,2.8183068e-20
candidate_1202,K06142.01,6116172,0.0,CANDIDATE,CANDIDATE,7.060526e-14
candidate_1203,K06142.02,6116172,0.0,CANDIDATE,CANDIDATE,1.4768486e-13
candidate_1204,K06142.03,6116172,0.0,CANDIDATE,CANDIDATE,2.056003e-24
candidate_1205,K02343.01,6119141,1.0,CANDIDATE,CANDIDATE,1.0
candidate_1206,K07764.01,6124137,0.0,CANDIDATE,CANDIDATE,0.0
candidate_1207,K06666.01,6128245,0.0,CANDIDATE,CANDIDATE,0.0008973641
candidate_1208,K03307.01,6131130,1.0,CANDIDATE,CANDIDATE,0.9999999
candidate_1209,K04123.01,6140059,1.0,CANDIDATE,CANDIDATE,0.9999968
candidate_1210,K04602.01,6144039,1.0,CANDIDATE,CANDIDATE,0.79865414
candidate_1211,K00227.01,6185476,1.0,CANDIDATE,CANDIDATE,0.9996074
candidate_1212,K04496.01,6186182,0.0,CANDIDATE,CANDIDATE,1.9961951e-17
candidate_1213,K06672.01,6187508,1.0,CANDIDATE,CANDIDATE,0.99981767
candidate_1214,K04463.01,6197344,1.0,CANDIDATE,CANDIDATE,0.99995565
candidate_1215,K05247.01,6197658,0.0,CANDIDATE,CANDIDATE,0.0
candidate_1216,K02636.01,6198182,0.0,CANDIDATE,CONFIRMED,0.026924584
candidate_1217,K02636.02,6198182,0.0,CANDIDATE,CANDIDATE,4.0133054e-05
candidate_1218,K05248.01,6198670,0.0,CANDIDATE,CANDIDATE,0.0
candidate_1219,K03397.01,6200810,1.0,CANDIDATE,CANDIDATE,0.9999999
candidate_1220,K05249.01,6203955,1.0,CANDIDATE,CANDIDATE,1.0
candidate_1221,K06676.01,6209225,0.0,CANDIDATE,CANDIDATE,0.0
candidate_1222,K01750.01,6209677,1.0,CANDIDATE,CONFIRMED,0.9262647
candidate_1223,K01750.02,6209677,1.0,CANDIDATE,CANDIDATE,0.9671872
candidate_1224,K04793.01,6220312,0.0,CANDIDATE,CANDIDATE,2.5134134e-14
candidate_1225,K06145.01,6221385,1.0,CANDIDATE,CONFIRMED,1.0
candidate_1226,K06145.02,6221385,0.0,CANDIDATE,CONFIRMED,0.00018272712
candidate_1227,K06145.03,6221385,1.0,CANDIDATE,CANDIDATE,0.99994004
candidate_1228,K04274.01,6223324,0.0,CANDIDATE,CANDIDATE,8.7689924e-15
candidate_1229,K07773.01,6231721,0.0,CANDIDATE,CANDIDATE,9.576602e-06
candidate_1230,K04715.01,6264750,0.0,CANDIDATE,CANDIDATE,0.18304737
candidate_1231,K06680.01,6265961,0.0,CANDIDATE,CANDIDATE,0.0001076409
candidate_1232,K05254.01,6266866,0.0,CANDIDATE,CANDIDATE,4.3592394e-21
candidate_1233,K01613.01,6268648,1.0,CANDIDATE,CONFIRMED,0.9999989
candidate_1234,K01613.02,6268648,1.0,CANDIDATE,CANDIDATE,0.9987167
candidate_1235,K01613.03,6268648,1.0,CANDIDATE,CANDIDATE,0.99999917
candidate_1236,K07774.01,6277410,1.0,CANDIDATE,CANDIDATE,0.99999523
candidate_1237,K07775.01,6278670,0.0,CANDIDATE,CANDIDATE,0.0
candidate_1238,K00415.01,6289650,0.0,CANDIDATE,CANDIDATE,0.013009434
candidate_1239,K04302.01,6290935,1.0,CANDIDATE,CANDIDATE,0.9999938
candidate_1240,K00212.01,6300348,1.0,CANDIDATE,CANDIDATE,1.0
candidate_1241,K06687.01,6307000,0.0,CANDIDATE,CANDIDATE,6.1504554e-27
candidate_1242,K02050.01,6307083,0.0,CANDIDATE,FALSE POSITIVE,4.6356406e-29
candidate_1243,K02050.02,6307083,0.0,CANDIDATE,CANDIDATE,2.2306824e-06
candidate_1244,K05262.01,6309307,0.0,CANDIDATE,CANDIDATE,0.00089029205
candidate_1245,K00611.01,6309763,0.0,CANDIDATE,CANDIDATE,0.32895118
candidate_1246,K04627.01,6311891,1.0,CANDIDATE,CANDIDATE,0.8779037
candidate_1247,K06689.01,6345758,0.0,CANDIDATE,CANDIDATE,7.814693e-11
candidate_1248,K02775.01,6346809,1.0,CANDIDATE,CANDIDATE,1.0
candidate_1249,K05264.01,6346894,0.0,CANDIDATE,CANDIDATE,0.0
candidate_1250,K05266.01,6347890,0.0,CANDIDATE,CANDIDATE,1.4138928e-12
candidate_1251,K05267.01,6350031,0.0,CANDIDATE,CANDIDATE,3.2833228e-07
candidate_1252,K04410.01,6350882,1.0,CANDIDATE,CANDIDATE,1.0
candidate_1253,K07776.01,6356400,0.0,CANDIDATE,CANDIDATE,0.0
candidate_1254,K08263.01,6356506,0.0,CANDIDATE,CANDIDATE,0.0
candidate_1255,K03040.01,6357290,1.0,CANDIDATE,CANDIDATE,0.99983037
candidate_1256,K04794.01,6358937,0.0,CANDIDATE,CANDIDATE,7.143439e-08
candidate_1257,K01127.01,6359320,1.0,CANDIDATE,CONFIRMED,0.9983443
candidate_1258,K01127.02,6359320,1.0,CANDIDATE,CONFIRMED,0.9995925
candidate_1259,K01127.03,6359320,0.0,CANDIDATE,CANDIDATE,1.0863783e-10
candidate_1260,K05268.01,6359881,0.0,CANDIDATE,CANDIDATE,2.7147324e-38
candidate_1261,K04391.01,6359926,1.0,CANDIDATE,CANDIDATE,1.0
candidate_1262,K05269.01,6359929,0.0,CANDIDATE,CANDIDATE,0.0
candidate_1263,K03456.01,6364582,1.0,CANDIDATE,CONFIRMED,1.0
candidate_1264,K03456.02,6364582,0.0,CANDIDATE,CANDIDATE,0.0
candidate_1265,K05274.01,6366559,0.0,CANDIDATE,CANDIDATE,3.0165529e-22
candidate_1266,K05275.01,6367663,0.0,CANDIDATE,CANDIDATE,1.1709629e-27
candidate_1267,K06697.01,6368222,0.0,CANDIDATE,CANDIDATE,1.4086787e-23
candidate_1268,K05276.01,6368905,0.0,CANDIDATE,CANDIDATE,7.423152e-17
candidate_1269,K04554.01,6369131,1.0,CANDIDATE,CANDIDATE,0.9999931
candidate_1270,K05278.01,6372194,0.0,CANDIDATE,CANDIDATE,0.18801537
candidate_1271,K06698.01,6372268,0.0,CANDIDATE,CANDIDATE,1.135077e-18
candidate_1272,K05279.01,6387557,0.0,CANDIDATE,CANDIDATE,7.200371e-15
candidate_1273,K06705.01,6423922,0.0,CANDIDATE,CANDIDATE,1.7204497e-32
candidate_1274,K04900.01,6424561,1.0,CANDIDATE,CANDIDATE,0.99991596
candidate_1275,K05281.01,6425377,0.0,CANDIDATE,CANDIDATE,3.484982e-27
candidate_1276,K04861.01,6425597,1.0,CANDIDATE,CANDIDATE,0.9999931
candidate_1277,K02828.01,6436029,0.0,CANDIDATE,CONFIRMED,2.1047205e-18
candidate_1278,K02828.02,6436029,0.0,CANDIDATE,CANDIDATE,0.0
candidate_1279,K06707.01,6436505,0.0,CANDIDATE,CANDIDATE,0.23998949
candidate_1280,K06707.02,6436505,0.0,CANDIDATE,FALSE POSITIVE,0.1376038
candidate_1281,K02976.01,6438099,1.0,CANDIDATE,CANDIDATE,1.0
candidate_1282,K01246.01,6441738,1.0,CANDIDATE,CANDIDATE,0.99999976
candidate_1283,K05283.01,6442735,0.0,CANDIDATE,CANDIDATE,7.3105076e-07
candidate_1284,K05284.01,6443093,0.0,CANDIDATE,CANDIDATE,0.20578913
candidate_1285,K07567.01,6443274,0.0,CANDIDATE,CANDIDATE,0.0
candidate_1286,K07780.01,6451368,0.0,CANDIDATE,CANDIDATE,0.11361185
candidate_1287,K02840.01,6467363,0.0,CANDIDATE,CANDIDATE,2.7506578e-10
candidate_1288,K02840.02,6467363,1.0,CANDIDATE,CANDIDATE,1.0
candidate_1289,K08122.01,6507334,0.0,CANDIDATE,CANDIDATE,0.0
candidate_1290,K03815.01,6507433,1.0,CANDIDATE,CANDIDATE,0.5462868
candidate_1291,K00416.01,6508221,1.0,CANDIDATE,CONFIRMED,0.9999511
candidate_1292,K00416.02,6508221,1.0,CANDIDATE,CONFIRMED,0.9999132
candidate_1293,K00416.03,6508221,1.0,CANDIDATE,CANDIDATE,0.999998
candidate_1294,K00416.04,6508221,1.0,CANDIDATE,CANDIDATE,0.96412504
candidate_1295,K05287.01,6509282,0.0,CANDIDATE,CANDIDATE,0.0015709497
candidate_1296,K05288.01,6511182,1.0,CANDIDATE,CANDIDATE,0.9999968
candidate_1297,K02445.01,6516185,1.0,CANDIDATE,CANDIDATE,0.9999994
candidate_1298,K05289.01,6517064,0.0,CANDIDATE,CANDIDATE,4.13676e-18
candidate_1299,K05290.01,6517200,0.0,CANDIDATE,CANDIDATE,3.7597721e-37
candidate_1300,K05291.01,6517255,0.0,CANDIDATE,CANDIDATE,1.239726e-37
candidate_1301,K04749.01,6520519,1.0,CANDIDATE,CANDIDATE,0.9999995
candidate_1302,K04504.01,6520753,0.0,CANDIDATE,CANDIDATE,0.00076686277
candidate_1303,K04504.02,6520753,0.0,CANDIDATE,CANDIDATE,2.0105868e-09
candidate_1304,K04549.01,6523058,0.0,CANDIDATE,CANDIDATE,1.3099067e-09
candidate_1305,K03117.01,6523351,1.0,CANDIDATE,CANDIDATE,0.9999268
candidate_1306,K02093.01,6525946,1.0,CANDIDATE,CANDIDATE,1.0
candidate_1307,K02093.02,6525946,0.0,CANDIDATE,CANDIDATE,0.00011863812
candidate_1308,K02093.03,6525946,0.0,CANDIDATE,CANDIDATE,0.0
candidate_1309,K00856.01,6526710,0.0,CANDIDATE,CANDIDATE,1.0259085e-09
candidate_1310,K04657.01,6527078,1.0,CANDIDATE,CANDIDATE,0.99999976
candidate_1311,K04657.02,6527078,1.0,CANDIDATE,CANDIDATE,0.9999999
candidate_1312,K07785.01,6531617,0.0,CANDIDATE,CANDIDATE,1.6285184e-29
candidate_1313,K05297.01,6543192,0.0,CANDIDATE,CANDIDATE,0.0018018438
candidate_1314,K01627.01,6543893,1.0,CANDIDATE,CONFIRMED,0.99999976
candidate_1315,K01627.02,6543893,1.0,CANDIDATE,CONFIRMED,1.0
candidate_1316,K01627.03,6543893,1.0,CANDIDATE,CANDIDATE,0.99999166
candidate_1317,K06731.01,6551106,0.0,CANDIDATE,CANDIDATE,4.7638873e-06
candidate_1318,K06733.01,6584278,0.0,CANDIDATE,CANDIDATE,0.0
candidate_1319,K06734.01,6590726,0.0,CANDIDATE,CANDIDATE,0.0
candidate_1320,K03037.01,6593150,1.0,CANDIDATE,CANDIDATE,0.99999964
candidate_1321,K05300.01,6594945,0.0,CANDIDATE,CANDIDATE,3.0551017e-15
candidate_1322,K00858.01,6599919,1.0,CANDIDATE,CANDIDATE,0.9999815
candidate_1323,K06739.01,6603765,0.0,CANDIDATE,CANDIDATE,0.0025733788
candidate_1324,K01239.01,6607286,0.0,CANDIDATE,CANDIDATE,4.3350786e-25
candidate_1325,K01239.02,6607286,1.0,CANDIDATE,CANDIDATE,1.0
candidate_1326,K01242.01,6607447,1.0,CANDIDATE,CANDIDATE,0.7792368
candidate_1327,K06745.01,6614748,0.0,CANDIDATE,CANDIDATE,0.0
candidate_1328,K01225.01,6620003,0.0,CANDIDATE,CANDIDATE,3.5153225e-05
candidate_1329,K06746.01,6628926,0.0,CANDIDATE,CANDIDATE,0.0042737853
candidate_1330,K05308.01,6634112,0.0,CANDIDATE,CANDIDATE,0.001335805
candidate_1331,K06750.01,6664842,0.0,CANDIDATE,CANDIDATE,0.030056432
candidate_1332,K04840.01,6665860,0.0,CANDIDATE,CANDIDATE,1.2765916e-07
candidate_1333,K06752.01,6670610,1.0,CANDIDATE,CANDIDATE,1.0
candidate_1334,K06753.01,6670742,0.0,CANDIDATE,CANDIDATE,1.3719909e-11
candidate_1335,K05310.01,6675757,0.0,CANDIDATE,CANDIDATE,3.3293231e-06
candidate_1336,K01236.01,6677841,1.0,CANDIDATE,CONFIRMED,0.9999678
candidate_1337,K01236.02,6677841,1.0,CANDIDATE,CONFIRMED,0.9999999
candidate_1338,K01236.03,6677841,0.0,CANDIDATE,CONFIRMED,8.7314413e-07
candidate_1339,K01236.04,6677841,0.0,CANDIDATE,CONFIRMED,7.780185e-27
candidate_1340,K02862.01,6679295,1.0,CANDIDATE,CANDIDATE,0.99999595
candidate_1341,K03320.01,6690171,0.0,CANDIDATE,CANDIDATE,2.4497192e-08
candidate_1342,K04890.01,6691169,1.0,CANDIDATE,CANDIDATE,0.9999989
candidate_1343,K02851.01,6697605,0.0,CANDIDATE,CONFIRMED,1.2031524e-07
candidate_1344,K02851.02,6697605,0.0,CANDIDATE,CANDIDATE,1.5177685e-29
candidate_1345,K03508.01,6697817,0.0,CANDIDATE,CANDIDATE,8.128733e-16
candidate_1346,K06759.01,6697976,0.0,CANDIDATE,CANDIDATE,1.6656536e-10
candidate_1347,K03374.01,6705026,0.0,CANDIDATE,CONFIRMED,0.0075985594
candidate_1348,K03374.02,6705026,0.0,CANDIDATE,CANDIDATE,8.041723e-16
candidate_1349,K01758.01,6705142,1.0,CANDIDATE,CANDIDATE,0.99999917
candidate_1350,K06762.01,6715997,1.0,CANDIDATE,CANDIDATE,0.99895823
candidate_1351,K02679.01,6716021,0.0,CANDIDATE,CANDIDATE,0.12607029
candidate_1352,K02906.01,6716545,1.0,CANDIDATE,CONFIRMED,0.9996001
candidate_1353,K02906.02,6716545,0.0,CANDIDATE,CANDIDATE,5.588028e-18
candidate_1354,K02906.03,6716545,0.0,CANDIDATE,CANDIDATE,0.0001018701
candidate_1355,K04651.01,6717252,0.0,CANDIDATE,CANDIDATE,0.000105883075
candidate_1356,K05320.01,6719052,0.0,CANDIDATE,CANDIDATE,1.2135441e-30
candidate_1357,K01357.01,6719086,1.0,CANDIDATE,CANDIDATE,1.0
candidate_1358,K05321.01,6721603,0.0,CANDIDATE,CANDIDATE,8.636436e-09
candidate_1359,K05322.01,6756369,0.0,CANDIDATE,CANDIDATE,1.0282673e-12
candidate_1360,K06763.01,6763884,0.0,CANDIDATE,CANDIDATE,2.29267e-05
candidate_1361,K02592.01,6765135,0.0,CANDIDATE,CANDIDATE,3.6616347e-26
candidate_1362,K05324.01,6765563,0.0,CANDIDATE,CANDIDATE,4.014031e-14
candidate_1363,K04871.01,6767227,0.0,CANDIDATE,CANDIDATE,2.4215854e-08
candidate_1364,K04871.02,6767227,1.0,CANDIDATE,CANDIDATE,0.9561946
candidate_1365,K02086.01,6768394,1.0,CANDIDATE,CONFIRMED,1.0
candidate_1366,K02086.02,6768394,1.0,CANDIDATE,CONFIRMED,0.9999958
candidate_1367,K02086.03,6768394,1.0,CANDIDATE,CONFIRMED,0.99998915
candidate_1368,K02086.04,6768394,0.0,CANDIDATE,CANDIDATE,0.0
candidate_1369,K06765.01,6768616,1.0,CANDIDATE,CANDIDATE,1.0
candidate_1370,K06765.02,6768616,0.0,CANDIDATE,FALSE POSITIVE,0.28683737
candidate_1371,K05327.01,6776555,1.0,CANDIDATE,CANDIDATE,0.99999976
candidate_1372,K02678.01,6779260,1.0,CANDIDATE,CONFIRMED,0.9996655
candidate_1373,K02678.02,6779260,0.0,CANDIDATE,CANDIDATE,2.3329748e-11
candidate_1374,K04850.01,6786224,1.0,CANDIDATE,CANDIDATE,0.9999691
candidate_1375,K07791.01,6790592,0.0,CANDIDATE,CANDIDATE,4.487434e-14
candidate_1376,K04341.01,6792908,1.0,CANDIDATE,CANDIDATE,0.9999995
candidate_1377,K05329.01,6805414,1.0,CANDIDATE,CANDIDATE,0.9999995
candidate_1378,K01362.01,6837146,1.0,CANDIDATE,CANDIDATE,0.9999999
candidate_1379,K02914.01,6837283,1.0,CANDIDATE,CANDIDATE,0.99999726
candidate_1380,K04674.01,6839010,1.0,CANDIDATE,CANDIDATE,0.77226937
candidate_1381,K06774.01,6842345,0.0,CANDIDATE,CANDIDATE,6.935094e-10
candidate_1382,K02921.01,6842807,1.0,CANDIDATE,CANDIDATE,0.99999225
candidate_1383,K06776.01,6853172,1.0,CANDIDATE,CANDIDATE,0.9999733
candidate_1384,K06777.01,6859546,0.0,CANDIDATE,CANDIDATE,2.4378977e-09
candidate_1385,K00865.01,6862328,1.0,CANDIDATE,CANDIDATE,0.9532115
candidate_1386,K07793.01,6863158,0.0,CANDIDATE,CANDIDATE,3.2061217e-14
candidate_1387,K06781.01,6864706,0.0,CANDIDATE,CANDIDATE,1.0151204e-08
candidate_1388,K00868.01,6867155,0.0,CANDIDATE,CANDIDATE,1.8682065e-35
candidate_1389,K06783.01,6867219,0.0,CANDIDATE,CANDIDATE,1.2926157e-05
candidate_1390,K02439.01,6867555,1.0,CANDIDATE,CONFIRMED,0.9999975
candidate_1391,K02439.02,6867555,1.0,CANDIDATE,CANDIDATE,0.99999213
candidate_1392,K02571.01,6867588,0.0,CANDIDATE,CANDIDATE,1.4115054e-07
candidate_1393,K05331.01,6869373,1.0,CANDIDATE,CANDIDATE,0.9997516
candidate_1394,K02220.01,6871071,0.0,CANDIDATE,CONFIRMED,0.26517174
candidate_1395,K02220.02,6871071,1.0,CANDIDATE,CONFIRMED,1.0
candidate_1396,K02220.03,6871071,1.0,CANDIDATE,CONFIRMED,1.0
candidate_1397,K02220.04,6871071,1.0,CANDIDATE,CANDIDATE,1.0
candidate_1398,K02220.05,6871071,1.0,CANDIDATE,CANDIDATE,1.0
candidate_1399,K05332.01,6875342,1.0,CANDIDATE,CANDIDATE,0.9999995
candidate_1400,K07572.01,6876575,0.0,CANDIDATE,CANDIDATE,6.82786e-36
candidate_1401,K06786.01,6878408,0.0,CANDIDATE,CANDIDATE,0.0
candidate_1402,K05333.01,6879183,1.0,CANDIDATE,CANDIDATE,1.0
candidate_1403,K00417.01,6879865,0.0,CANDIDATE,CANDIDATE,4.7642625e-05
candidate_1404,K07795.01,6887030,1.0,CANDIDATE,CANDIDATE,0.9998863
candidate_1405,K07796.01,6891124,0.0,CANDIDATE,CANDIDATE,4.612323e-05
candidate_1406,K02578.01,6922203,1.0,CANDIDATE,CANDIDATE,0.9998392
candidate_1407,K05336.01,6934045,0.0,CANDIDATE,CANDIDATE,0.0
candidate_1408,K02294.01,6934986,1.0,CANDIDATE,CANDIDATE,0.9660571
candidate_1409,K04382.01,6937529,0.0,CANDIDATE,CONFIRMED,1.0108324e-11
candidate_1410,K04382.02,6937529,0.0,CANDIDATE,CANDIDATE,2.4049714e-05
candidate_1411,K05337.01,6939913,0.0,CANDIDATE,CANDIDATE,0.0
candidate_1412,K01359.01,6946199,1.0,CANDIDATE,CONFIRMED,1.0
candidate_1413,K01359.02,6946199,1.0,CANDIDATE,CANDIDATE,0.9998492
candidate_1414,K06150.01,6946681,0.0,CANDIDATE,CANDIDATE,5.0821915e-19
candidate_1415,K06151.01,6946708,0.0,CANDIDATE,CANDIDATE,7.862357e-24
candidate_1416,K06793.01,6947623,0.0,CANDIDATE,CANDIDATE,0.01022742
candidate_1417,K03455.01,6947668,1.0,CANDIDATE,CANDIDATE,0.99999905
candidate_1418,K03031.01,6949898,1.0,CANDIDATE,CANDIDATE,0.9999987
candidate_1419,K07798.01,6952971,0.0,CANDIDATE,CANDIDATE,3.5119147e-28
candidate_1420,K03329.01,6955671,1.0,CANDIDATE,CANDIDATE,1.0
candidate_1421,K06798.01,6956176,1.0,CANDIDATE,CANDIDATE,0.98960656
candidate_1422,K02756.01,6964929,0.0,CANDIDATE,CONFIRMED,0.0
candidate_1423,K02756.02,6964929,0.0,CANDIDATE,CANDIDATE,9.480691e-05
candidate_1424,K02925.01,6974658,0.0,CANDIDATE,CANDIDATE,0.001670756
candidate_1425,K01628.01,6975129,0.0,CANDIDATE,CONFIRMED,5.122319e-12
candidate_1426,K01628.02,6975129,1.0,CANDIDATE,CONFIRMED,0.82401204
candidate_1427,K01628.03,6975129,0.0,CANDIDATE,CANDIDATE,3.3380972e-12
candidate_1428,K05341.01,7009548,0.0,CANDIDATE,CANDIDATE,1.3264152e-10
candidate_1429,K03209.01,7017274,0.0,CANDIDATE,CANDIDATE,1.2867742e-05
candidate_1430,K03209.02,7017274,1.0,CANDIDATE,CANDIDATE,0.9999697
candidate_1431,K03689.01,7017372,1.0,CANDIDATE,CANDIDATE,0.99970704
candidate_1432,K05344.01,7018210,0.0,CANDIDATE,CANDIDATE,4.3742264e-21
candidate_1433,K00255.01,7021681,1.0,CANDIDATE,CONFIRMED,0.9999999
candidate_1434,K00255.02,7021681,1.0,CANDIDATE,CANDIDATE,0.9999559
candidate_1435,K00255.03,7021681,0.0,CANDIDATE,FALSE POSITIVE,3.3406337e-07
candidate_1436,K03112.01,7022573,1.0,CANDIDATE,CANDIDATE,0.9999188
candidate_1437,K00871.01,7031517,1.0,CANDIDATE,CANDIDATE,0.99502325
candidate_1438,K02339.01,7033233,1.0,CANDIDATE,CONFIRMED,0.999998
candidate_1439,K02339.02,7033233,0.0,CANDIDATE,CANDIDATE,2.1025986e-19
candidate_1440,K01899.01,7047922,1.0,CANDIDATE,CONFIRMED,1.0
candidate_1441,K01899.02,7047922,0.0,CANDIDATE,CANDIDATE,0.001082095
candidate_1442,K00064.01,7051180,0.0,CANDIDATE,CANDIDATE,1.2573668e-05
candidate_1443,K02879.01,7051984,0.0,CANDIDATE,CANDIDATE,6.6094505e-16
candidate_1444,K03433.01,7093401,1.0,CANDIDATE,CANDIDATE,0.99999976
candidate_1445,K04859.01,7094944,1.0,CANDIDATE,CANDIDATE,0.9999999
candidate_1446,K04762.01,7098255,1.0,CANDIDATE,CANDIDATE,0.9999814
candidate_1447,K04032.01,7100673,1.0,CANDIDATE,CONFIRMED,1.0
candidate_1448,K04032.02,7100673,1.0,CANDIDATE,CONFIRMED,0.99999976
candidate_1449,K04032.03,7100673,1.0,CANDIDATE,CONFIRMED,1.0
candidate_1450,K04032.04,7100673,1.0,CANDIDATE,CONFIRMED,0.9888652
candidate_1451,K04032.05,7100673,1.0,CANDIDATE,CANDIDATE,0.9999993
candidate_1452,K05352.01,7101726,0.0,CANDIDATE,CANDIDATE,0.0
candidate_1453,K01360.01,7102227,1.0,CANDIDATE,CONFIRMED,0.9999999
candidate_1454,K01360.02,7102227,1.0,CANDIDATE,CONFIRMED,1.0
candidate_1455,K01360.03,7102227,0.0,CANDIDATE,CONFIRMED,0.0009525548
candidate_1456,K06819.01,7103300,1.0,CANDIDATE,CANDIDATE,0.9999685
candidate_1457,K03083.01,7106173,1.0,CANDIDATE,CANDIDATE,0.9999994
candidate_1458,K03083.02,7106173,0.0,CANDIDATE,CANDIDATE,0.00020607555
candidate_1459,K03083.03,7106173,0.0,CANDIDATE,CANDIDATE,2.7953678e-05
candidate_1460,K02420.01,7107802,1.0,CANDIDATE,CONFIRMED,0.99998605
candidate_1461,K02420.02,7107802,0.0,CANDIDATE,CANDIDATE,1.7942876e-10
candidate_1462,K00566.01,7119481,1.0,CANDIDATE,CONFIRMED,1.0
candidate_1463,K00566.02,7119481,1.0,CANDIDATE,CANDIDATE,0.99964833
candidate_1464,K00566.03,7119481,1.0,CANDIDATE,CANDIDATE,0.99271286
candidate_1465,K05358.01,7125794,0.0,CANDIDATE,CANDIDATE,0.0
candidate_1466,K05359.01,7130612,1.0,CANDIDATE,CANDIDATE,0.9999982
candidate_1467,K05360.01,7132462,0.0,CANDIDATE,CANDIDATE,6.805315e-17
candidate_1468,K07818.01,7134626,0.0,CANDIDATE,CANDIDATE,1.775888e-06
candidate_1469,K06835.01,7135549,0.0,CANDIDATE,CANDIDATE,1.2259451e-06
candidate_1470,K05365.01,7186436,0.0,CANDIDATE,CANDIDATE,0.0
candidate_1471,K05367.01,7191523,0.0,CANDIDATE,CANDIDATE,0.0
candidate_1472,K04358.01,7191646,0.0,CANDIDATE,CANDIDATE,0.34940815
candidate_1473,K05369.01,7198587,0.0,CANDIDATE,CANDIDATE,1.5985415e-07
candidate_1474,K04152.01,7199060,0.0,CANDIDATE,CANDIDATE,7.697389e-10
candidate_1475,K00075.01,7199397,1.0,CANDIDATE,CANDIDATE,0.9999951
candidate_1476,K01739.01,7199906,0.0,CANDIDATE,CANDIDATE,2.0303628e-20
candidate_1477,K05371.01,7204233,0.0,CANDIDATE,CANDIDATE,6.549927e-07
candidate_1478,K05372.01,7205717,0.0,CANDIDATE,CANDIDATE,2.5389048e-34
candidate_1479,K05373.01,7206422,0.0,CANDIDATE,CANDIDATE,4.3809154e-15
candidate_1480,K05375.01,7213311,0.0,CANDIDATE,CANDIDATE,7.1589944e-14
candidate_1481,K02354.01,7215678,0.0,CANDIDATE,CANDIDATE,0.09623527
candidate_1482,K06849.01,7217088,1.0,CANDIDATE,CANDIDATE,1.0
candidate_1483,K00238.01,7219825,1.0,CANDIDATE,CONFIRMED,1.0
candidate_1484,K00238.02,7219825,1.0,CANDIDATE,CONFIRMED,1.0
candidate_1485,K00238.03,7219825,0.0,CANDIDATE,CANDIDATE,0.0
candidate_1486,K04136.01,7256914,0.0,CANDIDATE,CANDIDATE,0.10673831
candidate_1487,K04136.02,7256914,1.0,CANDIDATE,CANDIDATE,0.77519715
candidate_1488,K04737.01,7266212,1.0,CANDIDATE,CANDIDATE,0.99999774
candidate_1489,K04466.01,7272132,1.0,CANDIDATE,CANDIDATE,0.96812207
candidate_1490,K05379.01,7282470,0.0,CANDIDATE,CANDIDATE,6.729691e-34
candidate_1491,K03271.01,7285757,1.0,CANDIDATE,CONFIRMED,1.0
candidate_1492,K03271.02,7285757,0.0,CANDIDATE,CANDIDATE,0.0028306323
candidate_1493,K07832.01,7287028,0.0,CANDIDATE,CANDIDATE,0.010572359
candidate_1494,K04815.01,7287677,1.0,CANDIDATE,CANDIDATE,0.9999423
candidate_1495,K01622.01,7287683,1.0,CANDIDATE,CANDIDATE,1.0
candidate_1496,K05380.01,7289139,0.0,CANDIDATE,CANDIDATE,0.0
candidate_1497,K02450.01,7289317,1.0,CANDIDATE,CONFIRMED,0.9999999
candidate_1498,K02450.02,7289317,1.0,CANDIDATE,CANDIDATE,1.0
candidate_1499,K03420.01,7289338,0.0,CANDIDATE,CANDIDATE,1.4520815e-06
candidate_1500,K03420.02,7289338,1.0,CANDIDATE,CANDIDATE,0.95602566
candidate_1501,K02516.01,7294743,0.0,CANDIDATE,CANDIDATE,6.050299e-09
candidate_1502,K00364.01,7296438,0.0,CANDIDATE,CANDIDATE,0.0
candidate_1503,K07833.01,7300182,0.0,CANDIDATE,CANDIDATE,0.0
candidate_1504,K01353.01,7303287,0.0,CANDIDATE,CONFIRMED,0.0
candidate_1505,K01353.02,7303287,0.0,CANDIDATE,CONFIRMED,1.1607674e-06
candidate_1506,K01353.03,7303287,0.0,CANDIDATE,CONFIRMED,0.0
candidate_1507,K06860.01,7335514,0.0,CANDIDATE,CANDIDATE,1.1736618e-05
candidate_1508,K04864.01,7345248,0.0,CANDIDATE,CANDIDATE,2.444808e-09
candidate_1509,K06862.01,7345335,0.0,CANDIDATE,CANDIDATE,5.593528e-07
candidate_1510,K01356.01,7363829,0.0,CANDIDATE,CANDIDATE,4.4336056e-14
candidate_1511,K07834.01,7366501,1.0,CANDIDATE,CANDIDATE,0.9969452
candidate_1512,K07835.01,7367164,0.0,CANDIDATE,CANDIDATE,1.8731573e-07
candidate_1513,K00266.01,7375348,1.0,CANDIDATE,CONFIRMED,0.9999999
candidate_1514,K00266.02,7375348,0.0,CANDIDATE,CANDIDATE,0.06119718
candidate_1515,K01358.01,7376983,1.0,CANDIDATE,CONFIRMED,0.9999958
candidate_1516,K01358.02,7376983,1.0,CANDIDATE,CONFIRMED,0.99998343
candidate_1517,K01358.03,7376983,1.0,CANDIDATE,CONFIRMED,0.99999964
candidate_1518,K01358.04,7376983,1.0,CANDIDATE,CONFIRMED,0.99999857
candidate_1519,K05384.01,7377343,1.0,CANDIDATE,CANDIDATE,0.9999975
candidate_1520,K00883.01,7380537,1.0,CANDIDATE,CANDIDATE,0.9999993
candidate_1521,K06872.01,7381580,0.0,CANDIDATE,CANDIDATE,6.961147e-05
candidate_1522,K05385.01,7383840,0.0,CANDIDATE,CANDIDATE,2.464447e-28
candidate_1523,K05387.01,7416016,0.0,CANDIDATE,CANDIDATE,8.0525166e-32
candidate_1524,K05388.01,7416306,1.0,CANDIDATE,CANDIDATE,0.86094606
candidate_1525,K05389.01,7416646,0.0,CANDIDATE,CANDIDATE,0.0
candidate_1526,K05390.01,7440715,0.0,CANDIDATE,CANDIDATE,1.04131805e-29
candidate_1527,K02598.01,7446631,1.0,CANDIDATE,CANDIDATE,1.0
candidate_1528,K06878.01,7447895,1.0,CANDIDATE,CANDIDATE,0.99999917
candidate_1529,K02357.01,7449554,0.0,CANDIDATE,CANDIDATE,1.6469111e-06
candidate_1530,K02357.02,7449554,1.0,CANDIDATE,CANDIDATE,0.99999964
candidate_1531,K05393.01,7458743,0.0,CANDIDATE,CANDIDATE,3.000831e-35
candidate_1532,K06882.01,7461521,0.0,CANDIDATE,CANDIDATE,1.014321e-11
candidate_1533,K02959.01,7466270,1.0,CANDIDATE,CANDIDATE,0.99999964
candidate_1534,K01473.01,7499398,1.0,CANDIDATE,CANDIDATE,0.9999994
candidate_1535,K02572.01,7501646,1.0,CANDIDATE,CANDIDATE,0.9993666
candidate_1536,K00458.01,7504328,0.0,CANDIDATE,CANDIDATE,0.4813898
candidate_1537,K01480.01,7512982,1.0,CANDIDATE,CONFIRMED,1.0
candidate_1538,K01480.02,7512982,1.0,CANDIDATE,CANDIDATE,0.8217217
candidate_1539,K04663.01,7515336,1.0,CANDIDATE,CANDIDATE,0.99317616
candidate_1540,K03496.01,7517261,1.0,CANDIDATE,CONFIRMED,0.99524826
candidate_1541,K03496.02,7517261,1.0,CANDIDATE,CANDIDATE,0.999995
candidate_1542,K06884.01,7537660,0.0,CANDIDATE,CANDIDATE,4.2900797e-38
candidate_1543,K05398.01,7539277,0.0,CANDIDATE,CANDIDATE,0.0
candidate_1544,K04419.01,7582691,0.0,CANDIDATE,CANDIDATE,0.0
candidate_1545,K04614.01,7583650,1.0,CANDIDATE,CANDIDATE,0.97359055
candidate_1546,K06889.01,7592529,0.0,CANDIDATE,CANDIDATE,1.0531865e-08
candidate_1547,K06890.01,7592922,0.0,CANDIDATE,CANDIDATE,2.697527e-09
candidate_1548,K07842.01,7601665,0.0,CANDIDATE,CANDIDATE,1.5622155e-09
candidate_1549,K06892.01,7602351,1.0,CANDIDATE,CANDIDATE,0.9992353
candidate_1550,K02924.01,7609553,0.0,CANDIDATE,CONFIRMED,0.0018440788
candidate_1551,K02924.02,7609553,0.0,CANDIDATE,CANDIDATE,0.00037490737
candidate_1552,K03128.01,7609674,1.0,CANDIDATE,CANDIDATE,1.0
candidate_1553,K07843.01,7613620,0.0,CANDIDATE,CANDIDATE,0.0
candidate_1554,K00682.01,7619236,0.0,CANDIDATE,CANDIDATE,4.575618e-12
candidate_1555,K02103.01,7620413,1.0,CANDIDATE,CONFIRMED,0.99919146
candidate_1556,K02103.02,7620413,0.0,CANDIDATE,CANDIDATE,0.020515803
candidate_1557,K05406.01,7625138,0.0,CANDIDATE,CANDIDATE,4.975032e-06
candidate_1558,K05407.01,7625143,0.0,CANDIDATE,CANDIDATE,0.0
candidate_1559,K00683.01,7630229,0.0,CANDIDATE,CANDIDATE,0.0
candidate_1560,K05408.01,7631138,0.0,CANDIDATE,CANDIDATE,0.0
candidate_1561,K04296.01,7661893,0.0,CANDIDATE,CANDIDATE,0.011457811
candidate_1562,K05410.01,7662502,1.0,CANDIDATE,CANDIDATE,0.99999845
candidate_1563,K01519.01,7663405,1.0,CANDIDATE,CONFIRMED,0.9999994
candidate_1564,K01519.02,7663405,0.0,CANDIDATE,CANDIDATE,0.18928394
candidate_1565,K03089.01,7668416,0.0,CANDIDATE,CANDIDATE,7.388149e-16
candidate_1566,K07846.01,7671950,0.0,CANDIDATE,CANDIDATE,4.282257e-06
candidate_1567,K05411.01,7672215,0.0,CANDIDATE,CANDIDATE,0.16205695
candidate_1568,K02722.01,7673192,1.0,CANDIDATE,CONFIRMED,0.9999999
candidate_1569,K02722.02,7673192,1.0,CANDIDATE,CONFIRMED,0.99999905
candidate_1570,K02722.03,7673192,1.0,CANDIDATE,CONFIRMED,0.99993277
candidate_1571,K02722.04,7673192,1.0,CANDIDATE,CONFIRMED,0.9999999
candidate_1572,K02722.05,7673192,1.0,CANDIDATE,CANDIDATE,0.9860562
candidate_1573,K06904.01,7687365,0.0,CANDIDATE,CANDIDATE,2.8487313e-10
candidate_1574,K05413.01,7690782,0.0,CANDIDATE,CANDIDATE,0.0
candidate_1575,K03337.01,7692093,1.0,CANDIDATE,CANDIDATE,0.9999999
candidate_1576,K03337.02,7692093,0.0,CANDIDATE,FALSE POSITIVE,2.7084016e-11
candidate_1577,K04886.01,7692248,1.0,CANDIDATE,CANDIDATE,0.9999919
candidate_1578,K03430.01,7697103,1.0,CANDIDATE,CANDIDATE,0.9526268
candidate_1579,K06907.01,7700500,0.0,CANDIDATE,CANDIDATE,2.483825e-06
candidate_1580,K00684.01,7730747,1.0,CANDIDATE,CANDIDATE,0.99999833
candidate_1581,K04022.01,7733731,1.0,CANDIDATE,CANDIDATE,1.0
candidate_1582,K02324.01,7746958,1.0,CANDIDATE,CANDIDATE,0.96090263
candidate_1583,K05418.01,7747091,1.0,CANDIDATE,CANDIDATE,0.99999654
candidate_1584,K07847.01,7747103,0.0,CANDIDATE,CANDIDATE,1.9963207e-34
candidate_1585,K03394.01,7748487,1.0,CANDIDATE,CANDIDATE,0.9999999
candidate_1586,K04325.01,7749002,0.0,CANDIDATE,CANDIDATE,1.9540507e-13
candidate_1587,K01708.01,7750419,0.0,CANDIDATE,CANDIDATE,3.294444e-06
candidate_1588,K06913.01,7755741,0.0,CANDIDATE,FALSE POSITIVE,9.363595e-31
candidate_1589,K06913.02,7755741,0.0,CANDIDATE,CANDIDATE,6.030679e-16
candidate_1590,K05422.01,7757620,0.0,CANDIDATE,CANDIDATE,2.7723316e-25
candidate_1591,K04105.01,7758018,0.0,CANDIDATE,CANDIDATE,5.4539074e-24
candidate_1592,K05423.01,7762153,0.0,CANDIDATE,CANDIDATE,1.563613e-20
candidate_1593,K01840.01,7765528,1.0,CANDIDATE,CONFIRMED,1.0
candidate_1594,K01840.02,7765528,0.0,CANDIDATE,CANDIDATE,0.00038367705
candidate_1595,K02869.01,7767162,1.0,CANDIDATE,CONFIRMED,0.9999937
candidate_1596,K02869.02,7767162,0.0,CANDIDATE,CANDIDATE,0.0
candidate_1597,K05425.01,7767781,0.0,CANDIDATE,CANDIDATE,2.3543362e-17
candidate_1598,K01527.01,7768451,0.0,CANDIDATE,CANDIDATE,0.005685444
candidate_1599,K05426.01,7770901,0.0,CANDIDATE,CANDIDATE,0.0
candidate_1600,K04797.01,7771181,1.0,CANDIDATE,CANDIDATE,0.573175
candidate_1601,K03339.01,7772914,1.0,CANDIDATE,CANDIDATE,0.99997616
candidate_1602,K04482.01,7778427,0.0,CANDIDATE,CANDIDATE,0.013789279
candidate_1603,K07849.01,7778664,0.0,CANDIDATE,CANDIDATE,1.1916535e-12
candidate_1604,K02523.01,7778767,1.0,CANDIDATE,CONFIRMED,0.999907
candidate_1605,K02523.02,7778767,1.0,CANDIDATE,CANDIDATE,0.7098809
candidate_1606,K04361.01,7801070,1.0,CANDIDATE,CANDIDATE,0.9999453
candidate_1607,K06918.01,7811211,0.0,CANDIDATE,CANDIDATE,1.2067299e-25
candidate_1608,K01477.01,7811397,0.0,CANDIDATE,CANDIDATE,7.625043e-07
candidate_1609,K06919.01,7812893,1.0,CANDIDATE,CANDIDATE,0.8542488
candidate_1610,K05431.01,7812990,0.0,CANDIDATE,CANDIDATE,1.3229814e-19
candidate_1611,K03787.01,7813039,1.0,CANDIDATE,CANDIDATE,0.9999883
candidate_1612,K06921.01,7816935,1.0,CANDIDATE,CANDIDATE,0.9988688
candidate_1613,K04555.01,7820699,0.0,CANDIDATE,CANDIDATE,3.6552696e-26
candidate_1614,K00896.01,7825899,1.0,CANDIDATE,CONFIRMED,0.9999589
candidate_1615,K00896.02,7825899,1.0,CANDIDATE,CONFIRMED,0.9999969
candidate_1616,K00896.03,7825899,0.0,CANDIDATE,CANDIDATE,5.6421015e-07
candidate_1617,K05433.01,7829836,0.0,CANDIDATE,CANDIDATE,0.0
candidate_1618,K05434.01,7830953,0.0,CANDIDATE,CANDIDATE,7.9339e-37
candidate_1619,K08270.01,7832787,0.0,CANDIDATE,CANDIDATE,2.0025965e-09
candidate_1620,K04528.01,7833305,1.0,CANDIDATE,CANDIDATE,0.99995387
candidate_1621,K04630.01,7834045,1.0,CANDIDATE,CANDIDATE,0.99999714
candidate_1622,K07850.01,7834712,0.0,CANDIDATE,CANDIDATE,1.38646685e-08
candidate_1623,K05435.01,7836096,1.0,CANDIDATE,CANDIDATE,1.0
candidate_1624,K01499.01,7841925,1.0,CANDIDATE,CONFIRMED,1.0
candidate_1625,K01499.02,7841925,1.0,CANDIDATE,CANDIDATE,0.9793204
candidate_1626,K01499.03,7841925,1.0,CANDIDATE,CONFIRMED,0.9999999
candidate_1627,K06925.01,7868967,1.0,CANDIDATE,CANDIDATE,0.9997693
candidate_1628,K01525.01,7869917,1.0,CANDIDATE,CONFIRMED,1.0
candidate_1629,K01525.02,7869917,0.0,CANDIDATE,CONFIRMED,0.0054845787
candidate_1630,K05437.01,7881464,0.0,CANDIDATE,CANDIDATE,2.6393667e-21
candidate_1631,K01964.01,7887791,1.0,CANDIDATE,CANDIDATE,0.99999654
candidate_1632,K05440.01,7888863,0.0,CANDIDATE,CANDIDATE,1.0898293e-09
candidate_1633,K04699.01,7891294,0.0,CANDIDATE,CANDIDATE,6.918979e-07
candidate_1634,K02683.01,7899070,1.0,CANDIDATE,CANDIDATE,1.0
candidate_1635,K04257.01,7901016,1.0,CANDIDATE,CANDIDATE,0.99999964
candidate_1636,K03236.01,7902003,1.0,CANDIDATE,CANDIDATE,0.9999567
candidate_1637,K06931.01,7902204,0.0,CANDIDATE,CANDIDATE,0.00011084341
candidate_1638,K04582.01,7905106,0.0,CANDIDATE,CANDIDATE,3.2408936e-06
candidate_1639,K00686.01,7906882,0.0,CANDIDATE,CANDIDATE,0.0025102554
candidate_1640,K04773.01,7906892,0.0,CANDIDATE,CANDIDATE,0.0010851223
candidate_1641,K04773.02,7906892,0.0,CANDIDATE,CANDIDATE,4.7064254e-06
candidate_1642,K04109.01,7907808,0.0,CANDIDATE,CANDIDATE,3.854336e-06
candidate_1643,K05446.01,7917068,0.0,CANDIDATE,CANDIDATE,0.0
candidate_1644,K04209.01,7918478,0.0,CANDIDATE,CANDIDATE,1.1725544e-06
candidate_1645,K02984.01,7918652,1.0,CANDIDATE,CANDIDATE,0.9999993
candidate_1646,K06934.01,7939761,0.0,CANDIDATE,CANDIDATE,0.0011433496
candidate_1647,K04759.01,7949593,1.0,CANDIDATE,CANDIDATE,0.9999995
candidate_1648,K05451.01,7950158,0.0,CANDIDATE,CANDIDATE,4.251497e-31
candidate_1649,K07859.01,7954278,0.0,CANDIDATE,CANDIDATE,0.0
candidate_1650,K00687.01,7976520,0.0,CANDIDATE,CANDIDATE,6.6111124e-07
candidate_1651,K05455.01,7979297,0.0,CANDIDATE,CANDIDATE,0.0
candidate_1652,K03214.01,7983117,1.0,CANDIDATE,CONFIRMED,0.9860832
candidate_1653,K03214.02,7983117,0.0,CANDIDATE,CANDIDATE,6.307763e-05
candidate_1654,K01552.01,7984047,1.0,CANDIDATE,CANDIDATE,0.538874
candidate_1655,K02400.01,7984574,1.0,CANDIDATE,CANDIDATE,1.0
candidate_1656,K05457.01,8005002,0.0,CANDIDATE,CANDIDATE,0.0
candidate_1657,K05458.01,8007174,1.0,CANDIDATE,CANDIDATE,0.99999607
candidate_1658,K06949.01,8007675,0.0,CANDIDATE,CANDIDATE,4.055117e-09
candidate_1659,K00316.01,8008067,1.0,CANDIDATE,CONFIRMED,1.0
candidate_1660,K00316.02,8008067,0.0,CANDIDATE,CONFIRMED,5.130579e-30
candidate_1661,K00316.03,8008067,1.0,CANDIDATE,CONFIRMED,1.0
candidate_1662,K05459.01,8009811,0.0,CANDIDATE,CANDIDATE,0.0
candidate_1663,K00901.01,8013419,1.0,CANDIDATE,CANDIDATE,0.99999213
candidate_1664,K05461.01,8016650,0.0,CANDIDATE,CANDIDATE,1.1653918e-18
candidate_1665,K06954.01,8016692,0.0,CANDIDATE,CANDIDATE,7.1907698e-09
candidate_1666,K00902.01,8018547,1.0,CANDIDATE,CANDIDATE,0.99999225
candidate_1667,K08272.01,8022520,0.0,CANDIDATE,CANDIDATE,1.4183925e-21
candidate_1668,K05467.01,8040308,0.0,CANDIDATE,CANDIDATE,0.0
candidate_1669,K05468.01,8040457,0.0,CANDIDATE,CANDIDATE,0.0
candidate_1670,K06957.01,8042644,0.0,CANDIDATE,CANDIDATE,5.859178e-14
candidate_1671,K00460.01,8043638,1.0,CANDIDATE,CONFIRMED,0.9999995
candidate_1672,K00460.02,8043638,0.0,CANDIDATE,CANDIDATE,9.602293e-12
candidate_1673,K05470.01,8044083,0.0,CANDIDATE,CANDIDATE,4.2460356e-23
candidate_1674,K01560.01,8046659,0.0,CANDIDATE,CANDIDATE,0.00055316096
candidate_1675,K01549.01,8053552,0.0,CANDIDATE,CANDIDATE,0.00064087997
candidate_1676,K04776.01,8054719,0.0,CANDIDATE,CANDIDATE,0.02793031
candidate_1677,K02486.01,8074328,1.0,CANDIDATE,CANDIDATE,0.99999774
candidate_1678,K05472.01,8076215,0.0,CANDIDATE,CANDIDATE,1.2368438e-25
candidate_1679,K06960.01,8091197,1.0,CANDIDATE,CANDIDATE,0.99987745
candidate_1680,K05473.01,8094942,0.0,CANDIDATE,CANDIDATE,0.0
candidate_1681,K07587.01,8096395,0.0,CANDIDATE,CANDIDATE,1.6480883e-38
candidate_1682,K04487.01,8098212,0.0,CANDIDATE,CANDIDATE,1.9274316e-06
candidate_1683,K06966.01,8098960,1.0,CANDIDATE,CANDIDATE,1.0
candidate_1684,K05474.01,8099517,0.0,CANDIDATE,CANDIDATE,7.999895e-27
candidate_1685,K05475.01,8105398,0.0,CANDIDATE,CONFIRMED,1.7837423e-21
candidate_1686,K05475.02,8105398,0.0,CANDIDATE,CANDIDATE,5.19616e-05
candidate_1687,K05476.01,8105719,0.0,CANDIDATE,CANDIDATE,0.0
candidate_1688,K07863.01,8107150,0.0,CANDIDATE,CANDIDATE,6.1251094e-14
candidate_1689,K04656.01,8107611,0.0,CANDIDATE,CANDIDATE,0.03428766
candidate_1690,K07865.01,8110757,0.0,CANDIDATE,CANDIDATE,3.7107558e-14
candidate_1691,K06970.01,8115647,0.0,CANDIDATE,CANDIDATE,6.629973e-05
candidate_1692,K06971.01,8120820,0.0,CANDIDATE,CANDIDATE,0.0
candidate_1693,K00317.01,8121310,1.0,CANDIDATE,CONFIRMED,1.0
candidate_1694,K00317.02,8121310,1.0,CANDIDATE,CANDIDATE,0.9982963
candidate_1695,K03486.01,8121328,1.0,CANDIDATE,CANDIDATE,0.9967621
candidate_1696,K05479.01,8125917,0.0,CANDIDATE,CANDIDATE,5.564377e-14
candidate_1697,K05480.01,8129333,0.0,CANDIDATE,CANDIDATE,1.3638134e-15
candidate_1698,K06978.01,8145958,1.0,CANDIDATE,CANDIDATE,0.999806
candidate_1699,K06980.01,8155654,0.0,CANDIDATE,CANDIDATE,0.00020294715
candidate_1700,K01015.01,8158127,1.0,CANDIDATE,CONFIRMED,1.0
candidate_1701,K01015.02,8158127,1.0,CANDIDATE,CONFIRMED,0.9999999
candidate_1702,K01015.03,8158127,1.0,CANDIDATE,CANDIDATE,1.0
candidate_1703,K05482.01,8158429,0.0,CANDIDATE,CANDIDATE,4.034081e-09
candidate_1704,K01858.01,8160953,0.0,CANDIDATE,CONFIRMED,1.1103108e-37
candidate_1705,K01858.02,8160953,0.0,CANDIDATE,CANDIDATE,0.0
candidate_1706,K00521.01,8162789,1.0,CANDIDATE,CONFIRMED,0.99889874
candidate_1707,K00521.02,8162789,0.0,CANDIDATE,CANDIDATE,1.3756704e-06
candidate_1708,K06172.01,8163784,0.0,CANDIDATE,CANDIDATE,1.1439665e-11
candidate_1709,K06173.01,8165617,0.0,CANDIDATE,CANDIDATE,0.0
candidate_1710,K06983.01,8167504,0.0,CANDIDATE,CANDIDATE,1.07849154e-07
candidate_1711,K02209.01,8168187,1.0,CANDIDATE,CONFIRMED,0.9999808
candidate_1712,K02209.02,8168187,1.0,CANDIDATE,CANDIDATE,0.9999038
candidate_1713,K07589.01,8168509,0.0,CANDIDATE,CANDIDATE,0.0
candidate_1714,K02720.01,8176564,1.0,CANDIDATE,CANDIDATE,0.9999994
candidate_1715,K06985.01,8180290,1.0,CANDIDATE,CANDIDATE,0.9897912
candidate_1716,K07870.01,8182107,0.0,CANDIDATE,CANDIDATE,0.0
candidate_1717,K02480.01,8189801,0.0,CANDIDATE,CANDIDATE,0.00042354496
candidate_1718,K04634.01,8196226,1.0,CANDIDATE,CANDIDATE,0.9987619
candidate_1719,K05485.01,8197176,0.0,CANDIDATE,CANDIDATE,0.16445848
candidate_1720,K05486.01,8197406,1.0,CANDIDATE,CANDIDATE,0.99999857
candidate_1721,K03123.01,8197793,1.0,CANDIDATE,CANDIDATE,0.991366
candidate_1722,K02593.01,8212002,1.0,CANDIDATE,CONFIRMED,0.9999956
candidate_1723,K02593.02,8212002,1.0,CANDIDATE,CANDIDATE,0.99495536
candidate_1724,K04838.01,8216763,0.0,CANDIDATE,CANDIDATE,0.016255008
candidate_1725,K04838.02,8216763,1.0,CANDIDATE,CANDIDATE,0.60370016
candidate_1726,K04838.03,8216763,1.0,CANDIDATE,CANDIDATE,0.9999999
candidate_1727,K01920.01,8218379,1.0,CANDIDATE,CONFIRMED,1.0
candidate_1728,K01920.02,8218379,1.0,CANDIDATE,CANDIDATE,0.50152165
candidate_1729,K07873.01,8222395,0.0,CANDIDATE,CANDIDATE,2.5044867e-06
candidate_1730,K04098.01,8222627,0.0,CANDIDATE,CANDIDATE,1.2906412e-07
candidate_1731,K05487.01,8223445,0.0,CANDIDATE,CANDIDATE,2.4575797e-10
candidate_1732,K06176.01,8223568,0.0,CANDIDATE,CANDIDATE,0.0
candidate_1733,K06176.02,8223568,0.0,CANDIDATE,CANDIDATE,0.0
candidate_1734,K01910.01,8226050,1.0,CANDIDATE,CONFIRMED,1.0
candidate_1735,K01910.02,8226050,1.0,CANDIDATE,CANDIDATE,0.9999713
candidate_1736,K06993.01,8227086,1.0,CANDIDATE,CANDIDATE,1.0
candidate_1737,K06994.01,8227464,1.0,CANDIDATE,CANDIDATE,0.9443196
candidate_1738,K04834.01,8233326,1.0,CANDIDATE,CANDIDATE,0.90720254
candidate_1739,K02474.01,8240617,0.0,CANDIDATE,CANDIDATE,0.0
candidate_1740,K04426.01,8240790,0.0,CANDIDATE,CANDIDATE,0.0
candidate_1741,K01070.01,8240904,1.0,CANDIDATE,CONFIRMED,1.0
candidate_1742,K01070.02,8240904,1.0,CANDIDATE,CONFIRMED,0.8863751
candidate_1743,K01070.03,8240904,0.0,CANDIDATE,CANDIDATE,4.358729e-34
candidate_1744,K03020.01,8241079,1.0,CANDIDATE,CANDIDATE,0.9238481
candidate_1745,K07875.01,8242769,0.0,CANDIDATE,CANDIDATE,3.219428e-09
candidate_1746,K02569.01,8247770,1.0,CANDIDATE,CANDIDATE,0.9999964
candidate_1747,K07002.01,8248103,1.0,CANDIDATE,CANDIDATE,0.99973124
candidate_1748,K07003.01,8256882,1.0,CANDIDATE,CANDIDATE,0.9999964
candidate_1749,K02935.01,8259713,1.0,CANDIDATE,CANDIDATE,0.9999999
candidate_1750,K01066.01,8260218,1.0,CANDIDATE,CANDIDATE,0.9999982
candidate_1751,K02174.01,8261920,1.0,CANDIDATE,CANDIDATE,1.0
candidate_1752,K02174.02,8261920,0.0,CANDIDATE,CONFIRMED,4.439518e-14
candidate_1753,K02174.03,8261920,1.0,CANDIDATE,CONFIRMED,1.0
candidate_1754,K02174.04,8261920,1.0,CANDIDATE,CANDIDATE,0.9641471
candidate_1755,K07878.01,8263187,0.0,CANDIDATE,CANDIDATE,0.037538476
candidate_1756,K04037.01,8264402,0.0,CANDIDATE,CANDIDATE,0.0
candidate_1757,K00522.01,8265218,1.0,CANDIDATE,CANDIDATE,1.0
candidate_1758,K04799.01,8278073,1.0,CANDIDATE,CANDIDATE,0.99996233
candidate_1759,K04435.01,8278685,1.0,CANDIDATE,CANDIDATE,0.99999964
candidate_1760,K04435.02,8278685,1.0,CANDIDATE,CANDIDATE,0.9997341
candidate_1761,K05497.01,8279146,0.0,CANDIDATE,CANDIDATE,8.156244e-31
candidate_1762,K01151.01,8280511,1.0,CANDIDATE,CONFIRMED,1.0
candidate_1763,K01151.02,8280511,1.0,CANDIDATE,CONFIRMED,1.0
candidate_1764,K01151.03,8280511,1.0,CANDIDATE,CONFIRMED,1.0
candidate_1765,K01151.04,8280511,1.0,CANDIDATE,CANDIDATE,0.9999713
candidate_1766,K01151.05,8280511,1.0,CANDIDATE,CANDIDATE,0.99957365
candidate_1767,K02193.01,8282651,1.0,CANDIDATE,CONFIRMED,1.0
candidate_1768,K02193.02,8282651,0.0,CANDIDATE,CANDIDATE,0.0001395103
candidate_1769,K07007.01,8283875,0.0,CANDIDATE,CANDIDATE,0.0002769643
candidate_1770,K05499.01,8294683,0.0,CANDIDATE,CANDIDATE,4.2264273e-20
candidate_1771,K05500.01,8295087,0.0,CANDIDATE,CANDIDATE,8.245949e-21
candidate_1772,K07879.01,8297017,0.0,CANDIDATE,CANDIDATE,0.0
candidate_1773,K07591.01,8297319,0.0,CANDIDATE,CANDIDATE,2.1062834e-29
candidate_1774,K03301.01,8301878,1.0,CANDIDATE,CANDIDATE,0.9999975
candidate_1775,K05502.01,8307489,0.0,CANDIDATE,CANDIDATE,0.0
candidate_1776,K03761.01,8308347,0.0,CANDIDATE,CANDIDATE,5.166412e-15
candidate_1777,K07880.01,8308516,0.0,CANDIDATE,CANDIDATE,2.9862557e-15
candidate_1778,K01145.01,8313667,1.0,CANDIDATE,CANDIDATE,1.0
candidate_1779,K04846.01,8320630,0.0,CANDIDATE,CANDIDATE,0.0019551886
candidate_1780,K04846.02,8320630,0.0,CANDIDATE,CANDIDATE,0.0034080117
candidate_1781,K03767.01,8323764,1.0,CANDIDATE,CANDIDATE,0.9999894
candidate_1782,K04393.01,8324518,1.0,CANDIDATE,CANDIDATE,1.0
candidate_1783,K02680.01,8326342,1.0,CANDIDATE,CANDIDATE,0.99999964
candidate_1784,K04790.01,8328916,1.0,CANDIDATE,CANDIDATE,0.998863
candidate_1785,K08275.01,8329346,0.0,CANDIDATE,CANDIDATE,0.0
candidate_1786,K04390.01,8330207,0.0,CANDIDATE,CANDIDATE,2.6761967e-13
candidate_1787,K03318.01,8331612,0.0,CANDIDATE,CONFIRMED,0.0006195888
candidate_1788,K03318.02,8331612,1.0,CANDIDATE,CANDIDATE,0.99997437
candidate_1789,K04567.01,8332521,1.0,CANDIDATE,CANDIDATE,0.9996037
candidate_1790,K04567.02,8332521,1.0,CANDIDATE,CANDIDATE,0.5273252
candidate_1791,K04399.01,8345384,0.0,CANDIDATE,CANDIDATE,2.5028823e-16
candidate_1792,K04763.01,8349399,1.0,CANDIDATE,CANDIDATE,1.0
candidate_1793,K05506.01,8352009,0.0,CANDIDATE,CANDIDATE,0.0
candidate_1794,K04711.01,8355131,0.0,CANDIDATE,CANDIDATE,0.01456502
candidate_1795,K06178.01,8355178,1.0,CANDIDATE,CANDIDATE,0.99999666
candidate_1796,K06178.02,8355178,1.0,CANDIDATE,CANDIDATE,0.9986619
candidate_1797,K04667.01,8359569,0.0,CANDIDATE,CANDIDATE,5.662585e-23
candidate_1798,K04854.01,8360041,0.0,CANDIDATE,CANDIDATE,0.000112414054
candidate_1799,K07023.01,8362974,0.0,CANDIDATE,CANDIDATE,1.0708367e-11
candidate_1800,K07882.01,8364232,0.0,CANDIDATE,CANDIDATE,0.3557073
candidate_1801,K03722.01,8365739,0.0,CANDIDATE,CANDIDATE,4.5795884e-12
candidate_1802,K06179.01,8374077,1.0,CANDIDATE,CANDIDATE,0.9964312
candidate_1803,K04007.01,8376848,1.0,CANDIDATE,CANDIDATE,0.9999312
candidate_1804,K05509.01,8378278,0.0,CANDIDATE,CANDIDATE,1.049388e-09
candidate_1805,K07884.01,8391983,0.0,CANDIDATE,CANDIDATE,1.2857399e-06
candidate_1806,K07032.01,8394475,1.0,CANDIDATE,CANDIDATE,0.96292335
candidate_1807,K05511.01,8395870,0.0,CANDIDATE,CANDIDATE,2.1468433e-30
candidate_1808,K05512.01,8396288,0.0,CANDIDATE,CANDIDATE,0.10408696
candidate_1809,K01733.01,8396405,1.0,CANDIDATE,CANDIDATE,1.0
candidate_1810,K04407.01,8396660,0.0,CANDIDATE,CANDIDATE,4.368327e-07
candidate_1811,K05514.01,8415353,0.0,CANDIDATE,CANDIDATE,1.9329128e-20
candidate_1812,K07592.01,8423344,0.0,CANDIDATE,CANDIDATE,0.0
candidate_1813,K05515.01,8429817,1.0,CANDIDATE,CANDIDATE,0.9999933
candidate_1814,K04603.01,8430053,1.0,CANDIDATE,CANDIDATE,0.89471537
candidate_1815,K05517.01,8432249,0.0,CANDIDATE,CANDIDATE,0.0
candidate_1816,K05518.01,8439618,0.0,CANDIDATE,CANDIDATE,0.0
candidate_1817,K08156.01,8439949,0.0,CANDIDATE,CANDIDATE,5.731119e-13
candidate_1818,K07040.01,8442795,0.0,CANDIDATE,CANDIDATE,0.0
candidate_1819,K03197.01,8443527,0.0,CANDIDATE,CANDIDATE,3.18289e-06
candidate_1820,K07041.01,8443812,1.0,CANDIDATE,CANDIDATE,0.9999994
candidate_1821,K07593.01,8444868,0.0,CANDIDATE,CANDIDATE,0.0
candidate_1822,K00102.01,8456679,1.0,CANDIDATE,CONFIRMED,1.0
candidate_1823,K00102.02,8456679,1.0,CANDIDATE,CONFIRMED,0.9999975
candidate_1824,K04247.01,8482059,0.0,CANDIDATE,CANDIDATE,0.0
candidate_1825,K07888.01,8488381,0.0,CANDIDATE,CANDIDATE,3.9467625e-09
candidate_1826,K07889.01,8489260,0.0,CANDIDATE,CANDIDATE,3.9886202e-28
candidate_1827,K04505.01,8493354,1.0,CANDIDATE,CANDIDATE,0.9999999
candidate_1828,K01255.01,8494263,1.0,CANDIDATE,CANDIDATE,0.99999976
candidate_1829,K06180.01,8494783,0.0,CANDIDATE,CANDIDATE,4.0372603e-32
candidate_1830,K06180.02,8494783,0.0,CANDIDATE,CANDIDATE,1.0964131e-28
candidate_1831,K05528.01,8507586,0.0,CANDIDATE,CANDIDATE,0.0
candidate_1832,K02992.01,8509442,0.0,CANDIDATE,CANDIDATE,3.6625362e-32
candidate_1833,K05532.01,8525101,0.0,CANDIDATE,CANDIDATE,9.62245e-16
candidate_1834,K05533.01,8525286,1.0,CANDIDATE,CANDIDATE,0.99980146
candidate_1835,K08157.01,8527297,0.0,CANDIDATE,CANDIDATE,9.5425216e-11
candidate_1836,K03073.01,8546542,1.0,CANDIDATE,CANDIDATE,0.99999964
candidate_1837,K05536.01,8547213,0.0,CANDIDATE,CANDIDATE,0.0
candidate_1838,K05539.01,8547537,0.0,CANDIDATE,CANDIDATE,4.7185313e-19
candidate_1839,K05541.01,8548454,0.0,CANDIDATE,CANDIDATE,0.0
candidate_1840,K00914.01,8552202,1.0,CANDIDATE,CANDIDATE,1.0
candidate_1841,K07894.01,8555967,0.0,CANDIDATE,CANDIDATE,0.0
candidate_1842,K05545.01,8570210,0.0,CANDIDATE,CANDIDATE,5.1565006e-30
candidate_1843,K05546.01,8571421,0.0,CANDIDATE,CANDIDATE,7.14132e-24
candidate_1844,K05547.01,8574794,0.0,CANDIDATE,CANDIDATE,0.0
candidate_1845,K03111.01,8581240,1.0,CANDIDATE,CANDIDATE,0.9999993
candidate_1846,K03111.02,8581240,1.0,CANDIDATE,CANDIDATE,0.99838984
candidate_1847,K06182.01,8590149,0.0,CANDIDATE,CANDIDATE,1.9920077e-09
candidate_1848,K06182.02,8590149,0.0,CANDIDATE,CANDIDATE,5.5718923e-11
candidate_1849,K08159.01,8608544,0.0,CANDIDATE,FALSE POSITIVE,2.1682565e-31
candidate_1850,K08159.02,8608544,0.0,CANDIDATE,CANDIDATE,1.56553e-11
candidate_1851,K07069.01,8613446,0.0,CANDIDATE,CANDIDATE,1.9294643e-07
candidate_1852,K05550.01,8613769,0.0,CANDIDATE,CANDIDATE,1.7930117e-37
candidate_1853,K01251.01,8616873,0.0,CANDIDATE,CANDIDATE,0.0
candidate_1854,K01250.01,8620565,0.0,CANDIDATE,FALSE POSITIVE,5.675548e-38
candidate_1855,K01250.02,8620565,0.0,CANDIDATE,CANDIDATE,8.1840965e-20
candidate_1856,K01816.01,8624520,1.0,CANDIDATE,CANDIDATE,0.99999785
candidate_1857,K07072.01,8624860,1.0,CANDIDATE,CANDIDATE,0.9999976
candidate_1858,K07073.01,8625408,0.0,CANDIDATE,CANDIDATE,0.0
candidate_1859,K04775.01,8626325,1.0,CANDIDATE,CANDIDATE,0.9999864
candidate_1860,K03434.01,8628665,1.0,CANDIDATE,CANDIDATE,0.9999976
candidate_1861,K04580.01,8628761,1.0,CANDIDATE,CANDIDATE,0.9999839
candidate_1862,K01271.01,8631160,1.0,CANDIDATE,CANDIDATE,0.9999949
candidate_1863,K02453.01,8631751,1.0,CANDIDATE,CANDIDATE,0.99999976
candidate_1864,K02656.01,8636539,1.0,CANDIDATE,CANDIDATE,0.99994385
candidate_1865,K08276.01,8637903,0.0,CANDIDATE,CANDIDATE,0.0
candidate_1866,K02700.01,8639908,0.0,CANDIDATE,CANDIDATE,4.2686022e-08
candidate_1867,K05552.01,8644545,0.0,CANDIDATE,CANDIDATE,3.831461e-26
candidate_1868,K05553.01,8644911,0.0,CANDIDATE,CANDIDATE,1.17128026e-26
candidate_1869,K05554.01,8652997,0.0,CANDIDATE,CANDIDATE,4.8668235e-34
candidate_1870,K05556.01,8656535,0.0,CANDIDATE,CANDIDATE,1.1553519e-31
candidate_1871,K08277.01,8673511,0.0,CANDIDATE,CANDIDATE,2.27614e-14
candidate_1872,K07903.01,8677057,0.0,CANDIDATE,CANDIDATE,8.568349e-15
candidate_1873,K07596.01,8682094,0.0,CANDIDATE,CANDIDATE,1.7187677e-36
candidate_1874,K00319.01,8684730,1.0,CANDIDATE,CANDIDATE,0.9970073
candidate_1875,K07074.01,8686442,1.0,CANDIDATE,CANDIDATE,0.61867106
candidate_1876,K07076.01,8693536,1.0,CANDIDATE,CANDIDATE,0.98795277
candidate_1877,K03042.01,8695311,1.0,CANDIDATE,CANDIDATE,1.0
candidate_1878,K04523.01,8700895,0.0,CANDIDATE,CANDIDATE,1.8081651e-05
candidate_1879,K07905.01,8702537,0.0,CANDIDATE,CANDIDATE,7.9941384e-07
candidate_1880,K02758.01,8703129,0.0,CANDIDATE,CANDIDATE,9.3117525e-18
candidate_1881,K08163.01,8708961,0.0,CANDIDATE,CANDIDATE,7.390399e-24
candidate_1882,K03019.01,8709688,1.0,CANDIDATE,CONFIRMED,0.99999845
candidate_1883,K03019.02,8709688,0.0,CANDIDATE,CANDIDATE,2.5426934e-07
candidate_1884,K05563.01,8715589,1.0,CANDIDATE,CANDIDATE,0.99999964
candidate_1885,K05566.01,8741367,0.0,CANDIDATE,CANDIDATE,2.5894718e-07
candidate_1886,K04251.01,8741470,0.0,CANDIDATE,CANDIDATE,0.0070473826
candidate_1887,K05570.01,8747910,0.0,CANDIDATE,CANDIDATE,2.7070404e-32
candidate_1888,K04730.01,8752940,1.0,CANDIDATE,CANDIDATE,0.999526
candidate_1889,K02963.01,8760040,1.0,CANDIDATE,CONFIRMED,0.9999999
candidate_1890,K02963.02,8760040,1.0,CANDIDATE,CANDIDATE,0.9999927
candidate_1891,K07088.01,8760760,1.0,CANDIDATE,CANDIDATE,0.98545516
candidate_1892,K03891.01,8765560,1.0,CANDIDATE,CANDIDATE,0.9999995
candidate_1893,K04301.01,8773015,1.0,CANDIDATE,CONFIRMED,1.0
candidate_1894,K04301.02,8773015,1.0,CANDIDATE,CANDIDATE,0.99722743
candidate_1895,K03741.01,8780959,0.0,CANDIDATE,FALSE POSITIVE,1.08055036e-19
candidate_1896,K03741.02,8780959,0.0,CANDIDATE,CANDIDATE,7.185964e-16
candidate_1897,K03741.03,8780959,1.0,CANDIDATE,CONFIRMED,1.0
candidate_1898,K03741.04,8780959,1.0,CANDIDATE,CONFIRMED,0.9999994
candidate_1899,K04904.01,8803757,0.0,CANDIDATE,CANDIDATE,0.00030889327
candidate_1900,K01276.01,8804283,1.0,CANDIDATE,CONFIRMED,1.0
candidate_1901,K01276.02,8804283,1.0,CANDIDATE,CONFIRMED,0.9999311
candidate_1902,K04588.01,8806985,0.0,CANDIDATE,CANDIDATE,5.185376e-05
candidate_1903,K07093.01,8807057,0.0,CANDIDATE,CANDIDATE,1.1103672e-22
candidate_1904,K05572.01,8807988,0.0,CANDIDATE,CANDIDATE,2.6320336e-08
candidate_1905,K04811.01,8811490,1.0,CANDIDATE,CANDIDATE,0.9999392
candidate_1906,K03481.01,8812045,1.0,CANDIDATE,CANDIDATE,0.99999046
candidate_1907,K01268.01,8813698,0.0,CANDIDATE,CANDIDATE,0.00056176714
candidate_1908,K05574.01,8814872,0.0,CANDIDATE,CANDIDATE,0.0
candidate_1909,K07094.01,8815279,0.0,CANDIDATE,CANDIDATE,0.02380979
candidate_1910,K06188.01,8822421,0.0,CANDIDATE,CANDIDATE,0.0
candidate_1911,K03052.01,8827575,1.0,CANDIDATE,CANDIDATE,0.9720735
candidate_1912,K03052.02,8827575,0.0,CANDIDATE,CONFIRMED,0.0002378693
candidate_1913,K03801.01,8827930,1.0,CANDIDATE,CANDIDATE,0.99998605
candidate_1914,K02508.01,8836888,1.0,CANDIDATE,CANDIDATE,0.9999995
candidate_1915,K02421.01,8838950,0.0,CANDIDATE,CANDIDATE,0.00018616418
candidate_1916,K02421.02,8838950,0.0,CANDIDATE,CANDIDATE,0.06273456
candidate_1917,K05577.01,8841297,0.0,CANDIDATE,CANDIDATE,1.1686404e-33
candidate_1918,K07099.01,8845552,1.0,CANDIDATE,CANDIDATE,0.99999595
candidate_1919,K05578.01,8868481,0.0,CANDIDATE,CANDIDATE,2.0543707e-29
candidate_1920,K02323.01,8872048,0.0,CANDIDATE,CANDIDATE,2.057891e-05
candidate_1921,K02968.01,8873090,1.0,CANDIDATE,CANDIDATE,0.99990547
candidate_1922,K07913.01,8873450,0.0,CANDIDATE,CONFIRMED,1.1847496e-13
candidate_1923,K08174.01,8873873,0.0,CANDIDATE,CANDIDATE,1.3564689e-34
candidate_1924,K01404.01,8874090,1.0,CANDIDATE,CONFIRMED,0.99999976
candidate_1925,K01404.02,8874090,1.0,CANDIDATE,CANDIDATE,0.9999993
candidate_1926,K07915.01,8880317,0.0,CANDIDATE,CANDIDATE,8.817655e-38
candidate_1927,K07106.01,8881169,1.0,CANDIDATE,CANDIDATE,1.0
candidate_1928,K05579.01,8888745,0.0,CANDIDATE,CANDIDATE,1.7758181e-07
candidate_1929,K05580.01,8890417,0.0,CANDIDATE,CANDIDATE,0.0
candidate_1930,K04269.01,8890924,1.0,CANDIDATE,CONFIRMED,0.9999995
candidate_1931,K04269.02,8890924,0.0,CANDIDATE,CANDIDATE,0.027050197
candidate_1932,K02224.01,8892157,1.0,CANDIDATE,CONFIRMED,0.9999987
candidate_1933,K02224.02,8892157,0.0,CANDIDATE,CANDIDATE,2.5456682e-13
candidate_1934,K02641.01,8894646,1.0,CANDIDATE,CANDIDATE,0.9999993
candidate_1935,K03473.01,8905246,1.0,CANDIDATE,CANDIDATE,0.91782635
candidate_1936,K05583.01,8915379,0.0,CANDIDATE,CANDIDATE,3.947225e-07
candidate_1937,K04009.01,8934103,1.0,CANDIDATE,CONFIRMED,0.9999658
candidate_1938,K04009.02,8934103,0.0,CANDIDATE,CANDIDATE,4.521366e-12
candidate_1939,K05585.01,8937555,0.0,CANDIDATE,CANDIDATE,4.34909e-20
candidate_1940,K05588.01,8946267,0.0,CANDIDATE,CANDIDATE,0.0
candidate_1941,K02972.01,8949925,1.0,CANDIDATE,CANDIDATE,1.0
candidate_1942,K02972.02,8949925,1.0,CANDIDATE,CANDIDATE,0.99999464
candidate_1943,K00924.01,8951215,1.0,CANDIDATE,CANDIDATE,1.0
candidate_1944,K07111.01,8953278,0.0,CANDIDATE,CANDIDATE,0.0029358708
candidate_1945,K07116.01,8958811,0.0,CANDIDATE,CANDIDATE,2.447913e-10
candidate_1946,K07117.01,8958939,1.0,CANDIDATE,CANDIDATE,0.99873513
candidate_1947,K07117.02,8958939,1.0,CANDIDATE,CANDIDATE,0.99999964
candidate_1948,K05591.01,8959240,0.0,CANDIDATE,CANDIDATE,3.6510245e-25
candidate_1949,K05592.01,8971044,0.0,CANDIDATE,CANDIDATE,0.0
candidate_1950,K04782.01,8973285,0.0,CANDIDATE,CANDIDATE,5.544315e-12
candidate_1951,K04782.02,8973285,0.0,CANDIDATE,CANDIDATE,4.5113704e-12
candidate_1952,K03196.01,9002538,1.0,CANDIDATE,CANDIDATE,0.9999728
candidate_1953,K03196.02,9002538,1.0,CANDIDATE,CANDIDATE,0.99992645
candidate_1954,K04848.01,9005321,0.0,CANDIDATE,CANDIDATE,1.2867924e-32
candidate_1955,K02169.01,9006186,0.0,CANDIDATE,CONFIRMED,0.11610336
candidate_1956,K02169.02,9006186,0.0,CANDIDATE,CONFIRMED,1.9919845e-14
candidate_1957,K02169.03,9006186,1.0,CANDIDATE,CONFIRMED,0.9998361
candidate_1958,K02169.04,9006186,1.0,CANDIDATE,CANDIDATE,0.9994764
candidate_1959,K04583.01,9007151,0.0,CANDIDATE,CANDIDATE,0.0
candidate_1960,K00466.01,9008220,1.0,CANDIDATE,CANDIDATE,0.9879126
candidate_1961,K05597.01,9011877,1.0,CANDIDATE,CANDIDATE,0.998992
candidate_1962,K08279.01,9011955,0.0,CANDIDATE,CANDIDATE,6.186059e-25
candidate_1963,K05598.01,9012244,0.0,CANDIDATE,CANDIDATE,0.0
candidate_1964,K01616.01,9015738,1.0,CANDIDATE,CONFIRMED,1.0
candidate_1965,K01616.02,9015738,0.0,CANDIDATE,CANDIDATE,9.365687e-30
candidate_1966,K01630.01,9017682,1.0,CANDIDATE,CANDIDATE,0.99999905
candidate_1967,K05600.01,9018021,0.0,CANDIDATE,CANDIDATE,2.8463244e-06
candidate_1968,K02604.01,9019191,1.0,CANDIDATE,CANDIDATE,0.99999964
candidate_1969,K03088.01,9020114,1.0,CANDIDATE,CONFIRMED,1.0
candidate_1970,K03088.02,9020114,0.0,CANDIDATE,CANDIDATE,4.8697466e-13
candidate_1971,K07125.01,9025739,0.0,CANDIDATE,CANDIDATE,1.4311853e-08
candidate_1972,K05602.01,9026007,0.0,CANDIDATE,CANDIDATE,0.0
candidate_1973,K05603.01,9026248,0.0,CANDIDATE,CANDIDATE,1.7496288e-27
candidate_1974,K02564.01,9026749,1.0,CANDIDATE,CONFIRMED,0.99999654
candidate_1975,K02564.02,9026749,1.0,CANDIDATE,CANDIDATE,0.99999785
candidate_1976,K04520.01,9031703,1.0,CANDIDATE,CANDIDATE,0.99976534
candidate_1977,K00134.01,9032900,1.0,CANDIDATE,CONFIRMED,0.99991333
candidate_1978,K07920.01,9043947,0.0,CANDIDATE,CANDIDATE,3.0545083e-16
candidate_1979,K05604.01,9044060,0.0,CANDIDATE,CANDIDATE,1.0178012e-31
candidate_1980,K05605.01,9047416,0.0,CANDIDATE,CANDIDATE,2.4008481e-05
candidate_1981,K02257.01,9071593,1.0,CANDIDATE,CONFIRMED,1.0
candidate_1982,K02257.02,9071593,1.0,CANDIDATE,CONFIRMED,1.0
candidate_1983,K04198.01,9072639,0.0,CANDIDATE,CANDIDATE,0.0
candidate_1984,K05608.01,9073549,0.0,CANDIDATE,CANDIDATE,3.7298285e-33
candidate_1985,K05609.01,9079671,0.0,CANDIDATE,CANDIDATE,0.0
candidate_1986,K05610.01,9079767,0.0,CANDIDATE,CANDIDATE,1.3783995e-08
candidate_1987,K07923.01,9084569,0.0,CANDIDATE,CANDIDATE,9.6838e-21
candidate_1988,K01631.01,9084778,0.0,CANDIDATE,CANDIDATE,5.1703764e-21
candidate_1989,K07129.01,9085039,0.0,CANDIDATE,CANDIDATE,4.5306475e-15
candidate_1990,K04060.01,9086154,0.0,CANDIDATE,CANDIDATE,0.0
candidate_1991,K07924.01,9087580,0.0,CANDIDATE,CANDIDATE,1.6238842e-16
candidate_1992,K05612.01,9087853,0.0,CANDIDATE,CANDIDATE,0.0
candidate_1993,K02640.01,9088780,0.0,CANDIDATE,CANDIDATE,5.830869e-32
candidate_1994,K06191.01,9093086,0.0,CANDIDATE,CANDIDATE,3.0968444e-05
candidate_1995,K06191.02,9093086,1.0,CANDIDATE,CANDIDATE,1.0
candidate_1996,K05613.01,9097470,0.0,CANDIDATE,CANDIDATE,0.0
candidate_1997,K07925.01,9099607,0.0,CANDIDATE,CANDIDATE,0.00011558195
candidate_1998,K07133.01,9099773,1.0,CANDIDATE,CANDIDATE,0.9998462
candidate_1999,K01399.01,9100484,1.0,CANDIDATE,CANDIDATE,0.99999905
candidate_2000,K04500.01,9100953,1.0,CANDIDATE,CONFIRMED,0.99998355
candidate_2001,K04500.02,9100953,1.0,CANDIDATE,CONFIRMED,0.9999434
candidate_2002,K04500.03,9100953,1.0,CANDIDATE,CANDIDATE,0.9977348
candidate_2003,K02833.01,9109857,0.0,CANDIDATE,CANDIDATE,0.10720951
candidate_2004,K04839.01,9110610,1.0,CANDIDATE,CANDIDATE,0.99978596
candidate_2005,K02042.01,9111849,1.0,CANDIDATE,CANDIDATE,0.9999999
candidate_2006,K05616.01,9114614,0.0,CANDIDATE,CANDIDATE,0.0
candidate_2007,K05618.01,9116510,0.0,CANDIDATE,CANDIDATE,9.03643e-32
candidate_2008,K03425.01,9117416,0.0,CANDIDATE,CONFIRMED,0.00017301018
candidate_2009,K03425.02,9117416,0.0,CANDIDATE,CONFIRMED,1.1571436e-07
candidate_2010,K03425.03,9117416,1.0,CANDIDATE,CANDIDATE,0.9997911
candidate_2011,K00525.01,9119458,1.0,CANDIDATE,CANDIDATE,1.0
candidate_2012,K00928.01,9140402,1.0,CANDIDATE,CANDIDATE,1.0
candidate_2013,K07928.01,9142714,0.0,CANDIDATE,CANDIDATE,5.28392e-16
candidate_2014,K05625.01,9147012,1.0,CANDIDATE,CANDIDATE,1.0
candidate_2015,K05626.01,9147029,0.0,CANDIDATE,CANDIDATE,0.0013493333
candidate_2016,K02874.01,9149789,0.0,CANDIDATE,CANDIDATE,0.0
candidate_2017,K07136.01,9150870,0.0,CANDIDATE,CANDIDATE,0.0
candidate_2018,K06195.01,9153823,0.0,CANDIDATE,CANDIDATE,5.3803383e-08
candidate_2019,K05628.01,9157030,0.0,CANDIDATE,CANDIDATE,0.0009690665
candidate_2020,K05629.01,9157523,0.0,CANDIDATE,CANDIDATE,9.423751e-27
candidate_2021,K08280.01,9159288,0.0,CANDIDATE,CANDIDATE,0.22285259
candidate_2022,K05632.01,9166700,0.0,CANDIDATE,CANDIDATE,6.214771e-14
candidate_2023,K05633.01,9173014,0.0,CANDIDATE,CANDIDATE,0.0
candidate_2024,K05635.01,9178894,0.0,CANDIDATE,CANDIDATE,0.0
candidate_2025,K01393.01,9202151,1.0,CANDIDATE,CANDIDATE,1.0
candidate_2026,K04253.01,9202434,0.0,CANDIDATE,CANDIDATE,1.4589153e-14
candidate_2027,K07144.01,9203154,0.0,CANDIDATE,CANDIDATE,8.905993e-13
candidate_2028,K02162.01,9205938,1.0,CANDIDATE,CONFIRMED,1.0
candidate_2029,K02162.02,9205938,0.0,CANDIDATE,CONFIRMED,1.7600659e-20
candidate_2030,K05638.01,9209981,0.0,CANDIDATE,CANDIDATE,1.893893e-34
candidate_2031,K05639.01,9210738,0.0,CANDIDATE,CANDIDATE,2.4148708e-27
candidate_2032,K07930.01,9210820,0.0,CANDIDATE,CANDIDATE,0.0
candidate_2033,K05640.01,9214176,0.0,CANDIDATE,CANDIDATE,1.2898491e-21
candidate_2034,K00422.01,9214713,0.0,CANDIDATE,CANDIDATE,0.0001159631
candidate_2035,K05642.01,9217583,0.0,CANDIDATE,CANDIDATE,1.4458982e-38
candidate_2036,K05643.01,9220614,0.0,CANDIDATE,CANDIDATE,0.0
candidate_2037,K02281.01,9221517,0.0,CANDIDATE,CONFIRMED,0.11433604
candidate_2038,K02281.02,9221517,0.0,CANDIDATE,CANDIDATE,0.0
candidate_2039,K03355.01,9221528,1.0,CANDIDATE,CANDIDATE,0.99137235
candidate_2040,K07148.01,9221627,0.0,CANDIDATE,CANDIDATE,2.0742878e-05
candidate_2041,K05644.01,9224514,0.0,CANDIDATE,CANDIDATE,0.0
candidate_2042,K07931.01,9227215,0.0,CANDIDATE,CANDIDATE,0.0
candidate_2043,K05645.01,9229807,0.0,CANDIDATE,CANDIDATE,1.5937923e-18
candidate_2044,K03431.01,9267996,0.0,CANDIDATE,CANDIDATE,3.1100477e-08
candidate_2045,K08180.01,9268159,0.0,CANDIDATE,CANDIDATE,0.0
candidate_2046,K05649.01,9274092,0.0,CANDIDATE,CANDIDATE,0.0
candidate_2047,K04710.01,9278216,1.0,CANDIDATE,CANDIDATE,0.99498856
candidate_2048,K07932.01,9278575,0.0,CANDIDATE,CANDIDATE,4.8374846e-19
candidate_2049,K05651.01,9282853,1.0,CANDIDATE,CANDIDATE,0.9999999
candidate_2050,K02657.01,9283156,1.0,CANDIDATE,CANDIDATE,0.9999999
candidate_2051,K03410.01,9285265,1.0,CANDIDATE,CONFIRMED,0.99916565
candidate_2052,K03410.02,9285265,1.0,CANDIDATE,CONFIRMED,0.9999778
candidate_2053,K04318.01,9286088,0.0,CANDIDATE,CANDIDATE,0.14568351
candidate_2054,K03114.01,9288237,1.0,CANDIDATE,CANDIDATE,0.9995598
candidate_2055,K02222.01,9289704,1.0,CANDIDATE,CANDIDATE,0.9999994
candidate_2056,K05652.01,9292100,0.0,CANDIDATE,CANDIDATE,8.8877367e-10
candidate_2057,K05653.01,9300066,0.0,CANDIDATE,CANDIDATE,0.0
candidate_2058,K07157.01,9301564,1.0,CANDIDATE,CANDIDATE,0.75800043
candidate_2059,K05654.01,9304976,1.0,CANDIDATE,CANDIDATE,0.99999833
candidate_2060,K05656.01,9330740,0.0,CANDIDATE,CANDIDATE,0.0
candidate_2061,K05657.01,9334027,0.0,CANDIDATE,CANDIDATE,0.0
candidate_2062,K07162.01,9340411,0.0,CANDIDATE,CANDIDATE,8.6653365e-08
candidate_2063,K03264.01,9345933,0.0,CANDIDATE,CANDIDATE,9.389559e-05
candidate_2064,K00935.01,9347899,1.0,CANDIDATE,CONFIRMED,0.9999999
candidate_2065,K00935.02,9347899,1.0,CANDIDATE,CONFIRMED,1.0
candidate_2066,K00935.03,9347899,1.0,CANDIDATE,CONFIRMED,0.9999918
candidate_2067,K00935.04,9347899,0.0,CANDIDATE,CANDIDATE,4.7111685e-14
candidate_2068,K03348.01,9349757,1.0,CANDIDATE,CONFIRMED,1.0
candidate_2069,K03348.02,9349757,1.0,CANDIDATE,CANDIDATE,0.9999999
candidate_2070,K05660.01,9363944,0.0,CANDIDATE,CANDIDATE,0.0
candidate_2071,K06202.01,9389245,0.0,CANDIDATE,CANDIDATE,1.5705956e-26
candidate_2072,K07934.01,9390228,0.0,CANDIDATE,CANDIDATE,8.536182e-18
candidate_2073,K05663.01,9391817,0.0,CANDIDATE,CANDIDATE,1.7803944e-22
candidate_2074,K05665.01,9394953,0.0,CANDIDATE,CANDIDATE,6.788888e-17
candidate_2075,K05666.01,9397862,0.0,CANDIDATE,CANDIDATE,0.0
candidate_2076,K07169.01,9397900,1.0,CANDIDATE,CANDIDATE,1.0
candidate_2077,K04700.01,9413156,1.0,CANDIDATE,CANDIDATE,0.9999889
candidate_2078,K04700.02,9413156,0.0,CANDIDATE,CANDIDATE,1.797127e-09
candidate_2079,K00974.01,9414417,1.0,CANDIDATE,CANDIDATE,1.0
candidate_2080,K05671.01,9417931,0.0,CANDIDATE,CANDIDATE,0.0
candidate_2081,K06068.01,9418619,0.0,CANDIDATE,CANDIDATE,9.825565e-16
candidate_2082,K04808.01,9419020,0.0,CANDIDATE,CANDIDATE,5.2530348e-05
candidate_2083,K01411.01,9425139,0.0,CANDIDATE,CANDIDATE,0.39483637
candidate_2084,K01397.01,9427402,1.0,CANDIDATE,CANDIDATE,1.0
candidate_2085,K03391.01,9452897,0.0,CANDIDATE,CANDIDATE,3.779071e-07
candidate_2086,K04207.01,9456281,0.0,CANDIDATE,CANDIDATE,1.9761364e-06
candidate_2087,K05677.01,9456887,1.0,CANDIDATE,CANDIDATE,0.9999999
candidate_2088,K04637.01,9457728,0.0,CANDIDATE,CANDIDATE,9.527968e-06
candidate_2089,K04694.01,9457948,1.0,CANDIDATE,CANDIDATE,0.9999999
candidate_2090,K07174.01,9458266,0.0,CANDIDATE,CANDIDATE,0.018827997
candidate_2091,K04818.01,9459162,0.0,CANDIDATE,CANDIDATE,4.3437416e-07
candidate_2092,K05680.01,9466486,0.0,CANDIDATE,CANDIDATE,0.0
candidate_2093,K08183.01,9468848,0.0,CANDIDATE,CANDIDATE,6.316502e-07
candidate_2094,K07938.01,9469494,0.0,CANDIDATE,CANDIDATE,0.0
candidate_2095,K05681.01,9472328,0.0,CANDIDATE,CANDIDATE,0.0
candidate_2096,K05682.01,9472341,0.0,CANDIDATE,CANDIDATE,5.342701e-16
candidate_2097,K03495.01,9474756,0.0,CANDIDATE,CANDIDATE,7.2336968e-09
candidate_2098,K03495.02,9474756,0.0,CANDIDATE,CANDIDATE,1.0338123e-05
candidate_2099,K05684.01,9475697,0.0,CANDIDATE,CANDIDATE,1.0381151e-27
candidate_2100,K00423.01,9478990,1.0,CANDIDATE,CONFIRMED,0.9999999
candidate_2101,K00423.02,9478990,0.0,CANDIDATE,CANDIDATE,2.0920676e-19
candidate_2102,K04906.01,9479306,1.0,CANDIDATE,CANDIDATE,0.9999907
candidate_2103,K07179.01,9480398,0.0,CANDIDATE,CANDIDATE,0.0
candidate_2104,K05685.01,9481235,0.0,CANDIDATE,CANDIDATE,1.0930125e-06
candidate_2105,K02029.01,9489524,0.0,CANDIDATE,CONFIRMED,1.9874604e-05
candidate_2106,K02029.02,9489524,0.0,CANDIDATE,CONFIRMED,1.9600289e-07
candidate_2107,K02029.03,9489524,0.0,CANDIDATE,CONFIRMED,9.2563557e-10
candidate_2108,K02029.04,9489524,0.0,CANDIDATE,CANDIDATE,5.0445483e-06
candidate_2109,K07180.01,9490342,0.0,CANDIDATE,CANDIDATE,0.0
candidate_2110,K04226.01,9491832,1.0,CANDIDATE,CANDIDATE,0.99078137
candidate_2111,K04346.01,9509343,1.0,CANDIDATE,CANDIDATE,0.9993931
candidate_2112,K01466.01,9512981,0.0,CANDIDATE,CANDIDATE,0.10828618
candidate_2113,K07182.01,9513168,0.0,CANDIDATE,CANDIDATE,1.548569e-05
candidate_2114,K04242.01,9514372,0.0,CANDIDATE,CANDIDATE,1.6579658e-30
candidate_2115,K07940.01,9521317,0.0,CANDIDATE,CANDIDATE,0.0
candidate_2116,K05688.01,9532603,1.0,CANDIDATE,CANDIDATE,0.9999999
candidate_2117,K02364.01,9532710,1.0,CANDIDATE,CANDIDATE,0.9999976
candidate_2118,K05689.01,9534832,0.0,CANDIDATE,CANDIDATE,1.0880626e-31
candidate_2119,K03472.01,9536108,1.0,CANDIDATE,CANDIDATE,0.99998057
candidate_2120,K05690.01,9536727,0.0,CANDIDATE,CANDIDATE,3.2115446e-24
candidate_2121,K03132.01,9541295,0.0,CANDIDATE,CANDIDATE,2.5448102e-14
candidate_2122,K04030.01,9551430,0.0,CANDIDATE,FALSE POSITIVE,3.6221884e-08
candidate_2123,K04030.02,9551430,0.0,CANDIDATE,CANDIDATE,0.0
candidate_2124,K00080.01,9552608,0.0,CANDIDATE,CANDIDATE,0.00028379972
candidate_2125,K03313.01,9571186,1.0,CANDIDATE,CANDIDATE,0.99999964
candidate_2126,K02512.01,9574158,1.0,CANDIDATE,CANDIDATE,0.9999963
candidate_2127,K02637.01,9574179,0.0,CANDIDATE,CANDIDATE,2.1867265e-07
candidate_2128,K01745.01,9574614,0.0,CANDIDATE,CANDIDATE,2.717472e-08
candidate_2129,K05692.01,9575728,0.0,CANDIDATE,CANDIDATE,0.0001437258
candidate_2130,K03165.01,9579208,1.0,CANDIDATE,CANDIDATE,0.9995357
candidate_2131,K05694.01,9579606,0.0,CANDIDATE,CANDIDATE,8.2148754e-29
candidate_2132,K00115.01,9579641,1.0,CANDIDATE,CONFIRMED,1.0
candidate_2133,K00115.02,9579641,1.0,CANDIDATE,CONFIRMED,1.0
candidate_2134,K00115.03,9579641,0.0,CANDIDATE,CANDIDATE,7.457608e-12
candidate_2135,K02548.01,9580167,0.0,CANDIDATE,CANDIDATE,4.8335004e-12
candidate_2136,K02217.01,9580992,0.0,CANDIDATE,CANDIDATE,0.00022280947
candidate_2137,K04877.01,9581589,0.0,CANDIDATE,CANDIDATE,0.0021487854
candidate_2138,K07195.01,9588862,1.0,CANDIDATE,CANDIDATE,0.99999964
candidate_2139,K08286.01,9592621,0.0,CANDIDATE,CANDIDATE,1.1610779e-17
candidate_2140,K07197.01,9596064,1.0,CANDIDATE,CANDIDATE,0.9997646
candidate_2141,K05698.01,9596820,0.0,CANDIDATE,CANDIDATE,0.0
candidate_2142,K07199.01,9596892,0.0,CANDIDATE,CANDIDATE,8.686341e-12
candidate_2143,K02612.01,9602613,1.0,CANDIDATE,CONFIRMED,0.9971642
candidate_2144,K02612.02,9602613,1.0,CANDIDATE,CANDIDATE,0.99997413
candidate_2145,K07949.01,9604563,0.0,CANDIDATE,CANDIDATE,2.079176e-09
candidate_2146,K00945.01,9605514,1.0,CANDIDATE,CONFIRMED,0.9999819
candidate_2147,K00945.02,9605514,1.0,CANDIDATE,CONFIRMED,1.0
candidate_2148,K00945.03,9605514,0.0,CANDIDATE,CANDIDATE,0.0
candidate_2149,K03102.01,9605552,1.0,CANDIDATE,CANDIDATE,0.9999957
candidate_2150,K02037.01,9634821,0.0,CANDIDATE,CONFIRMED,2.0228065e-14
candidate_2151,K02037.02,9634821,1.0,CANDIDATE,CANDIDATE,0.9915752
candidate_2152,K02037.03,9634821,1.0,CANDIDATE,CANDIDATE,0.9998398
candidate_2153,K07205.01,9635520,0.0,CANDIDATE,CANDIDATE,7.7596093e-26
candidate_2154,K01498.01,9636135,1.0,CANDIDATE,CONFIRMED,0.9999918
candidate_2155,K01498.02,9636135,0.0,CANDIDATE,CONFIRMED,5.7127885e-09
candidate_2156,K07208.01,9639106,1.0,CANDIDATE,CANDIDATE,0.8702759
candidate_2157,K07209.01,9640123,1.0,CANDIDATE,CANDIDATE,0.9999964
candidate_2158,K07951.01,9640649,0.0,CANDIDATE,CANDIDATE,8.511426e-06
candidate_2159,K04430.01,9642018,0.0,CANDIDATE,CANDIDATE,0.0052304715
candidate_2160,K07953.01,9650579,0.0,CANDIDATE,CANDIDATE,3.3910634e-27
candidate_2161,K07954.01,9650762,0.0,CANDIDATE,CANDIDATE,7.241719e-07
candidate_2162,K07215.01,9651602,0.0,CANDIDATE,CANDIDATE,4.111069e-14
candidate_2163,K02513.01,9653622,1.0,CANDIDATE,CONFIRMED,0.99999416
candidate_2164,K02272.01,9654875,0.0,CANDIDATE,CANDIDATE,1.5504016e-16
candidate_2165,K06209.01,9655711,1.0,CANDIDATE,CANDIDATE,0.9999974
candidate_2166,K06209.02,9655711,0.0,CANDIDATE,CANDIDATE,1.7754628e-05
candidate_2167,K07220.01,9658089,0.0,CANDIDATE,CANDIDATE,9.984416e-09
candidate_2168,K05702.01,9659022,0.0,CANDIDATE,CANDIDATE,0.0
candidate_2169,K03460.01,9664276,0.0,CANDIDATE,CANDIDATE,0.4375852
candidate_2170,K07223.01,9674320,0.0,CANDIDATE,CANDIDATE,0.0
candidate_2171,K05704.01,9674789,0.0,CANDIDATE,CANDIDATE,2.4290744e-23
candidate_2172,K07224.01,9693803,1.0,CANDIDATE,CANDIDATE,0.59852374
candidate_2173,K02706.01,9697131,1.0,CANDIDATE,CANDIDATE,0.9999604
candidate_2174,K04120.01,9700449,1.0,CANDIDATE,CANDIDATE,0.999997
candidate_2175,K04822.01,9702945,0.0,CANDIDATE,CANDIDATE,5.1674335e-05
candidate_2176,K00469.01,9703198,1.0,CANDIDATE,CANDIDATE,0.9999994
candidate_2177,K02613.01,9712350,0.0,CANDIDATE,CANDIDATE,5.244574e-32
candidate_2178,K04273.01,9716028,1.0,CANDIDATE,CANDIDATE,0.99999976
candidate_2179,K05707.01,9723746,0.0,CANDIDATE,CANDIDATE,6.056917e-35
candidate_2180,K07226.01,9726452,0.0,CANDIDATE,CANDIDATE,2.3617424e-08
candidate_2181,K06210.01,9727765,0.0,CANDIDATE,CANDIDATE,0.0
candidate_2182,K01751.01,9729691,1.0,CANDIDATE,CONFIRMED,0.9999999
candidate_2183,K01751.02,9729691,1.0,CANDIDATE,CONFIRMED,1.0
candidate_2184,K03137.01,9758032,0.0,CANDIDATE,CANDIDATE,5.848876e-10
candidate_2185,K01871.01,9758089,0.0,CANDIDATE,CONFIRMED,0.00102205
candidate_2186,K01871.02,9758089,1.0,CANDIDATE,CONFIRMED,0.99999964
candidate_2187,K00950.01,9772531,0.0,CANDIDATE,CANDIDATE,8.31505e-06
candidate_2188,K04636.01,9773270,1.0,CANDIDATE,CANDIDATE,0.99998546
candidate_2189,K04691.01,9773980,1.0,CANDIDATE,CANDIDATE,0.9999939
candidate_2190,K04462.01,9775385,0.0,CANDIDATE,CANDIDATE,0.0
candidate_2191,K04363.01,9776794,1.0,CANDIDATE,CANDIDATE,1.0
candidate_2192,K05712.01,9776907,0.0,CANDIDATE,CANDIDATE,2.9137893e-31
candidate_2193,K04856.01,9782748,0.0,CANDIDATE,CANDIDATE,5.404258e-17
candidate_2194,K03372.01,9785921,0.0,CANDIDATE,CONFIRMED,4.1892143e-09
candidate_2195,K03372.02,9785921,0.0,CANDIDATE,FALSE POSITIVE,0.0
candidate_2196,K07231.01,9790965,0.0,CANDIDATE,FALSE POSITIVE,1.9673227e-17
candidate_2197,K07231.02,9790965,1.0,CANDIDATE,CANDIDATE,0.9999994
candidate_2198,K07232.01,9811915,0.0,CANDIDATE,CANDIDATE,1.1682732e-14
candidate_2199,K02923.01,9815053,1.0,CANDIDATE,CANDIDATE,1.0
candidate_2200,K07235.01,9821428,0.0,CANDIDATE,CANDIDATE,3.7190782e-07
candidate_2201,K04192.01,9828127,1.0,CANDIDATE,CONFIRMED,1.0
candidate_2202,K04192.02,9828127,1.0,CANDIDATE,CANDIDATE,0.99999964
candidate_2203,K05715.01,9832379,0.0,CANDIDATE,CANDIDATE,0.0
candidate_2204,K03043.01,9834731,0.0,CANDIDATE,CANDIDATE,3.9248193e-06
candidate_2205,K03043.02,9834731,0.0,CANDIDATE,CANDIDATE,2.470067e-07
candidate_2206,K04421.01,9836563,1.0,CANDIDATE,CANDIDATE,0.99951506
candidate_2207,K04421.02,9836563,1.0,CANDIDATE,CANDIDATE,0.9997104
candidate_2208,K07236.01,9837013,1.0,CANDIDATE,CANDIDATE,0.66217065
candidate_2209,K04670.01,9837828,1.0,CANDIDATE,CANDIDATE,0.9999999
candidate_2210,K05718.01,9838582,0.0,CANDIDATE,CANDIDATE,1.5828544e-21
candidate_2211,K03028.01,9838804,0.0,CANDIDATE,FALSE POSITIVE,7.6811273e-19
candidate_2212,K03028.02,9838804,0.0,CANDIDATE,CANDIDATE,0.0
candidate_2213,K05719.01,9839030,1.0,CANDIDATE,CANDIDATE,0.9999609
candidate_2214,K02012.01,9839821,0.0,CANDIDATE,CONFIRMED,1.26022535e-08
candidate_2215,K02012.02,9839821,0.0,CANDIDATE,CONFIRMED,0.0
candidate_2216,K03480.01,9843517,1.0,CANDIDATE,CANDIDATE,0.9999993
candidate_2217,K03354.01,9845909,1.0,CANDIDATE,CANDIDATE,0.99997675
candidate_2218,K00716.01,9846348,0.0,CANDIDATE,CANDIDATE,0.020388147
candidate_2219,K05725.01,9851638,0.0,CANDIDATE,CANDIDATE,0.0
candidate_2220,K01815.01,9872283,1.0,CANDIDATE,CONFIRMED,0.999079
candidate_2221,K01815.02,9872283,1.0,CANDIDATE,CANDIDATE,0.9961324
candidate_2222,K01537.01,9872292,1.0,CANDIDATE,CANDIDATE,0.99999976
candidate_2223,K07970.01,9873004,1.0,CANDIDATE,CANDIDATE,0.9853714
candidate_2224,K05727.01,9881660,0.0,CANDIDATE,CANDIDATE,0.0
candidate_2225,K01872.01,9883311,1.0,CANDIDATE,CANDIDATE,0.9554171
candidate_2226,K04383.01,9883606,1.0,CANDIDATE,CONFIRMED,0.98769045
candidate_2227,K04383.02,9883606,0.0,CANDIDATE,CANDIDATE,8.364324e-06
candidate_2228,K02732.01,9886361,1.0,CANDIDATE,CONFIRMED,1.0
candidate_2229,K02732.02,9886361,1.0,CANDIDATE,CONFIRMED,0.99999857
candidate_2230,K02732.03,9886361,0.0,CANDIDATE,CONFIRMED,1.4371483e-06
candidate_2231,K02732.04,9886361,1.0,CANDIDATE,CANDIDATE,0.9999883
candidate_2232,K04575.01,9893468,0.0,CANDIDATE,CANDIDATE,1.4267935e-16
candidate_2233,K02579.01,9896018,0.0,CANDIDATE,CONFIRMED,0.000436234
candidate_2234,K02579.02,9896018,1.0,CANDIDATE,CONFIRMED,0.9999387
candidate_2235,K02579.03,9896018,0.0,CANDIDATE,CANDIDATE,0.17303404
candidate_2236,K07973.01,9899345,0.0,CANDIDATE,CANDIDATE,9.915655e-33
candidate_2237,K07976.01,9906688,0.0,CANDIDATE,CANDIDATE,1.7466125e-05
candidate_2238,K07252.01,9909965,1.0,CANDIDATE,CANDIDATE,0.9992737
candidate_2239,K05732.01,9910043,1.0,CANDIDATE,CANDIDATE,0.99988604
candidate_2240,K07255.01,9932197,0.0,CANDIDATE,CANDIDATE,6.3291745e-21
candidate_2241,K01587.01,9932970,1.0,CANDIDATE,CANDIDATE,0.99997663
candidate_2242,K04885.01,9935642,1.0,CANDIDATE,CANDIDATE,0.99977237
candidate_2243,K05736.01,9935983,0.0,CANDIDATE,CANDIDATE,5.0861753e-37
candidate_2244,K07978.01,9938836,0.0,CANDIDATE,CANDIDATE,0.0019543308
candidate_2245,K05737.01,9941136,0.0,CANDIDATE,CANDIDATE,0.0
candidate_2246,K05740.01,9942658,1.0,CANDIDATE,CANDIDATE,1.0
candidate_2247,K07258.01,9943009,0.0,CANDIDATE,CANDIDATE,8.300458e-05
candidate_2248,K07259.01,9944201,0.0,CANDIDATE,CANDIDATE,3.838489e-28
candidate_2249,K04460.01,9947389,0.0,CANDIDATE,CANDIDATE,0.0
candidate_2250,K04647.01,9947653,1.0,CANDIDATE,CANDIDATE,0.99999976
candidate_2251,K04647.02,9947653,1.0,CANDIDATE,CANDIDATE,1.0
candidate_2252,K05741.01,9953491,0.0,CANDIDATE,CANDIDATE,6.090973e-34
candidate_2253,K00076.01,9955262,1.0,CANDIDATE,CANDIDATE,1.0
candidate_2254,K02677.01,9958387,1.0,CANDIDATE,CANDIDATE,0.99996364
candidate_2255,K00593.01,9958962,0.0,CANDIDATE,CONFIRMED,0.44225496
candidate_2256,K00593.02,9958962,0.0,CANDIDATE,CONFIRMED,0.0
candidate_2257,K00593.03,9958962,0.0,CANDIDATE,CONFIRMED,7.8984347e-17
candidate_2258,K00593.04,9958962,0.0,CANDIDATE,CANDIDATE,0.0
candidate_2259,K07264.01,9959093,1.0,CANDIDATE,CANDIDATE,1.0
candidate_2260,K05745.01,9962595,0.0,CANDIDATE,CANDIDATE,8.1371145e-05
candidate_2261,K03401.01,9966219,1.0,CANDIDATE,CANDIDATE,0.9999968
candidate_2262,K03401.02,9966219,0.0,CANDIDATE,CANDIDATE,2.1045816e-18
candidate_2263,K03462.01,9967009,0.0,CANDIDATE,CANDIDATE,0.00018265938
candidate_2264,K03462.02,9967009,1.0,CANDIDATE,CANDIDATE,0.7815261
candidate_2265,K05747.01,9968924,0.0,CANDIDATE,CANDIDATE,0.0
candidate_2266,K04820.01,9969287,0.0,CANDIDATE,CANDIDATE,1.2665873e-07
candidate_2267,K02018.01,9973109,1.0,CANDIDATE,CONFIRMED,0.99999976
candidate_2268,K02018.02,9973109,1.0,CANDIDATE,CANDIDATE,0.99734443
candidate_2269,K06214.01,9974142,0.0,CANDIDATE,FALSE POSITIVE,0.0
candidate_2270,K06214.02,9974142,0.0,CANDIDATE,CANDIDATE,0.0
candidate_2271,K05748.01,9993683,1.0,CANDIDATE,CANDIDATE,0.9999999
candidate_2272,K05749.01,9994381,0.0,CANDIDATE,CANDIDATE,2.439076e-23
