id,kepler_name,kepid,predicted_2022,class_2022,class_2025,probability
candidate_1,K04902.01,10000162,0.0,CANDIDATE,CANDIDATE,0.16387571
candidate_2,K04146.02,10000941,1.0,CANDIDATE,CANDIDATE,0.6754828
candidate_3,K07270.01,10002049,1.0,CANDIDATE,CANDIDATE,0.8942367
candidate_4,K04519.01,10003058,1.0,CANDIDATE,CANDIDATE,0.8831351
candidate_5,K01940.02,10005788,1.0,CANDIDATE,CANDIDATE,0.572208
candidate_6,K05755.01,10007916,1.0,CANDIDATE,CANDIDATE,0.65327036
candidate_7,K07982.01,10011213,0.0,CANDIDATE,CANDIDATE,0.4603541
candidate_8,K00426.01,10016874,1.0,CANDIDATE,CANDIDATE,0.8825231
candidate_9,K07272.01,10019854,1.0,CANDIDATE,CANDIDATE,0.6108052
candidate_10,K02312.01,10026544,1.0,CANDIDATE,CANDIDATE,0.59910476
candidate_11,K05758.01,10027861,1.0,CANDIDATE,CANDIDATE,0.6012877
candidate_12,K08193.01,10028127,0.0,CANDIDATE,CANDIDATE,0.34473687
candidate_13,K01957.01,10028352,1.0,CANDIDATE,CANDIDATE,0.88515514
candidate_14,K01574.03,10028792,1.0,CANDIDATE,CANDIDATE,0.5368639
candidate_15,K01574.04,10028792,1.0,CANDIDATE,CANDIDATE,0.7087116
candidate_16,K07279.01,10053138,0.0,CANDIDATE,CANDIDATE,0.4965542
candidate_17,K01608.03,10055126,0.0,CANDIDATE,CONFIRMED,0.44499946
candidate_18,K05759.01,10064591,0.0,CANDIDATE,CANDIDATE,0.26222575
candidate_19,K04898.01,10065053,0.0,CANDIDATE,CANDIDATE,0.27105144
candidate_20,K07281.01,10066755,0.0,CANDIDATE,CANDIDATE,0.14719144
candidate_21,K07282.01,10070479,1.0,CANDIDATE,CANDIDATE,0.7955083
candidate_22,K02764.01,10073672,1.0,CANDIDATE,CANDIDATE,0.87435555
candidate_23,K07607.01,10079420,1.0,CANDIDATE,CANDIDATE,0.7335318
candidate_24,K05761.01,10083325,1.0,CANDIDATE,CANDIDATE,0.8794329
candidate_25,K07283.01,10089123,0.0,CANDIDATE,CANDIDATE,0.18363906
candidate_26,K04034.02,10089911,1.0,CANDIDATE,CANDIDATE,0.55673635
candidate_27,K05762.01,10090854,1.0,CANDIDATE,CANDIDATE,0.65680057
candidate_28,K05764.01,10098540,0.0,CANDIDATE,CANDIDATE,0.4639566
candidate_29,K04755.01,10118266,1.0,CANDIDATE,CANDIDATE,0.8914272
candidate_30,K04451.01,10120548,1.0,CANDIDATE,CANDIDATE,0.8880232
candidate_31,K02926.05,10122538,0.0,CANDIDATE,CANDIDATE,0.12207262
candidate_32,K07986.01,10128825,0.0,CANDIDATE,CANDIDATE,0.11595998
candidate_33,K04545.01,10140122,1.0,CANDIDATE,CANDIDATE,0.6061787
candidate_34,K04334.01,10140274,1.0,CANDIDATE,CANDIDATE,0.7813235
candidate_35,K01082.01,10141900,1.0,CANDIDATE,CONFIRMED,0.8702592
candidate_36,K01082.02,10141900,1.0,CANDIDATE,CONFIRMED,0.887563
candidate_37,K01082.04,10141900,1.0,CANDIDATE,CANDIDATE,0.8811849
candidate_38,K05769.01,10146103,1.0,CANDIDATE,CANDIDATE,0.81723034
candidate_39,K01081.01,10149023,1.0,CANDIDATE,CANDIDATE,0.79219544
candidate_40,K01773.01,10153011,1.0,CANDIDATE,CANDIDATE,0.5670415
candidate_41,K03208.01,10155029,0.0,CANDIDATE,CANDIDATE,0.44184217
candidate_42,K07988.01,10155286,0.0,CANDIDATE,CANDIDATE,0.22700268
candidate_43,K01083.02,10157458,1.0,CANDIDATE,CANDIDATE,0.89267147
candidate_44,K01784.01,10158418,1.0,CANDIDATE,CANDIDATE,0.86937803
candidate_45,K07990.01,10160922,0.0,CANDIDATE,CANDIDATE,0.37060446
candidate_46,K07291.01,10163067,1.0,CANDIDATE,CANDIDATE,0.8749688
candidate_47,K05772.01,10186761,1.0,CANDIDATE,CANDIDATE,0.6497982
candidate_48,K00427.01,10189546,1.0,CANDIDATE,CONFIRMED,0.861721
candidate_49,K03007.01,10190075,0.0,CANDIDATE,CANDIDATE,0.38084528
candidate_50,K05775.01,10191449,0.0,CANDIDATE,CANDIDATE,0.05651347
candidate_51,K07991.01,10198225,1.0,CANDIDATE,CANDIDATE,0.51418996
candidate_52,K06216.01,10198662,0.0,CANDIDATE,CANDIDATE,0.24828081
candidate_53,K06216.02,10198662,0.0,CANDIDATE,CANDIDATE,0.31871656
candidate_54,K05776.01,10199984,1.0,CANDIDATE,CANDIDATE,0.82336634
candidate_55,K06217.01,10200627,0.0,CANDIDATE,CANDIDATE,0.40628844
candidate_56,K07992.01,10214341,0.0,CANDIDATE,CANDIDATE,0.18671846
candidate_57,K00728.01,10221013,0.0,CANDIDATE,CANDIDATE,0.46181393
candidate_58,K04768.01,10221505,1.0,CANDIDATE,CANDIDATE,0.92106515
candidate_59,K08201.01,10253977,0.0,CANDIDATE,CANDIDATE,0.1970426
candidate_60,K04557.01,10257229,1.0,CANDIDATE,CANDIDATE,0.56211525
candidate_61,K07621.01,1025986,0.0,CANDIDATE,CANDIDATE,0.33061808
candidate_62,K07301.01,10264293,1.0,CANDIDATE,CANDIDATE,0.9445772
candidate_63,K02689.01,10265602,0.0,CANDIDATE,CANDIDATE,0.38838974
candidate_64,K00732.02,10265898,1.0,CANDIDATE,CANDIDATE,0.81895226
candidate_65,K00732.03,10265898,1.0,CANDIDATE,CONFIRMED,0.66164273
candidate_66,K00734.02,10272442,1.0,CANDIDATE,CANDIDATE,0.8393424
candidate_67,K05782.01,10272858,0.0,CANDIDATE,CANDIDATE,0.14112031
candidate_68,K03913.01,10281221,1.0,CANDIDATE,CANDIDATE,0.6279318
candidate_69,K00331.02,10285631,0.0,CANDIDATE,CANDIDATE,0.49405125
candidate_70,K00735.01,10287242,1.0,CANDIDATE,CANDIDATE,0.52503556
candidate_71,K01174.01,10287723,0.0,CANDIDATE,CANDIDATE,0.1559212
candidate_72,K07305.01,10290021,0.0,CANDIDATE,CANDIDATE,0.03747079
candidate_73,K00332.02,10290666,1.0,CANDIDATE,CANDIDATE,0.7369998
candidate_74,K04754.01,10291589,1.0,CANDIDATE,CANDIDATE,0.9077592
candidate_75,K01154.01,10295951,0.0,CANDIDATE,CANDIDATE,0.041591227
candidate_76,K01169.01,10319385,0.0,CANDIDATE,CANDIDATE,0.041243404
candidate_77,K05785.01,10319834,1.0,CANDIDATE,CANDIDATE,0.9158909
candidate_78,K07998.01,10321972,1.0,CANDIDATE,CANDIDATE,0.71848786
candidate_79,K08000.01,10331279,1.0,CANDIDATE,CANDIDATE,0.87897754
candidate_80,K02401.01,10336951,0.0,CANDIDATE,CANDIDATE,0.3072835
candidate_81,K05787.01,10339000,1.0,CANDIDATE,CANDIDATE,0.7652143
candidate_82,K01175.02,10350571,1.0,CANDIDATE,CONFIRMED,0.8290187
candidate_83,K08205.01,10351947,0.0,CANDIDATE,CANDIDATE,0.23546843
candidate_84,K03991.01,10352333,0.0,CANDIDATE,CANDIDATE,0.4817526
candidate_85,K03224.01,10384298,1.0,CANDIDATE,CANDIDATE,0.6966971
candidate_86,K02583.01,10387742,1.0,CANDIDATE,CONFIRMED,0.9229467
candidate_87,K05789.01,10387792,0.0,CANDIDATE,CANDIDATE,0.22572812
candidate_88,K07319.01,10388451,1.0,CANDIDATE,CANDIDATE,0.84111434
candidate_89,K05790.01,10394802,0.0,CANDIDATE,CANDIDATE,0.0866866
candidate_90,K00531.01,10395543,1.0,CANDIDATE,CANDIDATE,0.7506934
candidate_91,K07320.01,10396708,1.0,CANDIDATE,CANDIDATE,0.8750915
candidate_92,K02859.03,10397751,1.0,CANDIDATE,CANDIDATE,0.8921327
candidate_93,K02859.04,10397751,1.0,CANDIDATE,CANDIDATE,0.7465323
candidate_94,K02859.05,10397751,1.0,CANDIDATE,CANDIDATE,0.73671293
candidate_95,K08007.01,10403228,1.0,CANDIDATE,CANDIDATE,0.5997293
candidate_96,K04568.02,10407086,0.0,CANDIDATE,CANDIDATE,0.22333592
candidate_97,K08011.01,10407191,0.0,CANDIDATE,CANDIDATE,0.048852216
candidate_98,K06224.01,10414727,0.0,CANDIDATE,CANDIDATE,0.07210466
candidate_99,K07327.01,10450504,1.0,CANDIDATE,CANDIDATE,0.8042367
candidate_100,K08012.01,10452252,0.0,CANDIDATE,CANDIDATE,0.20796682
candidate_101,K05794.01,10453009,0.0,CANDIDATE,CANDIDATE,0.4189009
candidate_102,K05795.01,10459749,1.0,CANDIDATE,CANDIDATE,0.75441206
candidate_103,K01168.01,10460629,0.0,CANDIDATE,CANDIDATE,0.06676552
candidate_104,K00474.03,10460984,1.0,CANDIDATE,CONFIRMED,0.81766623
candidate_105,K07330.01,10464199,1.0,CANDIDATE,CANDIDATE,0.705369
candidate_106,K04480.01,10467714,1.0,CANDIDATE,CANDIDATE,0.68568695
candidate_107,K05796.01,10470779,0.0,CANDIDATE,CANDIDATE,0.23312724
candidate_108,K02554.01,10471621,0.0,CANDIDATE,CANDIDATE,0.32065633
candidate_109,K02554.02,10471621,1.0,CANDIDATE,CANDIDATE,0.7721925
candidate_110,K05798.01,10487228,0.0,CANDIDATE,CANDIDATE,0.24826802
candidate_111,K08211.01,10515564,0.0,CANDIDATE,CANDIDATE,0.37821633
candidate_112,K02188.02,10518424,1.0,CANDIDATE,CANDIDATE,0.8807896
candidate_113,K05799.01,10519727,0.0,CANDIDATE,CANDIDATE,0.36181766
candidate_114,K05800.01,10525077,1.0,CANDIDATE,CANDIDATE,0.57433504
candidate_115,K04345.01,10534155,1.0,CANDIDATE,CANDIDATE,0.8616124
candidate_116,K05801.01,10535708,0.0,CANDIDATE,CANDIDATE,0.08356886
candidate_117,K08026.01,10536241,1.0,CANDIDATE,CANDIDATE,0.7820026
candidate_118,K00337.02,10545066,0.0,CANDIDATE,CANDIDATE,0.13376607
candidate_119,K07339.01,10546063,1.0,CANDIDATE,CANDIDATE,0.6922409
candidate_120,K04826.01,10549902,1.0,CANDIDATE,CANDIDATE,0.72850305
candidate_121,K05805.01,10552151,1.0,CANDIDATE,CANDIDATE,0.8788916
candidate_122,K05806.01,10552263,0.0,CANDIDATE,CANDIDATE,0.16550326
candidate_123,K05807.01,10554421,0.0,CANDIDATE,CANDIDATE,0.4686214
candidate_124,K05810.01,10581308,1.0,CANDIDATE,CANDIDATE,0.83092964
candidate_125,K04833.01,10584140,1.0,CANDIDATE,CANDIDATE,0.5524493
candidate_126,K04563.01,10585749,1.0,CANDIDATE,CANDIDATE,0.89083505
candidate_127,K07345.01,10586619,1.0,CANDIDATE,CANDIDATE,0.63963103
candidate_128,K04892.01,10586744,1.0,CANDIDATE,CANDIDATE,0.802632
candidate_129,K02958.01,10597693,1.0,CANDIDATE,CANDIDATE,0.89644283
candidate_130,K05812.01,10601163,0.0,CANDIDATE,CANDIDATE,0.23861577
candidate_131,K00210.01,10602291,0.0,CANDIDATE,CANDIDATE,0.29614982
candidate_132,K02797.01,10604521,1.0,CANDIDATE,CANDIDATE,0.86320186
candidate_133,K04577.01,10610039,0.0,CANDIDATE,CANDIDATE,0.41940346
candidate_134,K04577.02,10610039,1.0,CANDIDATE,CANDIDATE,0.80936104
candidate_135,K05815.01,10618044,0.0,CANDIDATE,CANDIDATE,0.2300129
candidate_136,K04366.01,10647452,0.0,CANDIDATE,CANDIDATE,0.14077732
candidate_137,K00211.01,10656508,0.0,CANDIDATE,CANDIDATE,0.39474025
candidate_138,K05816.01,10656842,1.0,CANDIDATE,CANDIDATE,0.590125
candidate_139,K05817.01,10658177,0.0,CANDIDATE,CANDIDATE,0.34480962
candidate_140,K07354.01,10659624,1.0,CANDIDATE,CANDIDATE,0.8342947
candidate_141,K00750.02,10662202,1.0,CANDIDATE,CANDIDATE,0.85559493
candidate_142,K00750.03,10662202,0.0,CANDIDATE,CANDIDATE,0.19611232
candidate_143,K04698.01,10663738,1.0,CANDIDATE,CANDIDATE,0.9182392
candidate_144,K05819.01,10663976,0.0,CANDIDATE,CANDIDATE,0.15079294
candidate_145,K07358.01,10665228,1.0,CANDIDATE,CANDIDATE,0.85894686
candidate_146,K07359.01,10665749,1.0,CANDIDATE,CANDIDATE,0.8634001
candidate_147,K02068.01,10674871,1.0,CANDIDATE,CANDIDATE,0.7046271
candidate_148,K04804.01,10676750,0.0,CANDIDATE,CANDIDATE,0.33887893
candidate_149,K05821.01,10678912,1.0,CANDIDATE,CANDIDATE,0.51495516
candidate_150,K07361.01,10680424,0.0,CANDIDATE,CANDIDATE,0.1712175
candidate_151,K05822.01,10685764,0.0,CANDIDATE,CANDIDATE,0.49624437
candidate_152,K00430.02,10717241,1.0,CANDIDATE,CANDIDATE,0.74332404
candidate_153,K00600.02,10718726,1.0,CANDIDATE,CANDIDATE,0.76313823
candidate_154,K02327.02,10730703,1.0,CANDIDATE,CANDIDATE,0.67411035
candidate_155,K07368.01,10736489,1.0,CANDIDATE,CONFIRMED,0.8274163
candidate_156,K05825.01,10737437,0.0,CANDIDATE,CANDIDATE,0.35016307
candidate_157,K00989.03,10743597,1.0,CANDIDATE,CANDIDATE,0.8867094
candidate_158,K04405.01,10745365,1.0,CANDIDATE,CANDIDATE,0.8476255
candidate_159,K05826.01,10747162,0.0,CANDIDATE,CANDIDATE,0.23049
candidate_160,K04891.01,10747501,1.0,CANDIDATE,CANDIDATE,0.8023234
candidate_161,K03086.01,10749059,1.0,CANDIDATE,CANDIDATE,0.67347395
candidate_162,K01639.02,10749128,1.0,CANDIDATE,CANDIDATE,0.5626705
candidate_163,K07370.01,10751908,1.0,CANDIDATE,CANDIDATE,0.85436994
candidate_164,K08031.01,10790401,0.0,CANDIDATE,CANDIDATE,0.19876906
candidate_165,K02871.03,10793172,0.0,CANDIDATE,CANDIDATE,0.48934898
candidate_166,K02871.04,10793172,0.0,CANDIDATE,CANDIDATE,0.41824335
candidate_167,K03451.01,10793576,1.0,CANDIDATE,CANDIDATE,0.7450246
candidate_168,K01316.02,10794087,0.0,CANDIDATE,CANDIDATE,0.101614796
candidate_169,K04235.01,10794974,0.0,CANDIDATE,CANDIDATE,0.46711823
candidate_170,K02373.01,10798331,1.0,CANDIDATE,CANDIDATE,0.86369914
candidate_171,K05829.01,10802364,0.0,CANDIDATE,CANDIDATE,0.2709049
candidate_172,K05830.01,10809888,1.0,CANDIDATE,CANDIDATE,0.7464089
candidate_173,K04801.01,10810859,1.0,CANDIDATE,CANDIDATE,0.5469057
candidate_174,K00753.01,10811496,1.0,CANDIDATE,CANDIDATE,0.9232983
candidate_175,K07375.01,10812541,1.0,CANDIDATE,CANDIDATE,0.73003304
candidate_176,K05831.01,10813078,1.0,CANDIDATE,CANDIDATE,0.78937703
candidate_177,K07376.01,10815677,1.0,CANDIDATE,CANDIDATE,0.65930647
candidate_178,K07378.01,10843431,0.0,CANDIDATE,CONFIRMED,0.48086792
candidate_179,K07378.02,10843431,1.0,CANDIDATE,CANDIDATE,0.8894624
candidate_180,K08033.01,10844823,0.0,CANDIDATE,CANDIDATE,0.095706604
candidate_181,K01946.01,10844890,1.0,CANDIDATE,CANDIDATE,0.92640823
candidate_182,K07380.01,10848097,0.0,CANDIDATE,CANDIDATE,0.19969304
candidate_183,K05833.01,10850327,0.0,CANDIDATE,CANDIDATE,0.39593247
candidate_184,K05834.01,10855545,1.0,CANDIDATE,CANDIDATE,0.69125706
candidate_185,K05835.01,10858504,0.0,CANDIDATE,CANDIDATE,0.18077031
candidate_186,K08035.01,10862759,1.0,CANDIDATE,CANDIDATE,0.8929107
candidate_187,K05836.01,10865043,0.0,CANDIDATE,CANDIDATE,0.1299117
candidate_188,K07383.01,10866969,0.0,CANDIDATE,CANDIDATE,0.46136943
candidate_189,K01303.01,10867062,1.0,CANDIDATE,CANDIDATE,0.8555809
candidate_190,K04597.01,10873178,1.0,CANDIDATE,CANDIDATE,0.78255993
candidate_191,K04149.01,10875007,1.0,CANDIDATE,CANDIDATE,0.7931108
candidate_192,K04149.02,10875007,1.0,CANDIDATE,CANDIDATE,0.79967004
candidate_193,K05837.01,10878117,0.0,CANDIDATE,CANDIDATE,0.39285007
candidate_194,K05839.01,10879899,0.0,CANDIDATE,CANDIDATE,0.13486254
candidate_195,K02957.01,10904004,1.0,CANDIDATE,CANDIDATE,0.71019924
candidate_196,K04503.01,10907132,1.0,CANDIDATE,CANDIDATE,0.8117498
candidate_197,K08217.01,10907307,0.0,CANDIDATE,CANDIDATE,0.34897304
candidate_198,K02623.02,10916600,1.0,CANDIDATE,CANDIDATE,0.5281548
candidate_199,K02770.01,10917043,0.0,CANDIDATE,CANDIDATE,0.22461855
candidate_200,K03248.01,10917433,1.0,CANDIDATE,CANDIDATE,0.86804616
candidate_201,K01963.01,10917681,1.0,CANDIDATE,CANDIDATE,0.9052659
candidate_202,K08037.01,10920281,1.0,CANDIDATE,CANDIDATE,0.8892197
candidate_203,K01315.01,10928043,1.0,CANDIDATE,CANDIDATE,0.9446054
candidate_204,K07389.01,10932270,1.0,CANDIDATE,CANDIDATE,0.76502186
candidate_205,K05842.01,10933306,0.0,CANDIDATE,CANDIDATE,0.26876283
candidate_206,K03367.01,10935993,1.0,CANDIDATE,CANDIDATE,0.89717704
candidate_207,K04499.01,10937749,1.0,CANDIDATE,CANDIDATE,0.60024947
candidate_208,K01310.02,10964440,1.0,CANDIDATE,CANDIDATE,0.91249216
candidate_209,K05845.01,10967168,1.0,CANDIDATE,CANDIDATE,0.75573105
candidate_210,K04692.02,10972902,1.0,CANDIDATE,CANDIDATE,0.6196003
candidate_211,K00601.02,10973664,1.0,CANDIDATE,CONFIRMED,0.8066269
candidate_212,K05846.01,10977671,1.0,CANDIDATE,CANDIDATE,0.9040296
candidate_213,K05847.01,10978581,0.0,CANDIDATE,CANDIDATE,0.44253618
candidate_214,K05848.01,10979952,1.0,CANDIDATE,CANDIDATE,0.52059287
candidate_215,K05849.01,10989620,1.0,CANDIDATE,CANDIDATE,0.62933075
candidate_216,K04374.01,10991114,1.0,CANDIDATE,CANDIDATE,0.74621254
candidate_217,K05850.01,10991389,1.0,CANDIDATE,CANDIDATE,0.5922655
candidate_218,K05851.01,10991431,0.0,CANDIDATE,CANDIDATE,0.1798959
candidate_219,K00972.01,11013201,1.0,CANDIDATE,CANDIDATE,0.94604546
candidate_220,K00972.02,11013201,0.0,CANDIDATE,CANDIDATE,0.47360247
candidate_221,K07400.01,11019739,1.0,CANDIDATE,CANDIDATE,0.84874564
candidate_222,K05852.01,11021266,0.0,CANDIDATE,CANDIDATE,0.41655195
candidate_223,K05853.01,11021676,1.0,CANDIDATE,CANDIDATE,0.5852338
candidate_224,K01420.01,11026304,1.0,CANDIDATE,CANDIDATE,0.87786746
candidate_225,K05854.01,11026582,1.0,CANDIDATE,CANDIDATE,0.56034404
candidate_226,K02248.02,11030475,0.0,CANDIDATE,CANDIDATE,0.3104127
candidate_227,K02248.03,11030475,0.0,CANDIDATE,CANDIDATE,0.10550552
candidate_228,K02248.04,11030475,0.0,CANDIDATE,CANDIDATE,0.37961674
candidate_229,K08039.01,11032748,1.0,CANDIDATE,CANDIDATE,0.7363362
candidate_230,K05855.01,11036168,1.0,CANDIDATE,CANDIDATE,0.8606011
candidate_231,K05857.01,11046723,0.0,CANDIDATE,CANDIDATE,0.13828541
candidate_232,K07404.01,11068630,1.0,CANDIDATE,CANDIDATE,0.7702905
candidate_233,K05859.01,11069681,1.0,CANDIDATE,CANDIDATE,0.5402278
candidate_234,K02696.01,11071200,1.0,CANDIDATE,CANDIDATE,0.8356644
candidate_235,K02696.02,11071200,1.0,CANDIDATE,CANDIDATE,0.8466111
candidate_236,K04852.01,11072016,1.0,CANDIDATE,CANDIDATE,0.76191306
candidate_237,K05860.01,11072982,1.0,CANDIDATE,CANDIDATE,0.8901967
candidate_238,K02206.01,11073656,1.0,CANDIDATE,CANDIDATE,0.5897254
candidate_239,K02533.03,11074835,1.0,CANDIDATE,CANDIDATE,0.92091346
candidate_240,K01431.01,11075279,0.0,CANDIDATE,CANDIDATE,0.0685923
candidate_241,K02759.01,11076400,1.0,CANDIDATE,CANDIDATE,0.88836336
candidate_242,K05863.01,11080702,1.0,CANDIDATE,CANDIDATE,0.6558077
candidate_243,K04287.01,11081504,1.0,CANDIDATE,CANDIDATE,0.7999022
candidate_244,K04287.02,11081504,0.0,CANDIDATE,CANDIDATE,0.46739963
candidate_245,K05864.01,11082795,0.0,CANDIDATE,CANDIDATE,0.49196675
candidate_246,K05866.01,11090926,0.0,CANDIDATE,CANDIDATE,0.19082968
candidate_247,K07408.01,11092783,1.0,CANDIDATE,CANDIDATE,0.86353713
candidate_248,K05867.01,11097752,0.0,CANDIDATE,CANDIDATE,0.16115326
candidate_249,K02712.01,11098013,1.0,CANDIDATE,CANDIDATE,0.5092968
candidate_250,K05868.01,11098704,0.0,CANDIDATE,CANDIDATE,0.4106117
candidate_251,K05869.01,11100170,1.0,CANDIDATE,CANDIDATE,0.52963024
candidate_252,K01426.03,11122894,0.0,CANDIDATE,CONFIRMED,0.26118523
candidate_253,K04442.01,11124436,1.0,CANDIDATE,CANDIDATE,0.84775305
candidate_254,K03371.01,11125797,0.0,CANDIDATE,CANDIDATE,0.08090295
candidate_255,K05870.01,11129145,1.0,CANDIDATE,CANDIDATE,0.53859115
candidate_256,K01427.02,11129738,0.0,CANDIDATE,CANDIDATE,0.14097923
candidate_257,K04896.01,11135694,1.0,CANDIDATE,CANDIDATE,0.91932356
candidate_258,K04896.02,11135694,1.0,CANDIDATE,CANDIDATE,0.9051521
candidate_259,K00760.01,11138155,0.0,CANDIDATE,CONFIRMED,0.19130637
candidate_260,K08043.01,11139682,0.0,CANDIDATE,CANDIDATE,0.46870926
candidate_261,K05871.01,11145391,0.0,CANDIDATE,CANDIDATE,0.11700441
candidate_262,K05872.01,11145637,0.0,CANDIDATE,CANDIDATE,0.15829872
candidate_263,K05873.01,11147785,0.0,CANDIDATE,CANDIDATE,0.28443483
candidate_264,K05874.01,11152511,1.0,CANDIDATE,CANDIDATE,0.8837083
candidate_265,K01647.03,11153121,1.0,CANDIDATE,CANDIDATE,0.7599182
candidate_266,K04601.01,11153476,1.0,CANDIDATE,CANDIDATE,0.5459825
candidate_267,K05875.02,11176166,0.0,CANDIDATE,CANDIDATE,0.34045228
candidate_268,K00971.01,11180361,0.0,CANDIDATE,CANDIDATE,0.026859982
candidate_269,K04653.01,11181260,1.0,CANDIDATE,CANDIDATE,0.60351616
candidate_270,K05876.01,11182213,0.0,CANDIDATE,CANDIDATE,0.266485
candidate_271,K07415.01,11182260,0.0,CANDIDATE,CANDIDATE,0.1943197
candidate_272,K08046.01,11182706,0.0,CANDIDATE,CANDIDATE,0.46267083
candidate_273,K05877.01,11183752,0.0,CANDIDATE,CANDIDATE,0.41592482
candidate_274,K07416.01,11187972,0.0,CANDIDATE,CANDIDATE,0.37087408
candidate_275,K05878.01,11191364,0.0,CANDIDATE,CANDIDATE,0.4917028
candidate_276,K02813.01,11197853,0.0,CANDIDATE,CANDIDATE,0.2428446
candidate_277,K05879.01,11198419,1.0,CANDIDATE,CANDIDATE,0.58246964
candidate_278,K07426.01,11241560,1.0,CANDIDATE,CANDIDATE,0.7001128
candidate_279,K07427.01,11244571,1.0,CANDIDATE,CANDIDATE,0.71350825
candidate_280,K02796.01,11246161,0.0,CANDIDATE,CANDIDATE,0.13801394
candidate_281,K05881.01,11251991,0.0,CANDIDATE,CANDIDATE,0.18162736
candidate_282,K01972.01,11253711,1.0,CANDIDATE,CANDIDATE,0.94761217
candidate_283,K07430.01,11282568,0.0,CANDIDATE,CANDIDATE,0.42355353
candidate_284,K04622.02,11284772,1.0,CANDIDATE,CANDIDATE,0.80560523
candidate_285,K07432.01,11286311,1.0,CANDIDATE,CANDIDATE,0.87776893
candidate_286,K07434.01,11288492,1.0,CANDIDATE,CANDIDATE,0.8004113
candidate_287,K07435.01,11288772,0.0,CANDIDATE,CANDIDATE,0.43964815
candidate_288,K04716.01,11290515,1.0,CANDIDATE,CANDIDATE,0.74694836
candidate_289,K04716.02,11290515,1.0,CANDIDATE,CANDIDATE,0.5538055
candidate_290,K08047.01,11294822,0.0,CANDIDATE,CANDIDATE,0.13203192
candidate_291,K04396.04,11296045,0.0,CANDIDATE,CANDIDATE,0.09430626
candidate_292,K08048.01,11296205,0.0,CANDIDATE,CANDIDATE,0.36681128
candidate_293,K06237.02,11296437,0.0,CANDIDATE,CANDIDATE,0.090838276
candidate_294,K07437.01,11296724,0.0,CANDIDATE,CANDIDATE,0.17820033
candidate_295,K05882.01,11298442,1.0,CANDIDATE,CANDIDATE,0.79772335
candidate_296,K05883.01,11305417,0.0,CANDIDATE,CANDIDATE,0.4316211
candidate_297,K01445.02,11336883,1.0,CANDIDATE,CANDIDATE,0.555179
candidate_298,K01445.03,11336883,1.0,CANDIDATE,CANDIDATE,0.8447219
candidate_299,K04666.01,11337012,1.0,CANDIDATE,CANDIDATE,0.74651384
candidate_300,K04735.01,11338056,1.0,CANDIDATE,CANDIDATE,0.910353
candidate_301,K08221.01,11338091,1.0,CANDIDATE,CANDIDATE,0.6841126
candidate_302,K05885.01,11340218,0.0,CANDIDATE,CANDIDATE,0.27053127
candidate_303,K06238.01,11341164,0.0,CANDIDATE,CANDIDATE,0.21945763
candidate_304,K05886.01,11341266,0.0,CANDIDATE,CANDIDATE,0.2207308
candidate_305,K01421.01,11342550,0.0,CANDIDATE,CANDIDATE,0.33876655
candidate_306,K05888.01,11348610,0.0,CANDIDATE,CANDIDATE,0.055998437
candidate_307,K04509.01,11350118,1.0,CANDIDATE,CANDIDATE,0.8592152
candidate_308,K08050.01,11350634,1.0,CANDIDATE,CANDIDATE,0.75990707
candidate_309,K05889.01,11351454,0.0,CANDIDATE,CANDIDATE,0.27258357
candidate_310,K05890.01,11355925,1.0,CANDIDATE,CANDIDATE,0.79526657
candidate_311,K04464.01,11357664,1.0,CANDIDATE,CANDIDATE,0.683593
candidate_312,K08052.01,11358305,1.0,CANDIDATE,CANDIDATE,0.91925657
candidate_313,K02163.03,11358389,0.0,CANDIDATE,CANDIDATE,0.32328388
candidate_314,K02422.02,11360805,1.0,CANDIDATE,CANDIDATE,0.7330221
candidate_315,K02551.01,11361283,1.0,CANDIDATE,CANDIDATE,0.8299998
candidate_316,K05891.01,11391512,0.0,CANDIDATE,CANDIDATE,0.24547175
candidate_317,K02639.01,11391755,1.0,CANDIDATE,CANDIDATE,0.73335254
candidate_318,K02639.02,11391755,1.0,CANDIDATE,CANDIDATE,0.74704576
candidate_319,K08053.01,11392362,1.0,CANDIDATE,CANDIDATE,0.5621748
candidate_320,K05892.01,11393248,1.0,CANDIDATE,CANDIDATE,0.7225746
candidate_321,K05893.01,11393633,0.0,CANDIDATE,CANDIDATE,0.3039148
candidate_322,K00350.01,11395587,1.0,CANDIDATE,CANDIDATE,0.8521306
candidate_323,K04823.01,11401253,1.0,CANDIDATE,CANDIDATE,0.7733585
candidate_324,K06085.01,11404644,0.0,CANDIDATE,CANDIDATE,0.14432342
candidate_325,K05895.01,11407847,0.0,CANDIDATE,CANDIDATE,0.21829739
candidate_326,K07445.01,11411639,1.0,CANDIDATE,CANDIDATE,0.80086833
candidate_327,K05896.01,11414368,0.0,CANDIDATE,CANDIDATE,0.35915044
candidate_328,K08054.01,11443757,1.0,CANDIDATE,CANDIDATE,0.91884416
candidate_329,K05897.01,11444772,1.0,CANDIDATE,CANDIDATE,0.6393224
candidate_330,K05898.01,11444974,0.0,CANDIDATE,CANDIDATE,0.4318491
candidate_331,K08223.01,11446424,1.0,CANDIDATE,CANDIDATE,0.8776748
candidate_332,K05899.01,11446961,0.0,CANDIDATE,CANDIDATE,0.28110257
candidate_333,K01992.03,11450414,1.0,CANDIDATE,CONFIRMED,0.7096016
candidate_334,K08055.01,11453349,1.0,CANDIDATE,CANDIDATE,0.90736485
candidate_335,K05900.01,11453930,1.0,CANDIDATE,CANDIDATE,0.53690875
candidate_336,K05901.01,11456256,1.0,CANDIDATE,CANDIDATE,0.9093426
candidate_337,K05902.01,11457664,1.0,CANDIDATE,CANDIDATE,0.72487116
candidate_338,K02124.01,11462341,0.0,CANDIDATE,CANDIDATE,0.065945685
candidate_339,K06239.01,11462969,0.0,CANDIDATE,CANDIDATE,0.19398965
candidate_340,K06239.02,11462969,0.0,CANDIDATE,CANDIDATE,0.27941665
candidate_341,K05903.01,11465658,1.0,CANDIDATE,CANDIDATE,0.7726716
candidate_342,K05905.01,11493378,0.0,CANDIDATE,CANDIDATE,0.28287005
candidate_343,K07449.01,11495989,0.0,CANDIDATE,CANDIDATE,0.30791864
candidate_344,K00970.01,11502218,1.0,CANDIDATE,CANDIDATE,0.5451131
candidate_345,K04586.01,11506654,1.0,CANDIDATE,CANDIDATE,0.8019933
candidate_346,K05907.01,11513366,0.0,CANDIDATE,CANDIDATE,0.20228446
candidate_347,K03104.01,11518201,1.0,CANDIDATE,CANDIDATE,0.93418247
candidate_348,K05909.01,11520114,0.0,CANDIDATE,CANDIDATE,0.2867984
candidate_349,K02226.01,11520459,1.0,CANDIDATE,CANDIDATE,0.9242389
candidate_350,K05910.01,11520465,0.0,CANDIDATE,CANDIDATE,0.1674714
candidate_351,K03749.01,11547869,0.0,CANDIDATE,CANDIDATE,0.282266
candidate_352,K07455.01,11551652,0.0,CANDIDATE,CANDIDATE,0.19021793
candidate_353,K07617.01,11559304,0.0,CANDIDATE,CANDIDATE,0.3151715
candidate_354,K05911.01,11559493,0.0,CANDIDATE,CANDIDATE,0.24820432
candidate_355,K03013.01,11565544,1.0,CANDIDATE,CANDIDATE,0.7231926
candidate_356,K00353.01,11566064,0.0,CANDIDATE,CANDIDATE,0.46965933
candidate_357,K00353.03,11566064,1.0,CANDIDATE,CANDIDATE,0.9220208
candidate_358,K01856.01,11570749,0.0,CANDIDATE,CANDIDATE,0.39863187
candidate_359,K05912.01,11598638,0.0,CANDIDATE,CANDIDATE,0.24704446
candidate_360,K05913.01,11598894,0.0,CANDIDATE,CANDIDATE,0.118769124
candidate_361,K05915.01,11599937,1.0,CANDIDATE,CANDIDATE,0.7462255
candidate_362,K05916.01,11600299,0.0,CANDIDATE,CANDIDATE,0.39798716
candidate_363,K05917.01,11601425,1.0,CANDIDATE,CANDIDATE,0.780831
candidate_364,K05918.01,11601633,0.0,CANDIDATE,CANDIDATE,0.3879454
candidate_365,K05919.01,11601972,0.0,CANDIDATE,CANDIDATE,0.19841942
candidate_366,K07460.01,11602794,1.0,CANDIDATE,CANDIDATE,0.81569076
candidate_367,K05921.01,11614808,1.0,CANDIDATE,CANDIDATE,0.59635884
candidate_368,K05922.01,11615258,1.0,CANDIDATE,CANDIDATE,0.83068395
candidate_369,K05923.01,11615521,0.0,CANDIDATE,CANDIDATE,0.38137984
candidate_370,K05924.01,11616434,0.0,CANDIDATE,CANDIDATE,0.08930784
candidate_371,K04792.01,11618569,1.0,CANDIDATE,CANDIDATE,0.8922164
candidate_372,K03022.02,11618601,1.0,CANDIDATE,CONFIRMED,0.8721377
candidate_373,K02550.01,11622985,1.0,CANDIDATE,CANDIDATE,0.9210367
candidate_374,K00365.02,11623629,0.0,CANDIDATE,CANDIDATE,0.22809382
candidate_375,K04921.01,1164301,0.0,CANDIDATE,CANDIDATE,0.2832175
candidate_376,K07467.01,11650543,1.0,CANDIDATE,CANDIDATE,0.6702552
candidate_377,K05925.01,11651240,0.0,CANDIDATE,CANDIDATE,0.20767331
candidate_378,K05926.01,11652427,0.0,CANDIDATE,CANDIDATE,0.28973246
candidate_379,K04643.01,11655826,1.0,CANDIDATE,CANDIDATE,0.61268824
candidate_380,K01945.02,11656918,0.0,CANDIDATE,CANDIDATE,0.45012978
candidate_381,K06242.01,11656928,1.0,CANDIDATE,CANDIDATE,0.8820057
candidate_382,K06242.02,11656928,0.0,CANDIDATE,CANDIDATE,0.26890016
candidate_383,K06242.03,11656928,1.0,CANDIDATE,CANDIDATE,0.5088804
candidate_384,K03370.01,11657614,0.0,CANDIDATE,CANDIDATE,0.49716067
candidate_385,K04771.01,11658036,0.0,CANDIDATE,CANDIDATE,0.2698256
candidate_386,K07470.01,11671646,1.0,CANDIDATE,CANDIDATE,0.6630441
candidate_387,K07471.01,11672354,1.0,CANDIDATE,CANDIDATE,0.8755142
candidate_388,K05928.01,11674709,0.0,CANDIDATE,CANDIDATE,0.06347142
candidate_389,K01465.01,11702948,1.0,CANDIDATE,CANDIDATE,0.9269298
candidate_390,K02199.02,11705004,1.0,CANDIDATE,CANDIDATE,0.6991906
candidate_391,K00435.02,11709124,0.0,CANDIDATE,CANDIDATE,0.10996196
candidate_392,K08063.01,11714107,0.0,CANDIDATE,CANDIDATE,0.20447391
candidate_393,K05929.01,11716643,0.0,CANDIDATE,CANDIDATE,0.15149668
candidate_394,K05930.01,11722217,0.0,CANDIDATE,CANDIDATE,0.21170014
candidate_395,K00253.01,11752906,1.0,CANDIDATE,CONFIRMED,0.9446506
candidate_396,K00253.02,11752906,1.0,CANDIDATE,CONFIRMED,0.85013384
candidate_397,K04551.01,11769689,0.0,CANDIDATE,CANDIDATE,0.27308476
candidate_398,K05931.01,11773174,1.0,CANDIDATE,CANDIDATE,0.8078372
candidate_399,K01906.01,11773328,1.0,CANDIDATE,CANDIDATE,0.8904747
candidate_400,K07479.01,11773625,1.0,CANDIDATE,CANDIDATE,0.8716362
candidate_401,K06245.01,11775507,1.0,CANDIDATE,CANDIDATE,0.6395568
candidate_402,K06245.02,11775507,0.0,CANDIDATE,CANDIDATE,0.35043395
candidate_403,K05932.01,11803074,0.0,CANDIDATE,CANDIDATE,0.3801843
candidate_404,K04878.01,11804437,0.0,CANDIDATE,CANDIDATE,0.13011155
candidate_405,K00436.01,11805075,0.0,CANDIDATE,CANDIDATE,0.1170708
candidate_406,K05933.01,11807906,0.0,CANDIDATE,CANDIDATE,0.39099956
candidate_407,K03344.01,11810124,1.0,CANDIDATE,CONFIRMED,0.9416583
candidate_408,K03344.03,11810124,0.0,CANDIDATE,CANDIDATE,0.39575052
candidate_409,K05934.01,11811382,0.0,CANDIDATE,CANDIDATE,0.2637167
candidate_410,K05935.01,11818566,0.0,CANDIDATE,CANDIDATE,0.35299018
candidate_411,K00777.01,11818800,0.0,CANDIDATE,CANDIDATE,0.07855536
candidate_412,K05936.01,11819396,0.0,CANDIDATE,CANDIDATE,0.34900844
candidate_413,K00437.01,11824222,1.0,CANDIDATE,CANDIDATE,0.93172944
candidate_414,K05937.01,11824578,0.0,CANDIDATE,CANDIDATE,0.40392998
candidate_415,K07483.01,11825996,1.0,CANDIDATE,CANDIDATE,0.9142061
candidate_416,K03263.01,11853130,0.0,CANDIDATE,CANDIDATE,0.11045759
candidate_417,K07484.01,11854636,0.0,CANDIDATE,CANDIDATE,0.36614713
candidate_418,K06246.01,11856178,1.0,CANDIDATE,CANDIDATE,0.8061394
candidate_419,K05938.01,11860294,0.0,CANDIDATE,CANDIDATE,0.41325498
candidate_420,K05939.01,11868941,0.0,CANDIDATE,CANDIDATE,0.17682901
candidate_421,K01510.01,11870545,1.0,CANDIDATE,CANDIDATE,0.77933186
candidate_422,K08232.01,11872364,0.0,CANDIDATE,CANDIDATE,0.20123844
candidate_423,K07489.01,11904704,0.0,CANDIDATE,CANDIDATE,0.45278263
candidate_424,K01764.01,11904734,1.0,CANDIDATE,CANDIDATE,0.896642
candidate_425,K08068.01,11904835,1.0,CANDIDATE,CANDIDATE,0.66486216
candidate_426,K05940.01,11905398,1.0,CANDIDATE,CANDIDATE,0.80684876
candidate_427,K03312.01,11905409,1.0,CANDIDATE,CANDIDATE,0.8096589
candidate_428,K05941.01,11910670,0.0,CANDIDATE,CANDIDATE,0.22026482
candidate_429,K05942.01,11911929,0.0,CANDIDATE,CANDIDATE,0.23859172
candidate_430,K00780.02,11918099,1.0,CANDIDATE,CANDIDATE,0.8766279
candidate_431,K03408.01,11922778,1.0,CANDIDATE,CANDIDATE,0.90006024
candidate_432,K05943.01,11923213,0.0,CANDIDATE,CANDIDATE,0.16556343
candidate_433,K05945.01,11959893,0.0,CANDIDATE,CANDIDATE,0.16278435
candidate_434,K05946.01,11966643,0.0,CANDIDATE,CANDIDATE,0.429185
candidate_435,K04021.01,11967788,1.0,CANDIDATE,CANDIDATE,0.8856712
candidate_436,K04021.02,11967788,1.0,CANDIDATE,CANDIDATE,0.8382266
candidate_437,K02433.04,11968463,1.0,CANDIDATE,CANDIDATE,0.89859647
candidate_438,K02433.06,11968463,1.0,CANDIDATE,CANDIDATE,0.82103145
candidate_439,K02433.07,11968463,1.0,CANDIDATE,CANDIDATE,0.8607128
candidate_440,K04893.01,11970050,1.0,CANDIDATE,CANDIDATE,0.8500188
candidate_441,K04129.01,11970988,0.0,CANDIDATE,CANDIDATE,0.36953914
candidate_442,K04862.01,11973517,0.0,CANDIDATE,CANDIDATE,0.13823342
candidate_443,K00129.02,11974540,1.0,CANDIDATE,CANDIDATE,0.8872549
candidate_444,K05948.01,12007270,1.0,CANDIDATE,CANDIDATE,0.5517329
candidate_445,K05949.01,12009917,0.0,CANDIDATE,CANDIDATE,0.1943372
candidate_446,K07506.01,12016243,1.0,CANDIDATE,CANDIDATE,0.8425667
candidate_447,K02590.02,12016267,0.0,CANDIDATE,CANDIDATE,0.31474674
candidate_448,K05950.01,12020376,0.0,CANDIDATE,CANDIDATE,0.4588925
candidate_449,K02061.01,12061969,1.0,CANDIDATE,CONFIRMED,0.60750383
candidate_450,K02061.02,12061969,0.0,CANDIDATE,CONFIRMED,0.12592809
candidate_451,K05951.01,12066767,1.0,CANDIDATE,CANDIDATE,0.722115
candidate_452,K07510.01,12067960,1.0,CANDIDATE,CANDIDATE,0.7009678
candidate_453,K04914.01,12071754,1.0,CANDIDATE,CANDIDATE,0.91681504
candidate_454,K05952.01,12071775,0.0,CANDIDATE,CANDIDATE,0.33200145
candidate_455,K03017.01,12072872,1.0,CANDIDATE,CANDIDATE,0.8873155
candidate_456,K05953.01,12102775,1.0,CANDIDATE,CANDIDATE,0.8050783
candidate_457,K00141.01,12105051,1.0,CANDIDATE,CANDIDATE,0.62570643
candidate_458,K05954.01,12105086,1.0,CANDIDATE,CANDIDATE,0.6747376
candidate_459,K04457.01,12109267,1.0,CANDIDATE,CANDIDATE,0.82381505
candidate_460,K05955.01,12110901,0.0,CANDIDATE,CANDIDATE,0.48632047
candidate_461,K00547.02,12116489,1.0,CANDIDATE,CANDIDATE,0.57561064
candidate_462,K01458.01,12120943,0.0,CANDIDATE,CANDIDATE,0.39599532
candidate_463,K05956.01,12121701,0.0,CANDIDATE,CANDIDATE,0.2864631
candidate_464,K02004.03,12154526,1.0,CANDIDATE,CANDIDATE,0.74828213
candidate_465,K08076.01,12156930,1.0,CANDIDATE,CANDIDATE,0.76434547
candidate_466,K08297.01,12168280,0.0,CANDIDATE,CANDIDATE,0.09174353
candidate_467,K05959.01,12168895,1.0,CANDIDATE,CANDIDATE,0.58547515
candidate_468,K03105.01,12168993,0.0,CANDIDATE,CANDIDATE,0.39294967
candidate_469,K05960.01,12170767,0.0,CANDIDATE,CANDIDATE,0.39322487
candidate_470,K04590.01,12204137,1.0,CANDIDATE,CANDIDATE,0.87672406
candidate_471,K02449.01,12208631,1.0,CANDIDATE,CANDIDATE,0.9221189
candidate_472,K02449.02,12208631,1.0,CANDIDATE,CANDIDATE,0.8218532
candidate_473,K00621.01,12251650,0.0,CANDIDATE,CANDIDATE,0.18428032
candidate_474,K01947.01,12253474,1.0,CANDIDATE,CANDIDATE,0.92588073
candidate_475,K05961.01,12253490,0.0,CANDIDATE,CANDIDATE,0.1685398
candidate_476,K03310.01,12253769,1.0,CANDIDATE,CANDIDATE,0.602027
candidate_477,K02384.01,12254688,1.0,CANDIDATE,CANDIDATE,0.6422491
candidate_478,K02264.02,12256520,1.0,CANDIDATE,CANDIDATE,0.88928837
candidate_479,K02577.01,12257999,1.0,CANDIDATE,CANDIDATE,0.9120518
candidate_480,K04595.01,12265786,1.0,CANDIDATE,CANDIDATE,0.86544
candidate_481,K08077.01,12266099,1.0,CANDIDATE,CANDIDATE,0.8594916
candidate_482,K01522.02,12266636,1.0,CANDIDATE,CANDIDATE,0.8318574
candidate_483,K05964.01,12300524,1.0,CANDIDATE,CANDIDATE,0.714415
candidate_484,K02059.02,12301181,1.0,CANDIDATE,CANDIDATE,0.5623729
candidate_485,K07520.01,12304728,1.0,CANDIDATE,CANDIDATE,0.7569656
candidate_486,K08078.01,12307496,0.0,CANDIDATE,CANDIDATE,0.015950566
candidate_487,K05965.01,12349560,1.0,CANDIDATE,CANDIDATE,0.8962979
candidate_488,K05966.01,12350136,0.0,CANDIDATE,CANDIDATE,0.12684155
candidate_489,K00787.03,12366084,0.0,CANDIDATE,CANDIDATE,0.06422414
candidate_490,K04829.01,12401132,1.0,CANDIDATE,CANDIDATE,0.9011528
candidate_491,K05967.01,12401859,1.0,CANDIDATE,CANDIDATE,0.83194333
candidate_492,K05968.01,12402588,1.0,CANDIDATE,CANDIDATE,0.85346466
candidate_493,K03091.02,12406807,1.0,CANDIDATE,CANDIDATE,0.54333425
candidate_494,K04895.01,12416597,1.0,CANDIDATE,CANDIDATE,0.5384321
candidate_495,K04895.02,12416597,0.0,CANDIDATE,CANDIDATE,0.13617977
candidate_496,K02933.01,12416987,0.0,CANDIDATE,CANDIDATE,0.13694678
candidate_497,K00622.01,12417486,1.0,CANDIDATE,CANDIDATE,0.514529
candidate_498,K05971.01,12418418,1.0,CANDIDATE,CANDIDATE,0.7622386
candidate_499,K07534.01,12454800,1.0,CANDIDATE,CANDIDATE,0.8229242
candidate_500,K04329.01,12456063,1.0,CANDIDATE,CANDIDATE,0.7538907
candidate_501,K04605.01,12458605,0.0,CANDIDATE,CANDIDATE,0.17474867
candidate_502,K07535.01,12458817,1.0,CANDIDATE,CANDIDATE,0.8987449
candidate_503,K05972.01,12505590,0.0,CANDIDATE,CANDIDATE,0.27424884
candidate_504,K05973.01,12506986,0.0,CANDIDATE,CANDIDATE,0.27397943
candidate_505,K04264.01,12509829,0.0,CANDIDATE,CANDIDATE,0.040437397
candidate_506,K07539.01,12519942,1.0,CANDIDATE,CANDIDATE,0.664098
candidate_507,K05974.01,12554212,1.0,CANDIDATE,CANDIDATE,0.767416
candidate_508,K08238.01,12554485,0.0,CANDIDATE,CANDIDATE,0.31853223
candidate_509,K04714.01,12554634,0.0,CANDIDATE,CANDIDATE,0.46244943
candidate_510,K07540.01,12555616,0.0,CANDIDATE,CANDIDATE,0.12591282
candidate_511,K00548.02,12600735,0.0,CANDIDATE,CANDIDATE,0.40424478
candidate_512,K02853.01,12602314,0.0,CANDIDATE,CANDIDATE,0.2282368
candidate_513,K08082.01,12602999,1.0,CANDIDATE,CANDIDATE,0.8441484
candidate_514,K04497.01,12645057,1.0,CANDIDATE,CANDIDATE,0.9421546
candidate_515,K04530.01,12647577,1.0,CANDIDATE,CANDIDATE,0.8780953
candidate_516,K08241.01,12647757,1.0,CANDIDATE,CANDIDATE,0.60507053
candidate_517,K05977.01,12690465,0.0,CANDIDATE,CANDIDATE,0.42199844
candidate_518,K05978.01,12734110,0.0,CANDIDATE,CANDIDATE,0.086408645
candidate_519,K04303.01,12734396,1.0,CANDIDATE,CANDIDATE,0.6619989
candidate_520,K05979.01,12735793,0.0,CANDIDATE,CANDIDATE,0.25313702
candidate_521,K04245.01,12737015,1.0,CANDIDATE,CANDIDATE,0.87176734
candidate_522,K00298.02,12785320,1.0,CANDIDATE,CANDIDATE,0.51717633
candidate_523,K02184.02,12885212,0.0,CANDIDATE,CANDIDATE,0.36890027
candidate_524,K06253.01,1293379,1.0,CANDIDATE,CANDIDATE,0.9080175
candidate_525,K04923.01,1429589,1.0,CANDIDATE,CANDIDATE,0.941965
candidate_526,K00994.01,1431122,1.0,CANDIDATE,CANDIDATE,0.5902615
candidate_527,K00992.02,1432789,1.0,CANDIDATE,CANDIDATE,0.7669027
candidate_528,K03145.01,1717722,1.0,CANDIDATE,CONFIRMED,0.7524669
candidate_529,K03145.02,1717722,0.0,CANDIDATE,CANDIDATE,0.44097942
candidate_530,K00993.03,1718189,1.0,CANDIDATE,CANDIDATE,0.84212536
candidate_531,K04644.01,1721157,1.0,CANDIDATE,CANDIDATE,0.76170117
candidate_532,K07624.01,1723078,0.0,CANDIDATE,CANDIDATE,0.16008352
candidate_533,K04212.02,1724719,1.0,CANDIDATE,CANDIDATE,0.81458193
candidate_534,K04926.01,1865864,1.0,CANDIDATE,CANDIDATE,0.66567856
candidate_535,K06256.01,1871483,0.0,CANDIDATE,CANDIDATE,0.2833595
candidate_536,K02534.02,1996180,1.0,CANDIDATE,CANDIDATE,0.83092606
candidate_537,K04931.01,2019199,0.0,CANDIDATE,CANDIDATE,0.3974759
candidate_538,K06093.01,2019477,1.0,CANDIDATE,CANDIDATE,0.8631447
candidate_539,K06093.02,2019477,1.0,CANDIDATE,CANDIDATE,0.82453185
candidate_540,K04932.01,2158460,1.0,CANDIDATE,CANDIDATE,0.8274642
candidate_541,K06259.01,2161949,1.0,CANDIDATE,CANDIDATE,0.82827365
candidate_542,K06259.02,2161949,1.0,CANDIDATE,CANDIDATE,0.7371261
candidate_543,K01032.01,2162635,0.0,CANDIDATE,CANDIDATE,0.09716769
candidate_544,K06262.01,2283362,0.0,CANDIDATE,CANDIDATE,0.23628308
candidate_545,K08085.01,2284957,0.0,CANDIDATE,CANDIDATE,0.2991278
candidate_546,K07628.01,2299738,0.0,CANDIDATE,CANDIDATE,0.4074589
candidate_547,K06263.01,2301068,1.0,CANDIDATE,CANDIDATE,0.6766432
candidate_548,K07630.01,2302997,1.0,CANDIDATE,CANDIDATE,0.7161062
candidate_549,K04709.01,2303903,1.0,CANDIDATE,CANDIDATE,0.80612475
candidate_550,K02610.01,2305866,1.0,CANDIDATE,CANDIDATE,0.9159424
candidate_551,K02610.02,2305866,0.0,CANDIDATE,CANDIDATE,0.26470655
candidate_552,K00151.01,2307199,0.0,CANDIDATE,CANDIDATE,0.17171909
candidate_553,K04938.01,2310993,1.0,CANDIDATE,CANDIDATE,0.86647063
candidate_554,K06267.01,2422820,1.0,CANDIDATE,CANDIDATE,0.9137272
candidate_555,K02603.01,2443393,1.0,CANDIDATE,CANDIDATE,0.9086332
candidate_556,K00379.02,2446113,1.0,CANDIDATE,CANDIDATE,0.78634286
candidate_557,K06274.01,2449245,1.0,CANDIDATE,CANDIDATE,0.8296656
candidate_558,K02009.01,2449431,1.0,CANDIDATE,CANDIDATE,0.91560906
candidate_559,K04943.01,2555080,1.0,CANDIDATE,CANDIDATE,0.65102315
candidate_560,K06276.01,2557350,0.0,CANDIDATE,CANDIDATE,0.32298794
candidate_561,K04655.01,2558163,1.0,CANDIDATE,CANDIDATE,0.8550479
candidate_562,K04581.01,2572029,1.0,CANDIDATE,CANDIDATE,0.816264
candidate_563,K04333.01,2576962,0.0,CANDIDATE,CANDIDATE,0.33144385
candidate_564,K07635.01,2577353,1.0,CANDIDATE,CANDIDATE,0.84554225
candidate_565,K02064.01,2579043,1.0,CANDIDATE,CANDIDATE,0.9484503
candidate_566,K07636.01,2696205,0.0,CANDIDATE,CANDIDATE,0.0913391
candidate_567,K03077.02,2715695,1.0,CANDIDATE,CANDIDATE,0.66439867
candidate_568,K03053.02,2716801,0.0,CANDIDATE,CANDIDATE,0.10632043
candidate_569,K06291.01,2716979,1.0,CANDIDATE,CANDIDATE,0.882099
candidate_570,K01942.01,2832589,1.0,CANDIDATE,CONFIRMED,0.8670377
candidate_571,K01942.02,2832589,0.0,CANDIDATE,CANDIDATE,0.25861913
candidate_572,K06293.01,2834463,1.0,CANDIDATE,CANDIDATE,0.9139166
candidate_573,K07638.01,2834805,0.0,CANDIDATE,CANDIDATE,0.2026442
candidate_574,K01110.02,2837111,1.0,CANDIDATE,CANDIDATE,0.61366403
candidate_575,K03416.01,2849140,1.0,CANDIDATE,CANDIDATE,0.92837757
candidate_576,K06097.01,2852810,0.0,CANDIDATE,CANDIDATE,0.16600187
candidate_577,K06097.02,2852810,0.0,CANDIDATE,CANDIDATE,0.14395985
candidate_578,K06097.03,2852810,0.0,CANDIDATE,CANDIDATE,0.4796252
candidate_579,K06097.04,2852810,1.0,CANDIDATE,CANDIDATE,0.7611638
candidate_580,K04298.01,2852941,1.0,CANDIDATE,CANDIDATE,0.56032425
candidate_581,K03259.01,2853029,1.0,CANDIDATE,CANDIDATE,0.5313559
candidate_582,K01118.01,2853446,1.0,CANDIDATE,CANDIDATE,0.862388
candidate_583,K02081.01,2853780,1.0,CANDIDATE,CANDIDATE,0.5490503
candidate_584,K02232.02,2854181,1.0,CANDIDATE,CANDIDATE,0.86646086
candidate_585,K04418.01,2859893,0.0,CANDIDATE,CANDIDATE,0.26992968
candidate_586,K04857.01,2860656,0.0,CANDIDATE,CANDIDATE,0.33406645
candidate_587,K01103.01,2860866,1.0,CANDIDATE,CANDIDATE,0.87600094
candidate_588,K04957.02,2861126,0.0,CANDIDATE,CANDIDATE,0.48661247
candidate_589,K04958.01,2861298,0.0,CANDIDATE,CANDIDATE,0.15810032
candidate_590,K06299.01,2970670,0.0,CANDIDATE,CANDIDATE,0.14071722
candidate_591,K03034.01,2973386,0.0,CANDIDATE,CANDIDATE,0.2897591
candidate_592,K01788.02,2975770,0.0,CANDIDATE,CANDIDATE,0.21998876
candidate_593,K04849.01,2976017,0.0,CANDIDATE,CANDIDATE,0.37878415
candidate_594,K07641.01,2984990,1.0,CANDIDATE,CANDIDATE,0.7809837
candidate_595,K02807.01,2985587,1.0,CANDIDATE,CANDIDATE,0.9046549
candidate_596,K04875.01,2986833,0.0,CANDIDATE,CANDIDATE,0.33318734
candidate_597,K04960.01,2992634,1.0,CANDIDATE,CANDIDATE,0.66821253
candidate_598,K06301.01,2994092,1.0,CANDIDATE,CANDIDATE,0.83376133
candidate_599,K04389.01,2997459,1.0,CANDIDATE,CANDIDATE,0.8439583
candidate_600,K04961.01,3001955,0.0,CANDIDATE,CANDIDATE,0.26278397
candidate_601,K02380.01,3002478,1.0,CANDIDATE,CANDIDATE,0.79163307
candidate_602,K02186.01,3097926,1.0,CANDIDATE,CANDIDATE,0.89029646
candidate_603,K04844.01,3098605,1.0,CANDIDATE,CANDIDATE,0.58930475
candidate_604,K04963.01,3101178,1.0,CANDIDATE,CANDIDATE,0.60085136
candidate_605,K03483.01,3101923,1.0,CANDIDATE,CANDIDATE,0.831325
candidate_606,K04145.01,3103212,0.0,CANDIDATE,CANDIDATE,0.20190102
candidate_607,K04395.01,3103473,0.0,CANDIDATE,CANDIDATE,0.40509173
candidate_608,K03225.01,3109550,1.0,CANDIDATE,CANDIDATE,0.8278851
candidate_609,K07644.01,3110177,0.0,CANDIDATE,CANDIDATE,0.24789777
candidate_610,K04144.01,3112129,0.0,CANDIDATE,CANDIDATE,0.14487317
candidate_611,K00797.01,3115833,1.0,CANDIDATE,CANDIDATE,0.7523945
candidate_612,K03203.01,3122872,1.0,CANDIDATE,CANDIDATE,0.6632118
candidate_613,K02055.04,3128552,1.0,CANDIDATE,CANDIDATE,0.9173196
candidate_614,K07645.01,3129238,0.0,CANDIDATE,CANDIDATE,0.061692756
candidate_615,K03395.01,3219037,1.0,CANDIDATE,CANDIDATE,0.8765484
candidate_616,K03395.02,3219037,1.0,CANDIDATE,CANDIDATE,0.66887677
candidate_617,K03072.01,3219643,1.0,CANDIDATE,CANDIDATE,0.89493483
candidate_618,K04548.01,3223433,1.0,CANDIDATE,CANDIDATE,0.9132576
candidate_619,K06100.02,3229028,0.0,CANDIDATE,CANDIDATE,0.47420007
candidate_620,K02150.01,3229150,1.0,CANDIDATE,CONFIRMED,0.7153832
candidate_621,K02150.02,3229150,1.0,CANDIDATE,CANDIDATE,0.9131914
candidate_622,K01096.01,3230491,1.0,CANDIDATE,CANDIDATE,0.6841395
candidate_623,K03068.01,3230805,1.0,CANDIDATE,CANDIDATE,0.56944203
candidate_624,K03068.02,3230805,0.0,CANDIDATE,CANDIDATE,0.46645153
candidate_625,K07648.01,3232249,0.0,CANDIDATE,CANDIDATE,0.17115307
candidate_626,K03343.01,3236705,0.0,CANDIDATE,CANDIDATE,0.30216742
candidate_627,K04967.01,3239171,1.0,CANDIDATE,CANDIDATE,0.83194286
candidate_628,K01106.03,3240158,1.0,CANDIDATE,CANDIDATE,0.85710293
candidate_629,K04969.01,3242039,0.0,CANDIDATE,CANDIDATE,0.33171082
candidate_630,K01101.02,3245969,1.0,CANDIDATE,CANDIDATE,0.89741087
candidate_631,K06315.01,3246867,1.0,CANDIDATE,CANDIDATE,0.7573778
candidate_632,K02052.01,3248501,0.0,CANDIDATE,CANDIDATE,0.35554218
candidate_633,K06318.01,3249334,1.0,CANDIDATE,CANDIDATE,0.90457004
candidate_634,K06320.01,3324069,0.0,CANDIDATE,CANDIDATE,0.3396708
candidate_635,K01095.01,3329204,0.0,CANDIDATE,CANDIDATE,0.49927488
candidate_636,K01845.02,3338885,1.0,CANDIDATE,CONFIRMED,0.9385177
candidate_637,K04972.01,3340165,0.0,CANDIDATE,CANDIDATE,0.47501183
candidate_638,K01772.01,3345675,0.0,CANDIDATE,CANDIDATE,0.24208206
candidate_639,K06329.01,3346543,1.0,CANDIDATE,CANDIDATE,0.8803014
candidate_640,K03448.01,3348216,1.0,CANDIDATE,CANDIDATE,0.92919964
candidate_641,K04975.01,3355104,1.0,CANDIDATE,CANDIDATE,0.8797214
candidate_642,K04976.01,3356156,0.0,CANDIDATE,CANDIDATE,0.23028368
candidate_643,K06331.01,3356193,0.0,CANDIDATE,CANDIDATE,0.33717912
candidate_644,K04977.01,3425363,1.0,CANDIDATE,CANDIDATE,0.5563181
candidate_645,K00268.01,3425851,0.0,CANDIDATE,CANDIDATE,0.118014656
candidate_646,K04978.01,3428127,0.0,CANDIDATE,CANDIDATE,0.21806498
candidate_647,K02288.01,3440978,1.0,CANDIDATE,CANDIDATE,0.81650895
candidate_648,K04981.01,3441795,0.0,CANDIDATE,CANDIDATE,0.3438964
candidate_649,K01198.04,3447722,0.0,CANDIDATE,CANDIDATE,0.18866995
candidate_650,K04205.01,3450040,0.0,CANDIDATE,CANDIDATE,0.21699607
candidate_651,K00802.01,3453214,0.0,CANDIDATE,CANDIDATE,0.41998982
candidate_652,K03340.01,3529290,1.0,CANDIDATE,CANDIDATE,0.8048831
candidate_653,K03340.02,3529290,1.0,CANDIDATE,CANDIDATE,0.7306133
candidate_654,K05987.01,3532985,0.0,CANDIDATE,CANDIDATE,0.3997199
candidate_655,K01209.01,3534076,0.0,CANDIDATE,CANDIDATE,0.3066138
candidate_656,K04626.01,3539231,1.0,CANDIDATE,CANDIDATE,0.89731014
candidate_657,K04986.01,3540873,0.0,CANDIDATE,CANDIDATE,0.19756506
candidate_658,K00366.01,3545478,0.0,CANDIDATE,CANDIDATE,0.39316055
candidate_659,K06341.01,3545626,0.0,CANDIDATE,CANDIDATE,0.2757123
candidate_660,K06102.01,3545840,0.0,CANDIDATE,CANDIDATE,0.22731197
candidate_661,K06342.01,3547178,1.0,CANDIDATE,CANDIDATE,0.9035398
candidate_662,K04535.02,3547760,1.0,CANDIDATE,CANDIDATE,0.8070667
candidate_663,K02194.03,3548044,1.0,CANDIDATE,CANDIDATE,0.5238393
candidate_664,K06343.01,3548622,0.0,CANDIDATE,CANDIDATE,0.35928416
candidate_665,K04991.01,3548645,1.0,CANDIDATE,CANDIDATE,0.5713924
candidate_666,K04357.01,3550372,1.0,CANDIDATE,CANDIDATE,0.5165434
candidate_667,K04992.01,3553900,1.0,CANDIDATE,CANDIDATE,0.91540986
candidate_668,K01194.02,3554031,1.0,CANDIDATE,CANDIDATE,0.8912817
candidate_669,K04456.01,3557560,1.0,CANDIDATE,CANDIDATE,0.92873174
candidate_670,K04307.01,3558849,0.0,CANDIDATE,CANDIDATE,0.0793481
candidate_671,K03440.01,3559860,1.0,CANDIDATE,CONFIRMED,0.88448036
candidate_672,K03440.02,3559860,1.0,CANDIDATE,CANDIDATE,0.8052685
candidate_673,K00492.02,3559935,0.0,CANDIDATE,CANDIDATE,0.47372925
candidate_674,K03398.02,3561464,1.0,CANDIDATE,CONFIRMED,0.71704644
candidate_675,K03398.03,3561464,1.0,CANDIDATE,CANDIDATE,0.7022586
candidate_676,K08242.01,3629119,1.0,CANDIDATE,CANDIDATE,0.8838524
candidate_677,K06103.01,3634051,0.0,CANDIDATE,CONFIRMED,0.14306147
candidate_678,K06103.02,3634051,1.0,CANDIDATE,CANDIDATE,0.5888179
candidate_679,K01192.01,3644071,0.0,CANDIDATE,CANDIDATE,0.054074984
candidate_680,K04385.03,3645438,1.0,CANDIDATE,CANDIDATE,0.64316016
candidate_681,K04999.01,3646449,1.0,CANDIDATE,CANDIDATE,0.7152439
candidate_682,K05001.01,3647097,0.0,CANDIDATE,CANDIDATE,0.32009274
candidate_683,K01861.01,3648437,1.0,CANDIDATE,CANDIDATE,0.90309864
candidate_684,K07662.01,3660581,0.0,CANDIDATE,CANDIDATE,0.22008823
candidate_685,K02750.01,3663173,1.0,CANDIDATE,CANDIDATE,0.52586526
candidate_686,K06352.01,3663494,1.0,CANDIDATE,CANDIDATE,0.840794
candidate_687,K08089.01,3663850,0.0,CANDIDATE,CANDIDATE,0.2871837
candidate_688,K06353.01,3733638,0.0,CANDIDATE,CANDIDATE,0.3605161
candidate_689,K02261.02,3734418,1.0,CANDIDATE,CANDIDATE,0.73240614
candidate_690,K04103.02,3747817,1.0,CANDIDATE,CANDIDATE,0.56702995
candidate_691,K05003.01,3748239,0.0,CANDIDATE,CANDIDATE,0.18832175
candidate_692,K06355.01,3748855,1.0,CANDIDATE,CANDIDATE,0.88242525
candidate_693,K06355.02,3748855,1.0,CANDIDATE,CANDIDATE,0.6581706
candidate_694,K05004.01,3751118,0.0,CANDIDATE,CANDIDATE,0.33874202
candidate_695,K03142.01,3752110,1.0,CANDIDATE,CANDIDATE,0.70294833
candidate_696,K01206.01,3756801,1.0,CANDIDATE,CANDIDATE,0.5729611
candidate_697,K05006.01,3757521,0.0,CANDIDATE,CANDIDATE,0.15207274
candidate_698,K05007.01,3758499,1.0,CANDIDATE,CANDIDATE,0.69078267
candidate_699,K05007.02,3758499,0.0,CANDIDATE,CANDIDATE,0.27864784
candidate_700,K04853.01,3758922,1.0,CANDIDATE,CANDIDATE,0.7687256
candidate_701,K07668.01,3762750,0.0,CANDIDATE,CANDIDATE,0.41467905
candidate_702,K02141.01,3764879,1.0,CANDIDATE,CANDIDATE,0.8833874
candidate_703,K06358.01,3765692,1.0,CANDIDATE,CANDIDATE,0.8075427
candidate_704,K04526.01,3765917,1.0,CANDIDATE,CANDIDATE,0.8221643
candidate_705,K04526.02,3765917,1.0,CANDIDATE,CANDIDATE,0.5105517
candidate_706,K05009.01,3834728,0.0,CANDIDATE,CANDIDATE,0.4098817
candidate_707,K07670.01,3848083,1.0,CANDIDATE,CANDIDATE,0.57132375
candidate_708,K03389.01,3848966,1.0,CANDIDATE,CANDIDATE,0.87613904
candidate_709,K04780.01,3849187,0.0,CANDIDATE,CANDIDATE,0.48924875
candidate_710,K07673.01,3852872,1.0,CANDIDATE,CANDIDATE,0.79375577
candidate_711,K06368.01,3854496,1.0,CANDIDATE,CANDIDATE,0.5944114
candidate_712,K05021.01,3863877,0.0,CANDIDATE,CANDIDATE,0.0947741
candidate_713,K05022.01,3865815,0.0,CANDIDATE,CANDIDATE,0.1708517
candidate_714,K04685.01,3867794,0.0,CANDIDATE,CANDIDATE,0.073269896
candidate_715,K07676.01,3934657,0.0,CANDIDATE,CANDIDATE,0.33661523
candidate_716,K06372.01,3936061,0.0,CANDIDATE,CANDIDATE,0.36261842
candidate_717,K04084.02,3937814,1.0,CANDIDATE,CANDIDATE,0.7364539
candidate_718,K04084.03,3937814,1.0,CANDIDATE,CANDIDATE,0.9164968
candidate_719,K01193.01,3942446,0.0,CANDIDATE,CANDIDATE,0.4790001
candidate_720,K05027.01,3955444,1.0,CANDIDATE,CANDIDATE,0.55761826
candidate_721,K01208.01,3962440,0.0,CANDIDATE,CANDIDATE,0.08271633
candidate_722,K07546.01,3965201,0.0,CANDIDATE,CANDIDATE,0.1329475
candidate_723,K05030.01,3968809,0.0,CANDIDATE,CANDIDATE,0.19307423
candidate_724,K06375.01,3972432,0.0,CANDIDATE,CANDIDATE,0.30324638
candidate_725,K05033.01,3974928,0.0,CANDIDATE,CANDIDATE,0.20397888
candidate_726,K02519.01,4047631,1.0,CANDIDATE,CANDIDATE,0.6667718
candidate_727,K07678.01,4048898,1.0,CANDIDATE,CANDIDATE,0.8681361
candidate_728,K02295.01,4049901,1.0,CANDIDATE,CANDIDATE,0.8878995
candidate_729,K07679.01,4054784,0.0,CANDIDATE,CANDIDATE,0.3182907
candidate_730,K00100.01,4055765,0.0,CANDIDATE,CANDIDATE,0.3394255
candidate_731,K04570.01,4060229,1.0,CANDIDATE,CANDIDATE,0.9435304
candidate_732,K05035.01,4063943,0.0,CANDIDATE,CANDIDATE,0.14979199
candidate_733,K05037.01,4071638,0.0,CANDIDATE,CANDIDATE,0.12711062
candidate_734,K07680.01,4072271,0.0,CANDIDATE,CANDIDATE,0.4913143
candidate_735,K03041.01,4072955,1.0,CANDIDATE,CANDIDATE,0.85391957
candidate_736,K07681.01,4073017,1.0,CANDIDATE,CANDIDATE,0.74757284
candidate_737,K01328.01,4074736,1.0,CANDIDATE,CANDIDATE,0.6435115
candidate_738,K03777.01,4075067,1.0,CANDIDATE,CANDIDATE,0.891568
candidate_739,K06384.01,4076061,0.0,CANDIDATE,CANDIDATE,0.31558365
candidate_740,K01336.04,4077526,1.0,CANDIDATE,CONFIRMED,0.83847284
candidate_741,K01319.02,4078157,0.0,CANDIDATE,CANDIDATE,0.354701
candidate_742,K05040.01,4135912,1.0,CANDIDATE,CANDIDATE,0.7894922
candidate_743,K06108.01,4139254,0.0,CANDIDATE,CANDIDATE,0.3544147
candidate_744,K07685.01,4141593,1.0,CANDIDATE,CANDIDATE,0.85733694
candidate_745,K07685.02,4141593,0.0,CANDIDATE,CANDIDATE,0.052192394
candidate_746,K03880.01,4147444,1.0,CANDIDATE,CANDIDATE,0.589664
candidate_747,K05044.01,4150972,0.0,CANDIDATE,CANDIDATE,0.19705287
candidate_748,K01860.03,4157325,1.0,CANDIDATE,CONFIRMED,0.92089826
candidate_749,K01860.04,4157325,1.0,CANDIDATE,CANDIDATE,0.8713266
candidate_750,K05046.01,4164511,1.0,CANDIDATE,CANDIDATE,0.6416935
candidate_751,K03864.02,4164922,1.0,CANDIDATE,CANDIDATE,0.8760432
candidate_752,K02386.01,4172013,1.0,CANDIDATE,CANDIDATE,0.8111184
candidate_753,K02531.01,4172746,1.0,CANDIDATE,CANDIDATE,0.7627493
candidate_754,K04427.01,4172805,0.0,CANDIDATE,CANDIDATE,0.277468
candidate_755,K02172.02,4173026,0.0,CANDIDATE,CONFIRMED,0.14527276
candidate_756,K00185.01,4178389,0.0,CANDIDATE,CANDIDATE,0.27547604
candidate_757,K05048.01,4241238,0.0,CANDIDATE,CANDIDATE,0.33973804
candidate_758,K01934.01,4242147,1.0,CANDIDATE,CANDIDATE,0.7991465
candidate_759,K02311.01,4247991,1.0,CANDIDATE,CANDIDATE,0.6916056
candidate_760,K02311.02,4247991,1.0,CANDIDATE,CANDIDATE,0.7023406
candidate_761,K02821.01,4249611,0.0,CANDIDATE,CANDIDATE,0.214296
candidate_762,K00396.01,4252322,1.0,CANDIDATE,CANDIDATE,0.8612226
candidate_763,K07687.01,4252671,1.0,CANDIDATE,CANDIDATE,0.74595475
candidate_764,K06111.01,4255944,0.0,CANDIDATE,CANDIDATE,0.28165793
candidate_765,K03202.01,4262040,1.0,CANDIDATE,CANDIDATE,0.81640786
candidate_766,K03358.01,4263529,0.0,CANDIDATE,CANDIDATE,0.24493693
candidate_767,K04810.01,4270799,1.0,CANDIDATE,CANDIDATE,0.81537485
candidate_768,K06399.01,4274071,1.0,CANDIDATE,CANDIDATE,0.8773651
candidate_769,K01331.01,4274548,1.0,CANDIDATE,CANDIDATE,0.8136605
candidate_770,K01619.01,4276716,1.0,CANDIDATE,CANDIDATE,0.8751368
candidate_771,K04774.01,4277304,1.0,CANDIDATE,CANDIDATE,0.56367344
candidate_772,K06401.01,4282390,0.0,CANDIDATE,CANDIDATE,0.099462524
candidate_773,K05057.01,4346339,0.0,CANDIDATE,CANDIDATE,0.28054264
candidate_774,K01803.01,4349442,1.0,CANDIDATE,CANDIDATE,0.6937963
candidate_775,K03258.01,4366323,1.0,CANDIDATE,CANDIDATE,0.8778089
candidate_776,K02876.01,4367854,1.0,CANDIDATE,CANDIDATE,0.80789554
candidate_777,K06409.01,4372620,0.0,CANDIDATE,CANDIDATE,0.38019055
candidate_778,K07693.01,4384909,1.0,CANDIDATE,CANDIDATE,0.814644
candidate_779,K02942.01,4385148,1.0,CANDIDATE,CANDIDATE,0.9258943
candidate_780,K08246.01,4446859,1.0,CANDIDATE,CANDIDATE,0.6355584
candidate_781,K03168.01,4450844,0.0,CANDIDATE,CANDIDATE,0.2941005
candidate_782,K02303.02,4458082,1.0,CANDIDATE,CONFIRMED,0.9062375
candidate_783,K06115.01,4464394,1.0,CANDIDATE,CANDIDATE,0.6875687
candidate_784,K01338.02,4466677,1.0,CANDIDATE,CANDIDATE,0.7874566
candidate_785,K01338.03,4466677,1.0,CANDIDATE,CANDIDATE,0.8235347
candidate_786,K05066.01,4471313,1.0,CANDIDATE,CANDIDATE,0.7447106
candidate_787,K01656.01,4471747,1.0,CANDIDATE,CANDIDATE,0.9435198
candidate_788,K03878.02,4472818,1.0,CANDIDATE,CANDIDATE,0.818844
candidate_789,K04452.01,4474462,1.0,CANDIDATE,CANDIDATE,0.6736167
candidate_790,K05067.01,4478142,0.0,CANDIDATE,CANDIDATE,0.16229475
candidate_791,K00626.02,4478168,1.0,CANDIDATE,CANDIDATE,0.6075685
candidate_792,K05068.01,4484179,1.0,CANDIDATE,CANDIDATE,0.5273794
candidate_793,K00815.01,4544670,0.0,CANDIDATE,CANDIDATE,0.49304533
candidate_794,K02855.01,4547603,0.0,CANDIDATE,CANDIDATE,0.24365096
candidate_795,K04288.02,4548011,0.0,CANDIDATE,CANDIDATE,0.46247008
candidate_796,K04288.04,4548011,1.0,CANDIDATE,CANDIDATE,0.8390006
candidate_797,K04157.01,4548098,0.0,CANDIDATE,CONFIRMED,0.25132224
candidate_798,K04157.02,4548098,1.0,CANDIDATE,CANDIDATE,0.8956879
candidate_799,K02691.01,4552729,0.0,CANDIDATE,CANDIDATE,0.08282296
candidate_800,K05071.01,4566848,0.0,CANDIDATE,CANDIDATE,0.43103144
candidate_801,K06425.01,4567118,0.0,CANDIDATE,CANDIDATE,0.049177267
candidate_802,K04353.01,4571844,1.0,CANDIDATE,CANDIDATE,0.86899775
candidate_803,K08249.01,4572728,0.0,CANDIDATE,CANDIDATE,0.13158679
candidate_804,K04680.01,4587135,1.0,CANDIDATE,CANDIDATE,0.7439003
candidate_805,K03811.01,4638237,1.0,CANDIDATE,CANDIDATE,0.54035866
candidate_806,K03437.02,4645174,0.0,CANDIDATE,CANDIDATE,0.49598095
candidate_807,K02393.02,4665571,0.0,CANDIDATE,CONFIRMED,0.098246254
candidate_808,K02560.01,4670217,1.0,CANDIDATE,CANDIDATE,0.70404685
candidate_809,K07700.01,4670361,1.0,CANDIDATE,CANDIDATE,0.62258214
candidate_810,K03069.01,4676964,1.0,CANDIDATE,CANDIDATE,0.9314154
candidate_811,K03184.03,4735826,0.0,CANDIDATE,CANDIDATE,0.08727395
candidate_812,K01996.02,4736569,0.0,CANDIDATE,CANDIDATE,0.3129271
candidate_813,K05079.01,4737848,0.0,CANDIDATE,CANDIDATE,0.21137589
candidate_814,K06118.01,4739229,0.0,CANDIDATE,CANDIDATE,0.2913699
candidate_815,K06118.02,4739229,0.0,CANDIDATE,CANDIDATE,0.21029516
candidate_816,K07703.01,4742188,0.0,CANDIDATE,CANDIDATE,0.42216697
candidate_817,K06120.01,4742420,1.0,CANDIDATE,CANDIDATE,0.87492967
candidate_818,K06120.02,4742420,1.0,CANDIDATE,CANDIDATE,0.6930867
candidate_819,K07704.01,4742452,1.0,CANDIDATE,CANDIDATE,0.8670792
candidate_820,K04649.01,4750669,1.0,CANDIDATE,CANDIDATE,0.76241726
candidate_821,K05083.01,4750962,0.0,CANDIDATE,CANDIDATE,0.38051242
candidate_822,K06447.02,4758350,0.0,CANDIDATE,CANDIDATE,0.17378747
candidate_823,K01455.01,4760746,0.0,CANDIDATE,CANDIDATE,0.15616898
candidate_824,K06449.01,4760959,0.0,CANDIDATE,CANDIDATE,0.48415473
candidate_825,K05085.01,4761427,1.0,CANDIDATE,CANDIDATE,0.73299474
candidate_826,K07706.01,4762283,0.0,CANDIDATE,CANDIDATE,0.21264118
candidate_827,K06450.01,4764969,0.0,CANDIDATE,CANDIDATE,0.093736134
candidate_828,K02971.01,4770174,1.0,CANDIDATE,CANDIDATE,0.5210998
candidate_829,K02971.02,4770174,1.0,CANDIDATE,CANDIDATE,0.87679684
candidate_830,K01475.03,4770365,1.0,CANDIDATE,CONFIRMED,0.8871415
candidate_831,K02243.03,4770617,1.0,CANDIDATE,CANDIDATE,0.5144709
candidate_832,K05087.01,4770798,0.0,CANDIDATE,CANDIDATE,0.15361677
candidate_833,K04367.01,4773392,0.0,CANDIDATE,CANDIDATE,0.39715996
candidate_834,K05088.01,4813750,0.0,CANDIDATE,CANDIDATE,0.30789068
candidate_835,K07708.01,4813793,1.0,CANDIDATE,CANDIDATE,0.5180786
candidate_836,K03823.01,4820550,0.0,CANDIDATE,CANDIDATE,0.111019045
candidate_837,K01660.01,4830605,1.0,CANDIDATE,CANDIDATE,0.8049814
candidate_838,K06454.01,4830859,1.0,CANDIDATE,CANDIDATE,0.58549726
candidate_839,K02739.02,4831728,1.0,CANDIDATE,CANDIDATE,0.9017538
candidate_840,K00605.02,4832837,1.0,CANDIDATE,CANDIDATE,0.9107461
candidate_841,K05092.01,4833409,1.0,CANDIDATE,CANDIDATE,0.8221079
candidate_842,K04813.01,4840672,1.0,CANDIDATE,CANDIDATE,0.87034655
candidate_843,K04498.01,4844367,1.0,CANDIDATE,CANDIDATE,0.8247001
candidate_844,K03469.01,4844470,0.0,CANDIDATE,CANDIDATE,0.1496781
candidate_845,K02900.01,4846856,1.0,CANDIDATE,CANDIDATE,0.8377978
candidate_846,K01884.01,4851530,1.0,CANDIDATE,CANDIDATE,0.9064975
candidate_847,K01884.02,4851530,0.0,CANDIDATE,CANDIDATE,0.14426503
candidate_848,K03061.01,4857058,1.0,CANDIDATE,CONFIRMED,0.9348062
candidate_849,K03061.02,4857058,0.0,CANDIDATE,CANDIDATE,0.35120243
candidate_850,K06464.03,4862625,0.0,CANDIDATE,CANDIDATE,0.15198365
candidate_851,K07554.01,4862924,0.0,CANDIDATE,CANDIDATE,0.35914534
candidate_852,K04717.01,4902202,1.0,CANDIDATE,CANDIDATE,0.77003825
candidate_853,K05098.01,4912650,0.0,CANDIDATE,CANDIDATE,0.49229956
candidate_854,K05099.01,4914221,0.0,CANDIDATE,CANDIDATE,0.14259845
candidate_855,K05101.01,4915582,1.0,CANDIDATE,CANDIDATE,0.7975628
candidate_856,K05104.01,4918303,1.0,CANDIDATE,CANDIDATE,0.8206767
candidate_857,K01582.01,4918309,0.0,CANDIDATE,CANDIDATE,0.13302886
candidate_858,K04766.01,4919550,1.0,CANDIDATE,CANDIDATE,0.6537744
candidate_859,K01665.02,4932442,1.0,CANDIDATE,CANDIDATE,0.76854295
candidate_860,K02962.01,4935172,1.0,CANDIDATE,CANDIDATE,0.7458984
candidate_861,K06475.01,4939265,1.0,CANDIDATE,CANDIDATE,0.7776481
candidate_862,K02899.01,4939533,1.0,CANDIDATE,CANDIDATE,0.86576194
candidate_863,K07711.01,4940203,0.0,CANDIDATE,CANDIDATE,0.18590933
candidate_864,K05107.01,4940376,0.0,CANDIDATE,CANDIDATE,0.12914109
candidate_865,K04377.01,4945764,1.0,CANDIDATE,CANDIDATE,0.79971504
candidate_866,K03936.01,4947556,0.0,CANDIDATE,CANDIDATE,0.13657057
candidate_867,K00501.01,4951877,1.0,CANDIDATE,CANDIDATE,0.8868037
candidate_868,K04676.01,4953173,0.0,CANDIDATE,CANDIDATE,0.15937234
candidate_869,K05110.01,4953262,1.0,CANDIDATE,CANDIDATE,0.62673205
candidate_870,K06484.01,4995716,1.0,CANDIDATE,CANDIDATE,0.8354117
candidate_871,K07712.01,4996057,0.0,CANDIDATE,CANDIDATE,0.23132442
candidate_872,K04524.02,5003670,0.0,CANDIDATE,CANDIDATE,0.4806629
candidate_873,K04524.03,5003670,0.0,CANDIDATE,CANDIDATE,0.40721586
candidate_874,K03421.01,5004909,1.0,CANDIDATE,CANDIDATE,0.7238444
candidate_875,K03770.01,5008245,0.0,CANDIDATE,CANDIDATE,0.111914136
candidate_876,K01666.01,5008501,1.0,CANDIDATE,CANDIDATE,0.89940244
candidate_877,K06489.01,5021432,1.0,CANDIDATE,CANDIDATE,0.6784812
candidate_878,K05117.01,5027859,1.0,CANDIDATE,CANDIDATE,0.6967273
candidate_879,K01573.02,5031857,1.0,CANDIDATE,CANDIDATE,0.8995974
candidate_880,K04546.01,5033823,1.0,CANDIDATE,CANDIDATE,0.63906735
candidate_881,K05119.01,5036052,1.0,CANDIDATE,CANDIDATE,0.52686465
candidate_882,K01597.01,5039228,1.0,CANDIDATE,CANDIDATE,0.8643034
candidate_883,K03065.01,5040077,0.0,CANDIDATE,CANDIDATE,0.32310474
candidate_884,K01843.02,5080636,1.0,CANDIDATE,CANDIDATE,0.51778036
candidate_885,K06511.01,5083138,1.0,CANDIDATE,CANDIDATE,0.57371426
candidate_886,K06513.01,5087223,1.0,CANDIDATE,CANDIDATE,0.76999265
candidate_887,K07715.01,5091479,0.0,CANDIDATE,CANDIDATE,0.16523166
candidate_888,K06516.01,5092799,0.0,CANDIDATE,CANDIDATE,0.13075152
candidate_889,K06516.02,5092799,0.0,CANDIDATE,CANDIDATE,0.3361638
candidate_890,K05124.01,5094412,0.0,CANDIDATE,CANDIDATE,0.20337707
candidate_891,K02607.01,5095635,1.0,CANDIDATE,CANDIDATE,0.9063342
candidate_892,K04331.01,5096053,1.0,CANDIDATE,CANDIDATE,0.8540259
candidate_893,K07716.01,5097856,1.0,CANDIDATE,CANDIDATE,0.727911
candidate_894,K08253.01,5098334,1.0,CANDIDATE,CANDIDATE,0.5698267
candidate_895,K05126.01,5110453,1.0,CANDIDATE,CANDIDATE,0.6030014
candidate_896,K06526.01,5115688,1.0,CANDIDATE,CANDIDATE,0.557083
candidate_897,K00823.01,5115978,0.0,CANDIDATE,CANDIDATE,0.04271078
candidate_898,K04428.01,5126182,1.0,CANDIDATE,CANDIDATE,0.86339426
candidate_899,K04208.01,5129453,1.0,CANDIDATE,CANDIDATE,0.8272868
candidate_900,K00641.01,5131180,1.0,CANDIDATE,CANDIDATE,0.85393846
candidate_901,K05130.01,5166811,0.0,CANDIDATE,CANDIDATE,0.2669369
candidate_902,K06532.01,5171707,0.0,CANDIDATE,CANDIDATE,0.49172613
candidate_903,K02563.02,5175024,1.0,CANDIDATE,CANDIDATE,0.88187814
candidate_904,K04246.02,5177859,1.0,CANDIDATE,CANDIDATE,0.9093289
candidate_905,K05134.01,5181299,0.0,CANDIDATE,CANDIDATE,0.22737378
candidate_906,K05135.01,5184144,1.0,CANDIDATE,CANDIDATE,0.7375586
candidate_907,K01670.01,5184709,0.0,CANDIDATE,CANDIDATE,0.21571036
candidate_908,K02719.02,5184911,0.0,CANDIDATE,CANDIDATE,0.06775816
candidate_909,K06538.01,5193439,1.0,CANDIDATE,CANDIDATE,0.7709745
candidate_910,K03323.01,5193659,1.0,CANDIDATE,CANDIDATE,0.8251437
candidate_911,K02695.01,5196864,1.0,CANDIDATE,CANDIDATE,0.6290298
candidate_912,K04178.01,5197233,1.0,CANDIDATE,CANDIDATE,0.86854327
candidate_913,K04912.01,5208962,0.0,CANDIDATE,CANDIDATE,0.2581973
candidate_914,K02158.02,5211199,1.0,CANDIDATE,CANDIDATE,0.7839104
candidate_915,K06542.01,5215508,0.0,CANDIDATE,CANDIDATE,0.087982275
candidate_916,K04713.01,5253802,0.0,CANDIDATE,CANDIDATE,0.4226076
candidate_917,K05142.01,5255259,0.0,CANDIDATE,CANDIDATE,0.2717981
candidate_918,K03368.01,5257082,1.0,CANDIDATE,CANDIDATE,0.88520825
candidate_919,K06546.01,5263167,1.0,CANDIDATE,CANDIDATE,0.6233866
candidate_920,K07558.01,5271090,1.0,CANDIDATE,CANDIDATE,0.7497231
candidate_921,K01547.01,5283458,1.0,CANDIDATE,CANDIDATE,0.8329427
candidate_922,K05149.01,5283728,1.0,CANDIDATE,CANDIDATE,0.9062731
candidate_923,K03463.01,5294945,1.0,CANDIDATE,CANDIDATE,0.7256909
candidate_924,K06557.01,5295206,1.0,CANDIDATE,CANDIDATE,0.87403876
candidate_925,K01576.03,5299459,1.0,CANDIDATE,CANDIDATE,0.62892365
candidate_926,K06127.01,5306984,0.0,CANDIDATE,CANDIDATE,0.32943004
candidate_927,K04750.01,5308296,1.0,CANDIDATE,CANDIDATE,0.8183717
candidate_928,K01562.02,5308663,1.0,CANDIDATE,CANDIDATE,0.7002625
candidate_929,K02666.01,5342061,1.0,CANDIDATE,CANDIDATE,0.7687675
candidate_930,K04467.01,5352640,1.0,CANDIDATE,CANDIDATE,0.8338702
candidate_931,K06568.01,5353938,1.0,CANDIDATE,CANDIDATE,0.82444406
candidate_932,K01675.01,5360920,1.0,CANDIDATE,CANDIDATE,0.626462
candidate_933,K05155.01,5374838,0.0,CANDIDATE,CANDIDATE,0.20752034
candidate_934,K06570.01,5380812,0.0,CANDIDATE,CANDIDATE,0.43976524
candidate_935,K03444.01,5384713,1.0,CANDIDATE,CANDIDATE,0.90277356
candidate_936,K03444.02,5384713,1.0,CANDIDATE,CANDIDATE,0.8123818
candidate_937,K03444.03,5384713,0.0,CANDIDATE,CANDIDATE,0.12900452
candidate_938,K03444.04,5384713,0.0,CANDIDATE,CANDIDATE,0.37019366
candidate_939,K02370.01,5385304,1.0,CANDIDATE,CANDIDATE,0.7255128
candidate_940,K04323.01,5385410,1.0,CANDIDATE,CANDIDATE,0.7758508
candidate_941,K04591.01,5389956,1.0,CANDIDATE,CANDIDATE,0.6881367
candidate_942,K05158.01,5394585,0.0,CANDIDATE,CANDIDATE,0.08226998
candidate_943,K05160.01,5425643,1.0,CANDIDATE,CANDIDATE,0.66411734
candidate_944,K05162.01,5428199,1.0,CANDIDATE,CANDIDATE,0.51912373
candidate_945,K06130.01,5428657,0.0,CANDIDATE,CANDIDATE,0.1005997
candidate_946,K04558.01,5431027,1.0,CANDIDATE,CANDIDATE,0.8359273
candidate_947,K04351.01,5436161,0.0,CANDIDATE,CANDIDATE,0.032789595
candidate_948,K05164.01,5436455,0.0,CANDIDATE,CANDIDATE,0.14256027
candidate_949,K04907.01,5437762,0.0,CANDIDATE,CANDIDATE,0.17662567
candidate_950,K05165.01,5439000,1.0,CANDIDATE,CANDIDATE,0.74037975
candidate_951,K00607.01,5441980,1.0,CANDIDATE,CANDIDATE,0.93091816
candidate_952,K05169.01,5443320,0.0,CANDIDATE,CANDIDATE,0.21506733
candidate_953,K00554.01,5443837,0.0,CANDIDATE,CANDIDATE,0.31976196
candidate_954,K07559.01,5444276,0.0,CANDIDATE,CANDIDATE,0.11530172
candidate_955,K06579.01,5456979,1.0,CANDIDATE,CANDIDATE,0.83353084
candidate_956,K04508.01,5457326,1.0,CANDIDATE,CANDIDATE,0.84922636
candidate_957,K07729.01,5460434,1.0,CANDIDATE,CANDIDATE,0.675171
candidate_958,K06582.01,5466109,0.0,CANDIDATE,CANDIDATE,0.24843605
candidate_959,K03504.02,5471158,0.0,CANDIDATE,CANDIDATE,0.28914976
candidate_960,K03050.01,5475042,0.0,CANDIDATE,CANDIDATE,0.18871732
candidate_961,K01546.01,5475431,0.0,CANDIDATE,CANDIDATE,0.051549423
candidate_962,K04541.01,5511659,1.0,CANDIDATE,CANDIDATE,0.8681108
candidate_963,K04541.02,5511659,1.0,CANDIDATE,CANDIDATE,0.830499
candidate_964,K01962.01,5513648,1.0,CANDIDATE,CANDIDATE,0.75626636
candidate_965,K05174.01,5524229,1.0,CANDIDATE,CANDIDATE,0.6848591
candidate_966,K01677.02,5526717,0.0,CANDIDATE,CANDIDATE,0.49720052
candidate_967,K05176.01,5529385,0.0,CANDIDATE,CANDIDATE,0.4265025
candidate_968,K00647.02,5531694,1.0,CANDIDATE,CANDIDATE,0.7921271
candidate_969,K01681.01,5531953,1.0,CANDIDATE,CANDIDATE,0.81413805
candidate_970,K01681.02,5531953,0.0,CANDIDATE,CONFIRMED,0.16309509
candidate_971,K01681.03,5531953,1.0,CANDIDATE,CANDIDATE,0.8580798
candidate_972,K01681.04,5531953,0.0,CANDIDATE,CANDIDATE,0.37519976
candidate_973,K01590.01,5542466,1.0,CANDIDATE,CANDIDATE,0.8973288
candidate_974,K01590.03,5542466,1.0,CANDIDATE,CANDIDATE,0.72983396
candidate_975,K03226.02,5544450,1.0,CANDIDATE,CANDIDATE,0.63289946
candidate_976,K02160.02,5546761,1.0,CANDIDATE,CANDIDATE,0.768229
candidate_977,K03119.01,5551672,1.0,CANDIDATE,CANDIDATE,0.8739561
candidate_978,K04495.01,5552562,1.0,CANDIDATE,CANDIDATE,0.8582553
candidate_979,K06598.01,5552808,0.0,CANDIDATE,CANDIDATE,0.28565088
candidate_980,K03377.01,5553959,1.0,CANDIDATE,CANDIDATE,0.9375667
candidate_981,K03309.01,5563300,0.0,CANDIDATE,CANDIDATE,0.15174517
candidate_982,K06600.01,5564082,0.0,CANDIDATE,CANDIDATE,0.39219618
candidate_983,K00648.01,5596440,0.0,CANDIDATE,CANDIDATE,0.028565513
candidate_984,K06601.01,5597361,1.0,CANDIDATE,CANDIDATE,0.7009339
candidate_985,K02369.02,5602588,1.0,CANDIDATE,CANDIDATE,0.6205962
candidate_986,K02369.03,5602588,0.0,CANDIDATE,CANDIDATE,0.34161708
candidate_987,K03206.01,5612697,1.0,CANDIDATE,CANDIDATE,0.7497443
candidate_988,K00649.02,5613330,1.0,CANDIDATE,CANDIDATE,0.7417219
candidate_989,K02915.01,5613821,1.0,CANDIDATE,CANDIDATE,0.74925417
candidate_990,K07733.01,5617259,0.0,CANDIDATE,CANDIDATE,0.4357848
candidate_991,K06605.01,5617510,0.0,CANDIDATE,CANDIDATE,0.28046897
candidate_992,K03341.01,5621333,1.0,CANDIDATE,CANDIDATE,0.8194845
candidate_993,K03341.02,5621333,0.0,CANDIDATE,CANDIDATE,0.41043153
candidate_994,K06132.01,5629353,0.0,CANDIDATE,CANDIDATE,0.37006536
candidate_995,K06132.03,5629353,1.0,CANDIDATE,CANDIDATE,0.8796012
candidate_996,K06610.01,5633259,1.0,CANDIDATE,CANDIDATE,0.8321567
candidate_997,K02882.01,5642620,0.0,CANDIDATE,CANDIDATE,0.24825905
candidate_998,K04705.01,5642688,0.0,CANDIDATE,CANDIDATE,0.10485871
candidate_999,K04837.01,5645170,1.0,CANDIDATE,CANDIDATE,0.7166548
candidate_1000,K05188.01,5650930,0.0,CANDIDATE,CANDIDATE,0.43520927
candidate_1001,K04827.01,5651846,0.0,CANDIDATE,CANDIDATE,0.30170467
candidate_1002,K08257.01,5683219,0.0,CANDIDATE,CANDIDATE,0.12287397
candidate_1003,K04587.01,5687700,1.0,CANDIDATE,CANDIDATE,0.89392394
candidate_1004,K07735.01,5687986,0.0,CANDIDATE,CANDIDATE,0.36504668
candidate_1005,K04097.02,5688683,1.0,CANDIDATE,CANDIDATE,0.8436865
candidate_1006,K00283.03,5695396,1.0,CANDIDATE,CANDIDATE,0.90466154
candidate_1007,K04756.01,5695615,1.0,CANDIDATE,CANDIDATE,0.71621305
candidate_1008,K05192.01,5697395,0.0,CANDIDATE,CANDIDATE,0.33131337
candidate_1009,K06617.01,5702770,1.0,CANDIDATE,CANDIDATE,0.8082896
candidate_1010,K06618.01,5706592,0.0,CANDIDATE,CANDIDATE,0.21737626
candidate_1011,K02183.03,5706595,1.0,CANDIDATE,CANDIDATE,0.642298
candidate_1012,K03396.01,5710069,1.0,CANDIDATE,CANDIDATE,0.9560965
candidate_1013,K00272.01,5716763,0.0,CANDIDATE,CANDIDATE,0.036077857
candidate_1014,K02189.01,5730445,0.0,CANDIDATE,CANDIDATE,0.20532426
candidate_1015,K01793.01,5731623,1.0,CANDIDATE,CANDIDATE,0.6675743
candidate_1016,K05196.01,5734702,0.0,CANDIDATE,CANDIDATE,0.08822446
candidate_1017,K04913.01,5769810,1.0,CANDIDATE,CANDIDATE,0.93537307
candidate_1018,K04913.02,5769810,1.0,CANDIDATE,CANDIDATE,0.69081354
candidate_1019,K03810.01,5769943,0.0,CANDIDATE,CANDIDATE,0.044966094
candidate_1020,K04443.01,5780855,1.0,CANDIDATE,CANDIDATE,0.89292604
candidate_1021,K04259.01,5785279,0.0,CANDIDATE,CANDIDATE,0.3077876
candidate_1022,K02927.01,5787131,1.0,CANDIDATE,CANDIDATE,0.8779184
candidate_1023,K00841.04,5792202,0.0,CANDIDATE,CANDIDATE,0.2054338
candidate_1024,K00841.05,5792202,0.0,CANDIDATE,CANDIDATE,0.29369915
candidate_1025,K05202.01,5793275,0.0,CANDIDATE,CANDIDATE,0.3146831
candidate_1026,K08107.01,5802205,1.0,CANDIDATE,CANDIDATE,0.86819917
candidate_1027,K04398.01,5802637,0.0,CANDIDATE,CANDIDATE,0.43290883
candidate_1028,K06137.01,5816144,1.0,CANDIDATE,CANDIDATE,0.6999808
candidate_1029,K04686.01,5819801,1.0,CANDIDATE,CANDIDATE,0.6618173
candidate_1030,K01839.02,5856571,1.0,CANDIDATE,CANDIDATE,0.86671036
candidate_1031,K05205.01,5857656,1.0,CANDIDATE,CANDIDATE,0.90196645
candidate_1032,K08109.01,5858919,0.0,CANDIDATE,CANDIDATE,0.26261166
candidate_1033,K05207.01,5859725,0.0,CANDIDATE,CANDIDATE,0.2505181
candidate_1034,K06631.01,5860347,0.0,CANDIDATE,CANDIDATE,0.34475031
candidate_1035,K07744.01,5877292,1.0,CANDIDATE,CANDIDATE,0.7312104
candidate_1036,K07562.01,5878506,1.0,CANDIDATE,CANDIDATE,0.65291613
candidate_1037,K07746.01,5881307,0.0,CANDIDATE,CANDIDATE,0.34509772
candidate_1038,K02744.02,5881813,1.0,CANDIDATE,CANDIDATE,0.80283374
candidate_1039,K07749.01,5888187,0.0,CANDIDATE,CANDIDATE,0.25330478
candidate_1040,K07750.01,5894182,1.0,CANDIDATE,CANDIDATE,0.5842857
candidate_1041,K00126.02,5897826,0.0,CANDIDATE,CANDIDATE,0.36514762
candidate_1042,K03422.01,5898983,0.0,CANDIDATE,CANDIDATE,0.39418587
candidate_1043,K03426.01,5900235,0.0,CANDIDATE,CANDIDATE,0.25180528
candidate_1044,K03029.01,5903749,1.0,CANDIDATE,CANDIDATE,0.80348563
candidate_1045,K03029.02,5903749,0.0,CANDIDATE,CANDIDATE,0.40971395
candidate_1046,K02377.01,5906426,1.0,CANDIDATE,CANDIDATE,0.81873995
candidate_1047,K02250.02,5942808,0.0,CANDIDATE,CONFIRMED,0.14428954
candidate_1048,K05211.01,5946568,0.0,CANDIDATE,CANDIDATE,0.25187376
candidate_1049,K04633.01,5954001,1.0,CANDIDATE,CANDIDATE,0.86880213
candidate_1050,K05213.01,5954894,0.0,CANDIDATE,CANDIDATE,0.2823197
candidate_1051,K08111.01,5955197,0.0,CANDIDATE,CANDIDATE,0.43263406
candidate_1052,K08259.01,5956171,0.0,CANDIDATE,CANDIDATE,0.18414514
candidate_1053,K01053.02,5956656,0.0,CANDIDATE,CANDIDATE,0.33180943
candidate_1054,K05216.01,5965629,0.0,CANDIDATE,CANDIDATE,0.37841383
candidate_1055,K06641.01,5966732,1.0,CANDIDATE,CANDIDATE,0.72801256
candidate_1056,K03909.01,5966810,1.0,CANDIDATE,CANDIDATE,0.7635214
candidate_1057,K00191.03,5972334,0.0,CANDIDATE,CANDIDATE,0.109456904
candidate_1058,K02321.02,5978559,1.0,CANDIDATE,CANDIDATE,0.9157976
candidate_1059,K05219.01,5981058,1.0,CANDIDATE,CANDIDATE,0.7067869
candidate_1060,K03190.01,5985713,1.0,CANDIDATE,CANDIDATE,0.84384096
candidate_1061,K06646.01,6019971,1.0,CANDIDATE,CANDIDATE,0.8818773
candidate_1062,K05222.01,6021840,0.0,CANDIDATE,CANDIDATE,0.16790515
candidate_1063,K05223.01,6023571,0.0,CANDIDATE,CANDIDATE,0.065284066
candidate_1064,K03411.01,6025124,0.0,CANDIDATE,CANDIDATE,0.36840332
candidate_1065,K05224.01,6025174,1.0,CANDIDATE,CANDIDATE,0.5555506
candidate_1066,K02949.01,6026737,1.0,CANDIDATE,CANDIDATE,0.86873937
candidate_1067,K02949.02,6026737,1.0,CANDIDATE,CANDIDATE,0.7121381
candidate_1068,K00304.02,6029239,1.0,CANDIDATE,CANDIDATE,0.521844
candidate_1069,K06141.01,6032730,0.0,CANDIDATE,CANDIDATE,0.2641001
candidate_1070,K05226.01,6034379,1.0,CANDIDATE,CANDIDATE,0.74275935
candidate_1071,K05227.01,6034834,0.0,CANDIDATE,CANDIDATE,0.4558202
candidate_1072,K05228.01,6036286,0.0,CANDIDATE,CANDIDATE,0.07827543
candidate_1073,K05229.01,6038152,1.0,CANDIDATE,CANDIDATE,0.50226945
candidate_1074,K02167.02,6041734,1.0,CANDIDATE,CANDIDATE,0.8623541
candidate_1075,K05230.01,6043490,1.0,CANDIDATE,CANDIDATE,0.5088089
candidate_1076,K07759.01,6043538,1.0,CANDIDATE,CANDIDATE,0.8577546
candidate_1077,K04764.01,6043562,1.0,CANDIDATE,CANDIDATE,0.9283565
candidate_1078,K06653.01,6045093,0.0,CANDIDATE,CANDIDATE,0.069555014
candidate_1079,K05231.01,6045404,1.0,CANDIDATE,CANDIDATE,0.54826176
candidate_1080,K06657.01,6057750,0.0,CANDIDATE,CANDIDATE,0.092948906
candidate_1081,K03500.02,6058816,0.0,CANDIDATE,CANDIDATE,0.40668336
candidate_1082,K04632.01,6070337,1.0,CANDIDATE,CANDIDATE,0.54298866
candidate_1083,K03004.02,6103377,1.0,CANDIDATE,CANDIDATE,0.6913985
candidate_1084,K07762.01,6106046,1.0,CANDIDATE,CANDIDATE,0.8852191
candidate_1085,K06664.01,6111011,0.0,CANDIDATE,CANDIDATE,0.345061
candidate_1086,K05237.01,6115356,1.0,CANDIDATE,CANDIDATE,0.8626657
candidate_1087,K06142.01,6116172,0.0,CANDIDATE,CANDIDATE,0.09368535
candidate_1088,K06142.02,6116172,0.0,CANDIDATE,CANDIDATE,0.34093973
candidate_1089,K06142.03,6116172,0.0,CANDIDATE,CANDIDATE,0.17226629
candidate_1090,K02343.01,6119141,1.0,CANDIDATE,CANDIDATE,0.79989773
candidate_1091,K07764.01,6124137,0.0,CANDIDATE,CANDIDATE,0.24637838
candidate_1092,K06666.01,6128245,0.0,CANDIDATE,CANDIDATE,0.25503778
candidate_1093,K03307.01,6131130,1.0,CANDIDATE,CANDIDATE,0.91264457
candidate_1094,K04123.01,6140059,1.0,CANDIDATE,CANDIDATE,0.87719756
candidate_1095,K04602.01,6144039,1.0,CANDIDATE,CANDIDATE,0.78392607
candidate_1096,K00227.01,6185476,1.0,CANDIDATE,CANDIDATE,0.81865513
candidate_1097,K04496.01,6186182,1.0,CANDIDATE,CANDIDATE,0.71732914
candidate_1098,K06672.01,6187508,1.0,CANDIDATE,CANDIDATE,0.6777397
candidate_1099,K04463.01,6197344,0.0,CANDIDATE,CANDIDATE,0.25186262
candidate_1100,K05247.01,6197658,0.0,CANDIDATE,CANDIDATE,0.10121142
candidate_1101,K02636.02,6198182,0.0,CANDIDATE,CANDIDATE,0.16932857
candidate_1102,K05248.01,6198670,0.0,CANDIDATE,CANDIDATE,0.20855725
candidate_1103,K03397.01,6200810,0.0,CANDIDATE,CANDIDATE,0.47785875
candidate_1104,K05249.01,6203955,1.0,CANDIDATE,CANDIDATE,0.87260586
candidate_1105,K06676.01,6209225,1.0,CANDIDATE,CANDIDATE,0.824883
candidate_1106,K01750.02,6209677,1.0,CANDIDATE,CANDIDATE,0.87115103
candidate_1107,K04793.01,6220312,0.0,CANDIDATE,CANDIDATE,0.31469047
candidate_1108,K06145.03,6221385,1.0,CANDIDATE,CANDIDATE,0.8870449
candidate_1109,K04274.01,6223324,1.0,CANDIDATE,CANDIDATE,0.55635303
candidate_1110,K07773.01,6231721,0.0,CANDIDATE,CANDIDATE,0.1618331
candidate_1111,K04715.01,6264750,1.0,CANDIDATE,CANDIDATE,0.6917825
candidate_1112,K06680.01,6265961,1.0,CANDIDATE,CANDIDATE,0.8024033
candidate_1113,K05254.01,6266866,0.0,CANDIDATE,CANDIDATE,0.059873372
candidate_1114,K01613.02,6268648,1.0,CANDIDATE,CANDIDATE,0.8374896
candidate_1115,K01613.03,6268648,1.0,CANDIDATE,CANDIDATE,0.79358786
candidate_1116,K04477.01,6276791,0.0,CANDIDATE,CANDIDATE,0.18062551
candidate_1117,K07774.01,6277410,1.0,CANDIDATE,CANDIDATE,0.8963493
candidate_1118,K07775.01,6278670,1.0,CANDIDATE,CANDIDATE,0.79145545
candidate_1119,K00415.01,6289650,0.0,CANDIDATE,CANDIDATE,0.19217889
candidate_1120,K04302.01,6290935,1.0,CANDIDATE,CANDIDATE,0.64161986
candidate_1121,K00212.01,6300348,1.0,CANDIDATE,CANDIDATE,0.8500331
candidate_1122,K06687.01,6307000,0.0,CANDIDATE,CANDIDATE,0.12596492
candidate_1123,K02050.02,6307083,1.0,CANDIDATE,CANDIDATE,0.82950187
candidate_1124,K05262.01,6309307,0.0,CANDIDATE,CANDIDATE,0.15136755
candidate_1125,K00611.01,6309763,0.0,CANDIDATE,CANDIDATE,0.2772465
candidate_1126,K04627.01,6311891,0.0,CANDIDATE,CANDIDATE,0.49878713
candidate_1127,K06689.01,6345758,0.0,CANDIDATE,CANDIDATE,0.08789533
candidate_1128,K02775.01,6346809,1.0,CANDIDATE,CANDIDATE,0.83432186
candidate_1129,K05264.01,6346894,1.0,CANDIDATE,CANDIDATE,0.65032554
candidate_1130,K05266.01,6347890,1.0,CANDIDATE,CANDIDATE,0.53682846
candidate_1131,K05267.01,6350031,0.0,CANDIDATE,CANDIDATE,0.123047024
candidate_1132,K04410.01,6350882,1.0,CANDIDATE,CANDIDATE,0.51674414
candidate_1133,K07776.01,6356400,0.0,CANDIDATE,CANDIDATE,0.29306483
candidate_1134,K08263.01,6356506,0.0,CANDIDATE,CANDIDATE,0.15947363
candidate_1135,K03040.01,6357290,1.0,CANDIDATE,CANDIDATE,0.92820275
candidate_1136,K04794.01,6358937,1.0,CANDIDATE,CANDIDATE,0.8877389
candidate_1137,K01127.03,6359320,1.0,CANDIDATE,CANDIDATE,0.7648481
candidate_1138,K05268.01,6359881,0.0,CANDIDATE,CANDIDATE,0.31683663
candidate_1139,K04391.01,6359926,1.0,CANDIDATE,CANDIDATE,0.56644124
candidate_1140,K05269.01,6359929,0.0,CANDIDATE,CANDIDATE,0.19679587
candidate_1141,K02404.01,6364215,1.0,CANDIDATE,CANDIDATE,0.56344604
candidate_1142,K03456.02,6364582,0.0,CANDIDATE,CANDIDATE,0.31701162
candidate_1143,K05274.01,6366559,0.0,CANDIDATE,CANDIDATE,0.14562878
candidate_1144,K05275.01,6367663,0.0,CANDIDATE,CANDIDATE,0.05941063
candidate_1145,K06697.01,6368222,1.0,CANDIDATE,CANDIDATE,0.86751795
candidate_1146,K05276.01,6368905,1.0,CANDIDATE,CANDIDATE,0.8897121
candidate_1147,K04554.01,6369131,1.0,CANDIDATE,CANDIDATE,0.8341293
candidate_1148,K05278.01,6372194,0.0,CANDIDATE,CANDIDATE,0.11022722
candidate_1149,K06698.01,6372268,0.0,CANDIDATE,CANDIDATE,0.11648273
candidate_1150,K05279.01,6387557,0.0,CANDIDATE,CANDIDATE,0.47593725
candidate_1151,K06705.01,6423922,1.0,CANDIDATE,CANDIDATE,0.78535664
candidate_1152,K04900.01,6424561,1.0,CANDIDATE,CANDIDATE,0.85865873
candidate_1153,K05281.01,6425377,1.0,CANDIDATE,CANDIDATE,0.6036949
candidate_1154,K04861.01,6425597,1.0,CANDIDATE,CANDIDATE,0.8754642
candidate_1155,K02828.02,6436029,1.0,CANDIDATE,CANDIDATE,0.643795
candidate_1156,K06707.01,6436505,1.0,CANDIDATE,CANDIDATE,0.69406325
candidate_1157,K02976.01,6438099,1.0,CANDIDATE,CANDIDATE,0.94899905
candidate_1158,K01246.01,6441738,1.0,CANDIDATE,CANDIDATE,0.94872797
candidate_1159,K05283.01,6442735,1.0,CANDIDATE,CANDIDATE,0.81684446
candidate_1160,K05284.01,6443093,0.0,CANDIDATE,CANDIDATE,0.12251045
candidate_1161,K07567.01,6443274,0.0,CANDIDATE,CANDIDATE,0.23490717
candidate_1162,K07780.01,6451368,0.0,CANDIDATE,CANDIDATE,0.3266358
candidate_1163,K02840.01,6467363,1.0,CANDIDATE,CANDIDATE,0.8294325
candidate_1164,K02840.02,6467363,1.0,CANDIDATE,CANDIDATE,0.66091406
candidate_1165,K08122.01,6507334,1.0,CANDIDATE,CANDIDATE,0.5540155
candidate_1166,K03815.01,6507433,1.0,CANDIDATE,CANDIDATE,0.5370521
candidate_1167,K00416.03,6508221,1.0,CANDIDATE,CANDIDATE,0.8653347
candidate_1168,K00416.04,6508221,1.0,CANDIDATE,CANDIDATE,0.66164595
candidate_1169,K05287.01,6509282,1.0,CANDIDATE,CANDIDATE,0.8515358
candidate_1170,K05288.01,6511182,1.0,CANDIDATE,CANDIDATE,0.8424916
candidate_1171,K02445.01,6516185,1.0,CANDIDATE,CANDIDATE,0.5272683
candidate_1172,K05289.01,6517064,1.0,CANDIDATE,CANDIDATE,0.8236316
candidate_1173,K05290.01,6517200,0.0,CANDIDATE,CANDIDATE,0.20885271
candidate_1174,K05291.01,6517255,0.0,CANDIDATE,CANDIDATE,0.26643273
candidate_1175,K04749.01,6520519,1.0,CANDIDATE,CANDIDATE,0.7536449
candidate_1176,K04504.01,6520753,0.0,CANDIDATE,CANDIDATE,0.12593009
candidate_1177,K04504.02,6520753,0.0,CANDIDATE,CANDIDATE,0.34181556
candidate_1178,K04549.01,6523058,1.0,CANDIDATE,CANDIDATE,0.57996607
candidate_1179,K03117.01,6523351,1.0,CANDIDATE,CANDIDATE,0.7539107
candidate_1180,K02093.01,6525946,1.0,CANDIDATE,CANDIDATE,0.8930534
candidate_1181,K02093.02,6525946,1.0,CANDIDATE,CANDIDATE,0.72856534
candidate_1182,K02093.03,6525946,0.0,CANDIDATE,CANDIDATE,0.046780534
candidate_1183,K00856.01,6526710,0.0,CANDIDATE,CANDIDATE,0.39568675
candidate_1184,K04657.01,6527078,1.0,CANDIDATE,CANDIDATE,0.8421142
candidate_1185,K04657.02,6527078,1.0,CANDIDATE,CANDIDATE,0.6405198
candidate_1186,K07785.01,6531617,0.0,CANDIDATE,CANDIDATE,0.17468758
candidate_1187,K05297.01,6543192,1.0,CANDIDATE,CANDIDATE,0.80603176
candidate_1188,K01627.03,6543893,1.0,CANDIDATE,CANDIDATE,0.7612063
candidate_1189,K06731.01,6551106,1.0,CANDIDATE,CANDIDATE,0.8953034
candidate_1190,K06733.01,6584278,0.0,CANDIDATE,CANDIDATE,0.085247815
candidate_1191,K06734.01,6590726,0.0,CANDIDATE,CANDIDATE,0.33440277
candidate_1192,K03037.01,6593150,1.0,CANDIDATE,CANDIDATE,0.8510727
candidate_1193,K05300.01,6594945,1.0,CANDIDATE,CANDIDATE,0.9032027
candidate_1194,K00858.01,6599919,1.0,CANDIDATE,CANDIDATE,0.9149584
candidate_1195,K06739.01,6603765,1.0,CANDIDATE,CANDIDATE,0.87752235
candidate_1196,K01239.01,6607286,0.0,CANDIDATE,CANDIDATE,0.09377807
candidate_1197,K01239.02,6607286,1.0,CANDIDATE,CANDIDATE,0.8508213
candidate_1198,K01242.01,6607447,0.0,CANDIDATE,CANDIDATE,0.1813201
candidate_1199,K06745.01,6614748,0.0,CANDIDATE,CANDIDATE,0.36234054
candidate_1200,K01225.01,6620003,0.0,CANDIDATE,CANDIDATE,0.08290978
candidate_1201,K06746.01,6628926,1.0,CANDIDATE,CANDIDATE,0.5964982
candidate_1202,K05308.01,6634112,0.0,CANDIDATE,CANDIDATE,0.3567885
candidate_1203,K06750.01,6664842,1.0,CANDIDATE,CANDIDATE,0.8399829
candidate_1204,K06751.01,6665064,0.0,CANDIDATE,CANDIDATE,0.2545275
candidate_1205,K04840.01,6665860,1.0,CANDIDATE,CANDIDATE,0.7397776
candidate_1206,K06752.01,6670610,1.0,CANDIDATE,CANDIDATE,0.6089542
candidate_1207,K06753.01,6670742,0.0,CANDIDATE,CANDIDATE,0.13877296
candidate_1208,K05310.01,6675757,1.0,CANDIDATE,CANDIDATE,0.5873736
candidate_1209,K01236.04,6677841,1.0,CANDIDATE,CONFIRMED,0.69270146
candidate_1210,K02862.01,6679295,1.0,CANDIDATE,CANDIDATE,0.53542495
candidate_1211,K03320.01,6690171,0.0,CANDIDATE,CANDIDATE,0.22114664
candidate_1212,K04890.01,6691169,1.0,CANDIDATE,CANDIDATE,0.9413003
candidate_1213,K02851.01,6697605,0.0,CANDIDATE,CONFIRMED,0.15180762
candidate_1214,K02851.02,6697605,0.0,CANDIDATE,CANDIDATE,0.14300145
candidate_1215,K03508.01,6697817,1.0,CANDIDATE,CANDIDATE,0.711568
candidate_1216,K06759.01,6697976,0.0,CANDIDATE,CANDIDATE,0.11218261
candidate_1217,K03374.02,6705026,0.0,CANDIDATE,CANDIDATE,0.4779131
candidate_1218,K01758.01,6705142,1.0,CANDIDATE,CANDIDATE,0.8618598
candidate_1219,K06762.01,6715997,1.0,CANDIDATE,CANDIDATE,0.69120586
candidate_1220,K02679.01,6716021,1.0,CANDIDATE,CANDIDATE,0.76664877
candidate_1221,K02906.02,6716545,1.0,CANDIDATE,CANDIDATE,0.65217656
candidate_1222,K02906.03,6716545,1.0,CANDIDATE,CANDIDATE,0.78771615
candidate_1223,K04651.01,6717252,0.0,CANDIDATE,CANDIDATE,0.25098172
candidate_1224,K05320.01,6719052,0.0,CANDIDATE,CANDIDATE,0.32499814
candidate_1225,K01357.01,6719086,1.0,CANDIDATE,CANDIDATE,0.85049486
candidate_1226,K05321.01,6721603,1.0,CANDIDATE,CANDIDATE,0.56804585
candidate_1227,K05322.01,6756369,1.0,CANDIDATE,CANDIDATE,0.7843222
candidate_1228,K06763.01,6763884,0.0,CANDIDATE,CANDIDATE,0.20012
candidate_1229,K02592.01,6765135,1.0,CANDIDATE,CANDIDATE,0.7260343
candidate_1230,K05324.01,6765563,0.0,CANDIDATE,CANDIDATE,0.47679862
candidate_1231,K04871.01,6767227,0.0,CANDIDATE,CANDIDATE,0.17518438
candidate_1232,K04871.02,6767227,1.0,CANDIDATE,CANDIDATE,0.8147711
candidate_1233,K02086.04,6768394,0.0,CANDIDATE,CANDIDATE,0.19433926
candidate_1234,K06765.01,6768616,1.0,CANDIDATE,CANDIDATE,0.90470386
candidate_1235,K05327.01,6776555,1.0,CANDIDATE,CANDIDATE,0.77870923
candidate_1236,K02678.02,6779260,0.0,CANDIDATE,CANDIDATE,0.25045606
candidate_1237,K04850.01,6786224,1.0,CANDIDATE,CANDIDATE,0.9147046
candidate_1238,K07791.01,6790592,1.0,CANDIDATE,CANDIDATE,0.5423541
candidate_1239,K04341.01,6792908,1.0,CANDIDATE,CANDIDATE,0.6886327
candidate_1240,K05329.01,6805414,0.0,CANDIDATE,CANDIDATE,0.11324933
candidate_1241,K01362.01,6837146,1.0,CANDIDATE,CANDIDATE,0.93771625
candidate_1242,K02914.01,6837283,1.0,CANDIDATE,CANDIDATE,0.9261894
candidate_1243,K04674.01,6839010,0.0,CANDIDATE,CANDIDATE,0.21965107
candidate_1244,K06774.01,6842345,0.0,CANDIDATE,CANDIDATE,0.14846653
candidate_1245,K02921.01,6842807,1.0,CANDIDATE,CANDIDATE,0.7710971
candidate_1246,K06776.01,6853172,1.0,CANDIDATE,CANDIDATE,0.75338733
candidate_1247,K06777.01,6859546,1.0,CANDIDATE,CANDIDATE,0.85551775
candidate_1248,K00865.01,6862328,0.0,CANDIDATE,CANDIDATE,0.263779
candidate_1249,K07793.01,6863158,1.0,CANDIDATE,CANDIDATE,0.5494607
candidate_1250,K06781.01,6864706,1.0,CANDIDATE,CANDIDATE,0.7604257
candidate_1251,K00868.01,6867155,0.0,CANDIDATE,CANDIDATE,0.17142655
candidate_1252,K06783.01,6867219,1.0,CANDIDATE,CANDIDATE,0.84810454
candidate_1253,K02439.02,6867555,1.0,CANDIDATE,CANDIDATE,0.7779166
candidate_1254,K02571.01,6867588,0.0,CANDIDATE,CANDIDATE,0.17862226
candidate_1255,K05331.01,6869373,0.0,CANDIDATE,CANDIDATE,0.24128348
candidate_1256,K02220.04,6871071,1.0,CANDIDATE,CANDIDATE,0.7301244
candidate_1257,K02220.05,6871071,1.0,CANDIDATE,CANDIDATE,0.8213164
candidate_1258,K05332.01,6875342,1.0,CANDIDATE,CANDIDATE,0.84538287
candidate_1259,K07572.01,6876575,0.0,CANDIDATE,CANDIDATE,0.20096654
candidate_1260,K06786.01,6878408,0.0,CANDIDATE,CANDIDATE,0.4340472
candidate_1261,K05333.01,6879183,1.0,CANDIDATE,CANDIDATE,0.77120775
candidate_1262,K00417.01,6879865,1.0,CANDIDATE,CANDIDATE,0.7004755
candidate_1263,K07795.01,6887030,1.0,CANDIDATE,CANDIDATE,0.5423046
candidate_1264,K07796.01,6891124,0.0,CANDIDATE,CANDIDATE,0.1717053
candidate_1265,K02578.01,6922203,1.0,CANDIDATE,CANDIDATE,0.9061032
candidate_1266,K05336.01,6934045,0.0,CANDIDATE,CANDIDATE,0.13924243
candidate_1267,K02294.01,6934986,0.0,CANDIDATE,CANDIDATE,0.26587892
candidate_1268,K04382.02,6937529,1.0,CANDIDATE,CANDIDATE,0.81675243
candidate_1269,K05337.01,6939913,0.0,CANDIDATE,CANDIDATE,0.35343862
candidate_1270,K01359.02,6946199,0.0,CANDIDATE,CANDIDATE,0.40163246
candidate_1271,K06150.01,6946681,0.0,CANDIDATE,CANDIDATE,0.21764562
candidate_1272,K06151.01,6946708,0.0,CANDIDATE,CANDIDATE,0.31921095
candidate_1273,K06793.01,6947623,1.0,CANDIDATE,CANDIDATE,0.8751552
candidate_1274,K03455.01,6947668,1.0,CANDIDATE,CANDIDATE,0.84623694
candidate_1275,K03031.01,6949898,1.0,CANDIDATE,CANDIDATE,0.79706454
candidate_1276,K07798.01,6952971,0.0,CANDIDATE,CANDIDATE,0.14128487
candidate_1277,K03329.01,6955671,1.0,CANDIDATE,CANDIDATE,0.9324848
candidate_1278,K06798.01,6956176,1.0,CANDIDATE,CANDIDATE,0.7981537
candidate_1279,K02756.02,6964929,1.0,CANDIDATE,CANDIDATE,0.70698804
candidate_1280,K02925.01,6974658,1.0,CANDIDATE,CANDIDATE,0.7556087
candidate_1281,K01628.03,6975129,0.0,CANDIDATE,CANDIDATE,0.4133704
candidate_1282,K05341.01,7009548,1.0,CANDIDATE,CANDIDATE,0.8272324
candidate_1283,K03209.01,7017274,1.0,CANDIDATE,CANDIDATE,0.94850826
candidate_1284,K03209.02,7017274,0.0,CANDIDATE,CANDIDATE,0.1015965
candidate_1285,K03689.01,7017372,0.0,CANDIDATE,CANDIDATE,0.1333494
candidate_1286,K05344.01,7018210,0.0,CANDIDATE,CANDIDATE,0.3350844
candidate_1287,K00255.02,7021681,1.0,CANDIDATE,CANDIDATE,0.64045084
candidate_1288,K03112.01,7022573,1.0,CANDIDATE,CANDIDATE,0.8772816
candidate_1289,K00871.01,7031517,0.0,CANDIDATE,CANDIDATE,0.22182775
candidate_1290,K02339.02,7033233,0.0,CANDIDATE,CANDIDATE,0.30238453
candidate_1291,K01899.02,7047922,1.0,CANDIDATE,CANDIDATE,0.5952874
candidate_1292,K00064.01,7051180,1.0,CANDIDATE,CANDIDATE,0.72565705
candidate_1293,K02879.01,7051984,0.0,CANDIDATE,CANDIDATE,0.17998895
candidate_1294,K03433.01,7093401,1.0,CANDIDATE,CANDIDATE,0.89760786
candidate_1295,K04859.01,7094944,1.0,CANDIDATE,CANDIDATE,0.8646698
candidate_1296,K04762.01,7098255,1.0,CANDIDATE,CANDIDATE,0.88749576
candidate_1297,K04032.05,7100673,1.0,CANDIDATE,CANDIDATE,0.91248035
candidate_1298,K05352.01,7101726,1.0,CANDIDATE,CANDIDATE,0.8540604
candidate_1299,K01360.03,7102227,1.0,CANDIDATE,CONFIRMED,0.64211833
candidate_1300,K06819.01,7103300,1.0,CANDIDATE,CANDIDATE,0.8784763
candidate_1301,K03083.01,7106173,1.0,CANDIDATE,CANDIDATE,0.8259544
candidate_1302,K03083.02,7106173,1.0,CANDIDATE,CANDIDATE,0.68029433
candidate_1303,K03083.03,7106173,1.0,CANDIDATE,CANDIDATE,0.6278901
candidate_1304,K02420.02,7107802,1.0,CANDIDATE,CANDIDATE,0.593074
candidate_1305,K00566.02,7119481,0.0,CANDIDATE,CANDIDATE,0.2933823
candidate_1306,K00566.03,7119481,1.0,CANDIDATE,CANDIDATE,0.64629173
candidate_1307,K05358.01,7125794,0.0,CANDIDATE,CANDIDATE,0.16428493
candidate_1308,K05359.01,7130612,1.0,CANDIDATE,CANDIDATE,0.8333462
candidate_1309,K05360.01,7132462,0.0,CANDIDATE,CANDIDATE,0.4546254
candidate_1310,K07818.01,7134626,1.0,CANDIDATE,CANDIDATE,0.64317554
candidate_1311,K06835.01,7135549,1.0,CANDIDATE,CANDIDATE,0.8344793
candidate_1312,K05365.01,7186436,0.0,CANDIDATE,CANDIDATE,0.30877066
candidate_1313,K05367.01,7191523,1.0,CANDIDATE,CANDIDATE,0.7125045
candidate_1314,K04358.01,7191646,0.0,CANDIDATE,CANDIDATE,0.3968805
candidate_1315,K05369.01,7198587,0.0,CANDIDATE,CANDIDATE,0.3762699
candidate_1316,K04152.01,7199060,1.0,CANDIDATE,CANDIDATE,0.78492093
candidate_1317,K00075.01,7199397,0.0,CANDIDATE,CANDIDATE,0.45087728
candidate_1318,K01739.01,7199906,1.0,CANDIDATE,CANDIDATE,0.6471269
candidate_1319,K02687.01,7202957,0.0,CANDIDATE,CONFIRMED,0.21512643
candidate_1320,K05371.01,7204233,0.0,CANDIDATE,CANDIDATE,0.4724847
candidate_1321,K05372.01,7205717,0.0,CANDIDATE,CANDIDATE,0.41531533
candidate_1322,K05373.01,7206422,1.0,CANDIDATE,CANDIDATE,0.87821126
candidate_1323,K05375.01,7213311,0.0,CANDIDATE,CANDIDATE,0.16404088
candidate_1324,K02354.01,7215678,0.0,CANDIDATE,CANDIDATE,0.12346699
candidate_1325,K06849.01,7217088,0.0,CANDIDATE,CANDIDATE,0.49437603
candidate_1326,K00238.03,7219825,0.0,CANDIDATE,CANDIDATE,0.42537212
candidate_1327,K04136.01,7256914,1.0,CANDIDATE,CANDIDATE,0.5616124
candidate_1328,K04136.02,7256914,0.0,CANDIDATE,CANDIDATE,0.4570813
candidate_1329,K04737.01,7266212,0.0,CANDIDATE,CANDIDATE,0.4750809
candidate_1330,K04466.01,7272132,0.0,CANDIDATE,CANDIDATE,0.48652887
candidate_1331,K05379.01,7282470,1.0,CANDIDATE,CANDIDATE,0.5983661
candidate_1332,K03271.01,7285757,1.0,CANDIDATE,CONFIRMED,0.655256
candidate_1333,K03271.02,7285757,1.0,CANDIDATE,CANDIDATE,0.8414241
candidate_1334,K07832.01,7287028,0.0,CANDIDATE,CANDIDATE,0.18363208
candidate_1335,K04815.01,7287677,1.0,CANDIDATE,CANDIDATE,0.8178467
candidate_1336,K01622.01,7287683,1.0,CANDIDATE,CANDIDATE,0.8510345
candidate_1337,K05380.01,7289139,0.0,CANDIDATE,CANDIDATE,0.13970315
candidate_1338,K02450.02,7289317,1.0,CANDIDATE,CANDIDATE,0.87154996
candidate_1339,K03420.01,7289338,0.0,CANDIDATE,CANDIDATE,0.49196008
candidate_1340,K03420.02,7289338,1.0,CANDIDATE,CANDIDATE,0.62637323
candidate_1341,K02516.01,7294743,0.0,CANDIDATE,CANDIDATE,0.1348464
candidate_1342,K00364.01,7296438,0.0,CANDIDATE,CANDIDATE,0.10801891
candidate_1343,K07833.01,7300182,0.0,CANDIDATE,CANDIDATE,0.34693593
candidate_1344,K01353.03,7303287,0.0,CANDIDATE,CONFIRMED,0.17983921
candidate_1345,K06860.01,7335514,0.0,CANDIDATE,CANDIDATE,0.2177378
candidate_1346,K04864.01,7345248,1.0,CANDIDATE,CANDIDATE,0.82365966
candidate_1347,K06862.01,7345335,1.0,CANDIDATE,CANDIDATE,0.7216674
candidate_1348,K01356.01,7363829,1.0,CANDIDATE,CANDIDATE,0.9078022
candidate_1349,K07834.01,7366501,1.0,CANDIDATE,CANDIDATE,0.57551664
candidate_1350,K07835.01,7367164,1.0,CANDIDATE,CANDIDATE,0.8394365
candidate_1351,K00266.02,7375348,1.0,CANDIDATE,CANDIDATE,0.54821074
candidate_1352,K01358.01,7376983,1.0,CANDIDATE,CONFIRMED,0.88716716
candidate_1353,K01358.02,7376983,1.0,CANDIDATE,CONFIRMED,0.9049546
candidate_1354,K01358.03,7376983,1.0,CANDIDATE,CONFIRMED,0.52664965
candidate_1355,K01358.04,7376983,1.0,CANDIDATE,CONFIRMED,0.5449527
candidate_1356,K05384.01,7377343,1.0,CANDIDATE,CANDIDATE,0.53507835
candidate_1357,K00883.01,7380537,1.0,CANDIDATE,CANDIDATE,0.7355091
candidate_1358,K06872.01,7381580,0.0,CANDIDATE,CANDIDATE,0.23197173
candidate_1359,K05385.01,7383840,0.0,CANDIDATE,CANDIDATE,0.42282817
candidate_1360,K05387.01,7416016,0.0,CANDIDATE,CANDIDATE,0.28780696
candidate_1361,K05388.01,7416306,0.0,CANDIDATE,CANDIDATE,0.36461043
candidate_1362,K05389.01,7416646,0.0,CANDIDATE,CANDIDATE,0.24400756
candidate_1363,K04260.04,7429287,0.0,CANDIDATE,CANDIDATE,0.20505595
candidate_1364,K05390.01,7440715,1.0,CANDIDATE,CANDIDATE,0.69982326
candidate_1365,K02598.01,7446631,1.0,CANDIDATE,CANDIDATE,0.8425796
candidate_1366,K06878.01,7447895,1.0,CANDIDATE,CANDIDATE,0.50206476
candidate_1367,K02357.01,7449554,1.0,CANDIDATE,CANDIDATE,0.7434636
candidate_1368,K02357.02,7449554,1.0,CANDIDATE,CANDIDATE,0.91083896
candidate_1369,K05393.01,7458743,0.0,CANDIDATE,CANDIDATE,0.15175766
candidate_1370,K06882.01,7461521,0.0,CANDIDATE,CANDIDATE,0.42160478
candidate_1371,K02959.01,7466270,1.0,CANDIDATE,CANDIDATE,0.7939749
candidate_1372,K01473.01,7499398,1.0,CANDIDATE,CANDIDATE,0.78659385
candidate_1373,K02572.01,7501646,1.0,CANDIDATE,CANDIDATE,0.82545173
candidate_1374,K00458.01,7504328,0.0,CANDIDATE,CANDIDATE,0.40462247
candidate_1375,K01480.02,7512982,0.0,CANDIDATE,CANDIDATE,0.21592596
candidate_1376,K04663.01,7515336,1.0,CANDIDATE,CANDIDATE,0.7445792
candidate_1377,K03496.02,7517261,1.0,CANDIDATE,CANDIDATE,0.6661259
candidate_1378,K06884.01,7537660,0.0,CANDIDATE,CANDIDATE,0.044064462
candidate_1379,K05398.01,7539277,1.0,CANDIDATE,CANDIDATE,0.5559651
candidate_1380,K04419.01,7582691,0.0,CANDIDATE,CANDIDATE,0.099115215
candidate_1381,K04614.01,7583650,0.0,CANDIDATE,CANDIDATE,0.28915447
candidate_1382,K06889.01,7592529,1.0,CANDIDATE,CANDIDATE,0.815944
candidate_1383,K06890.01,7592922,1.0,CANDIDATE,CANDIDATE,0.8053842
candidate_1384,K07842.01,7601665,0.0,CANDIDATE,CANDIDATE,0.14412048
candidate_1385,K06892.01,7602351,1.0,CANDIDATE,CANDIDATE,0.74448574
candidate_1386,K02924.02,7609553,1.0,CANDIDATE,CANDIDATE,0.83832115
candidate_1387,K03128.01,7609674,1.0,CANDIDATE,CANDIDATE,0.85884905
candidate_1388,K07843.01,7613620,0.0,CANDIDATE,CANDIDATE,0.13513865
candidate_1389,K00682.01,7619236,0.0,CANDIDATE,CANDIDATE,0.37806708
candidate_1390,K02103.02,7620413,1.0,CANDIDATE,CANDIDATE,0.6262206
candidate_1391,K05406.01,7625138,0.0,CANDIDATE,CANDIDATE,0.44531745
candidate_1392,K05407.01,7625143,1.0,CANDIDATE,CANDIDATE,0.79803675
candidate_1393,K00683.01,7630229,1.0,CANDIDATE,CANDIDATE,0.80089206
candidate_1394,K05408.01,7631138,1.0,CANDIDATE,CANDIDATE,0.8443251
candidate_1395,K04296.01,7661893,1.0,CANDIDATE,CANDIDATE,0.9419282
candidate_1396,K05410.01,7662502,1.0,CANDIDATE,CANDIDATE,0.8236742
candidate_1397,K01519.02,7663405,0.0,CANDIDATE,CANDIDATE,0.4930175
candidate_1398,K03089.01,7668416,0.0,CANDIDATE,CANDIDATE,0.10800152
candidate_1399,K07846.01,7671950,0.0,CANDIDATE,CANDIDATE,0.4612628
candidate_1400,K05411.01,7672215,1.0,CANDIDATE,CANDIDATE,0.79129326
candidate_1401,K02722.05,7673192,1.0,CANDIDATE,CANDIDATE,0.6234976
candidate_1402,K02585.03,7673841,1.0,CANDIDATE,CANDIDATE,0.836556
candidate_1403,K06904.01,7687365,1.0,CANDIDATE,CANDIDATE,0.60042447
candidate_1404,K05413.01,7690782,1.0,CANDIDATE,CANDIDATE,0.61523575
candidate_1405,K03337.01,7692093,1.0,CANDIDATE,CANDIDATE,0.87568474
candidate_1406,K04886.01,7692248,1.0,CANDIDATE,CANDIDATE,0.93820393
candidate_1407,K03430.01,7697103,1.0,CANDIDATE,CANDIDATE,0.82458234
candidate_1408,K06907.01,7700500,0.0,CANDIDATE,CANDIDATE,0.19973597
candidate_1409,K00684.01,7730747,1.0,CANDIDATE,CANDIDATE,0.8803975
candidate_1410,K04022.01,7733731,1.0,CANDIDATE,CANDIDATE,0.7672002
candidate_1411,K02324.01,7746958,1.0,CANDIDATE,CANDIDATE,0.7100177
candidate_1412,K05418.01,7747091,1.0,CANDIDATE,CANDIDATE,0.8852171
candidate_1413,K07847.01,7747103,0.0,CANDIDATE,CANDIDATE,0.49329305
candidate_1414,K03394.01,7748487,1.0,CANDIDATE,CANDIDATE,0.9228653
candidate_1415,K04325.01,7749002,0.0,CANDIDATE,CANDIDATE,0.08689653
candidate_1416,K01708.01,7750419,1.0,CANDIDATE,CANDIDATE,0.8541479
candidate_1417,K06913.02,7755741,0.0,CANDIDATE,CANDIDATE,0.11560274
candidate_1418,K05422.01,7757620,0.0,CANDIDATE,CANDIDATE,0.18402141
candidate_1419,K04105.01,7758018,1.0,CANDIDATE,CANDIDATE,0.8783719
candidate_1420,K05423.01,7762153,1.0,CANDIDATE,CANDIDATE,0.57031184
candidate_1421,K01840.02,7765528,0.0,CANDIDATE,CANDIDATE,0.47168383
candidate_1422,K02869.02,7767162,1.0,CANDIDATE,CANDIDATE,0.63755244
candidate_1423,K05425.01,7767781,0.0,CANDIDATE,CANDIDATE,0.28913772
candidate_1424,K01527.01,7768451,1.0,CANDIDATE,CANDIDATE,0.5325098
candidate_1425,K05426.01,7770901,0.0,CANDIDATE,CANDIDATE,0.1820781
candidate_1426,K04797.01,7771181,0.0,CANDIDATE,CANDIDATE,0.49261236
candidate_1427,K03339.01,7772914,1.0,CANDIDATE,CANDIDATE,0.77246267
candidate_1428,K04482.01,7778427,0.0,CANDIDATE,CANDIDATE,0.46536323
candidate_1429,K07849.01,7778664,1.0,CANDIDATE,CANDIDATE,0.68737197
candidate_1430,K02523.02,7778767,1.0,CANDIDATE,CANDIDATE,0.6269382
candidate_1431,K04361.01,7801070,1.0,CANDIDATE,CANDIDATE,0.82650805
candidate_1432,K06918.01,7811211,0.0,CANDIDATE,CANDIDATE,0.11627104
candidate_1433,K01477.01,7811397,1.0,CANDIDATE,CANDIDATE,0.57606447
candidate_1434,K06919.01,7812893,0.0,CANDIDATE,CANDIDATE,0.26229402
candidate_1435,K05431.01,7812990,1.0,CANDIDATE,CANDIDATE,0.7615346
candidate_1436,K03787.01,7813039,0.0,CANDIDATE,CANDIDATE,0.3276111
candidate_1437,K06921.01,7816935,1.0,CANDIDATE,CANDIDATE,0.6189247
candidate_1438,K04555.01,7820699,1.0,CANDIDATE,CANDIDATE,0.669968
candidate_1439,K00896.03,7825899,0.0,CANDIDATE,CANDIDATE,0.24429524
candidate_1440,K05433.01,7829836,0.0,CANDIDATE,CANDIDATE,0.3264107
candidate_1441,K05434.01,7830953,1.0,CANDIDATE,CANDIDATE,0.50499487
candidate_1442,K08270.01,7832787,1.0,CANDIDATE,CANDIDATE,0.67662454
candidate_1443,K04528.01,7833305,1.0,CANDIDATE,CANDIDATE,0.8088723
candidate_1444,K04630.01,7834045,1.0,CANDIDATE,CANDIDATE,0.8272687
candidate_1445,K07850.01,7834712,1.0,CANDIDATE,CANDIDATE,0.87354255
candidate_1446,K06164.01,7835312,1.0,CANDIDATE,CANDIDATE,0.88744926
candidate_1447,K05435.01,7836096,1.0,CANDIDATE,CANDIDATE,0.84972125
candidate_1448,K01499.02,7841925,0.0,CANDIDATE,CANDIDATE,0.3557457
candidate_1449,K01499.03,7841925,1.0,CANDIDATE,CONFIRMED,0.8866845
candidate_1450,K06925.01,7868967,0.0,CANDIDATE,CANDIDATE,0.23070528
candidate_1451,K01525.02,7869917,1.0,CANDIDATE,CONFIRMED,0.8774823
candidate_1452,K05437.01,7881464,0.0,CANDIDATE,CANDIDATE,0.26403892
candidate_1453,K01964.01,7887791,0.0,CANDIDATE,CANDIDATE,0.1298123
candidate_1454,K05440.01,7888863,1.0,CANDIDATE,CANDIDATE,0.50430155
candidate_1455,K04699.01,7891294,0.0,CANDIDATE,CANDIDATE,0.11660235
candidate_1456,K02683.01,7899070,1.0,CANDIDATE,CANDIDATE,0.8843366
candidate_1457,K04257.01,7901016,1.0,CANDIDATE,CANDIDATE,0.81972843
candidate_1458,K03236.01,7902003,1.0,CANDIDATE,CANDIDATE,0.9011869
candidate_1459,K06931.01,7902204,0.0,CANDIDATE,CANDIDATE,0.1946207
candidate_1460,K04582.01,7905106,0.0,CANDIDATE,CANDIDATE,0.29340914
candidate_1461,K00686.01,7906882,0.0,CANDIDATE,CANDIDATE,0.14997219
candidate_1462,K04773.01,7906892,1.0,CANDIDATE,CANDIDATE,0.765616
candidate_1463,K04773.02,7906892,1.0,CANDIDATE,CANDIDATE,0.84846115
candidate_1464,K04109.01,7907808,0.0,CANDIDATE,CANDIDATE,0.25971514
candidate_1465,K05446.01,7917068,0.0,CANDIDATE,CANDIDATE,0.21656297
candidate_1466,K04209.01,7918478,0.0,CANDIDATE,CANDIDATE,0.1675831
candidate_1467,K02984.01,7918652,1.0,CANDIDATE,CANDIDATE,0.75222003
candidate_1468,K01581.01,7939330,1.0,CANDIDATE,CONFIRMED,0.93809724
candidate_1469,K06934.01,7939761,1.0,CANDIDATE,CANDIDATE,0.59471387
candidate_1470,K04759.01,7949593,1.0,CANDIDATE,CANDIDATE,0.66147166
candidate_1471,K05451.01,7950158,1.0,CANDIDATE,CANDIDATE,0.7483377
candidate_1472,K07859.01,7954278,0.0,CANDIDATE,CANDIDATE,0.1273866
candidate_1473,K06168.01,7974634,0.0,CANDIDATE,CANDIDATE,0.17009142
candidate_1474,K06168.02,7974634,0.0,CANDIDATE,CANDIDATE,0.401812
candidate_1475,K00687.01,7976520,0.0,CANDIDATE,CANDIDATE,0.23291358
candidate_1476,K05455.01,7979297,0.0,CANDIDATE,CANDIDATE,0.41843745
candidate_1477,K03214.01,7983117,1.0,CANDIDATE,CONFIRMED,0.71442264
candidate_1478,K03214.02,7983117,1.0,CANDIDATE,CANDIDATE,0.54919064
candidate_1479,K01552.01,7984047,0.0,CANDIDATE,CANDIDATE,0.19472927
candidate_1480,K02400.01,7984574,1.0,CANDIDATE,CANDIDATE,0.88717777
candidate_1481,K05457.01,8005002,0.0,CANDIDATE,CANDIDATE,0.2719957
candidate_1482,K05458.01,8007174,1.0,CANDIDATE,CANDIDATE,0.8916509
candidate_1483,K06949.01,8007675,0.0,CANDIDATE,CANDIDATE,0.40842515
candidate_1484,K00316.03,8008067,1.0,CANDIDATE,CONFIRMED,0.9388517
candidate_1485,K05459.01,8009811,0.0,CANDIDATE,CANDIDATE,0.20744193
candidate_1486,K00901.01,8013419,1.0,CANDIDATE,CANDIDATE,0.5468883
candidate_1487,K05461.01,8016650,0.0,CANDIDATE,CANDIDATE,0.18723337
candidate_1488,K06954.01,8016692,1.0,CANDIDATE,CANDIDATE,0.8502525
candidate_1489,K00902.01,8018547,1.0,CANDIDATE,CANDIDATE,0.6806228
candidate_1490,K08272.01,8022520,1.0,CANDIDATE,CANDIDATE,0.8556296
candidate_1491,K05467.01,8040308,0.0,CANDIDATE,CANDIDATE,0.28012386
candidate_1492,K05468.01,8040457,1.0,CANDIDATE,CANDIDATE,0.74254656
candidate_1493,K06957.01,8042644,0.0,CANDIDATE,CANDIDATE,0.14520998
candidate_1494,K00460.02,8043638,0.0,CANDIDATE,CANDIDATE,0.11322355
candidate_1495,K05470.01,8044083,0.0,CANDIDATE,CANDIDATE,0.35105267
candidate_1496,K01560.01,8046659,0.0,CANDIDATE,CANDIDATE,0.44855183
candidate_1497,K01549.01,8053552,0.0,CANDIDATE,CANDIDATE,0.18487507
candidate_1498,K04776.01,8054719,1.0,CANDIDATE,CANDIDATE,0.8661587
candidate_1499,K02486.01,8074328,1.0,CANDIDATE,CANDIDATE,0.9420872
candidate_1500,K05472.01,8076215,1.0,CANDIDATE,CANDIDATE,0.54329467
candidate_1501,K06960.01,8091197,0.0,CANDIDATE,CANDIDATE,0.35480568
candidate_1502,K04881.01,8094120,1.0,CANDIDATE,CANDIDATE,0.808361
candidate_1503,K05473.01,8094942,0.0,CANDIDATE,CANDIDATE,0.1463277
candidate_1504,K07587.01,8096395,0.0,CANDIDATE,CANDIDATE,0.19988891
candidate_1505,K04487.01,8098212,0.0,CANDIDATE,CANDIDATE,0.1042868
candidate_1506,K06966.01,8098960,0.0,CANDIDATE,CANDIDATE,0.18830374
candidate_1507,K05474.01,8099517,0.0,CANDIDATE,CANDIDATE,0.19509639
candidate_1508,K05475.02,8105398,1.0,CANDIDATE,CANDIDATE,0.778845
candidate_1509,K05476.01,8105719,1.0,CANDIDATE,CANDIDATE,0.65725267
candidate_1510,K07863.01,8107150,0.0,CANDIDATE,CANDIDATE,0.11011234
candidate_1511,K04656.01,8107611,1.0,CANDIDATE,CANDIDATE,0.72663134
candidate_1512,K07865.01,8110757,0.0,CANDIDATE,CANDIDATE,0.08792603
candidate_1513,K06970.01,8115647,1.0,CANDIDATE,CANDIDATE,0.66609836
candidate_1514,K06971.01,8120820,1.0,CANDIDATE,CANDIDATE,0.8711195
candidate_1515,K00317.02,8121310,1.0,CANDIDATE,CANDIDATE,0.8261882
candidate_1516,K03486.01,8121328,1.0,CANDIDATE,CANDIDATE,0.7567169
candidate_1517,K05479.01,8125917,1.0,CANDIDATE,CANDIDATE,0.8183172
candidate_1518,K05480.01,8129333,0.0,CANDIDATE,CANDIDATE,0.22867292
candidate_1519,K06978.01,8145958,0.0,CANDIDATE,CANDIDATE,0.40602592
candidate_1520,K06980.01,8155654,0.0,CANDIDATE,CANDIDATE,0.33417833
candidate_1521,K01015.03,8158127,1.0,CANDIDATE,CANDIDATE,0.8866707
candidate_1522,K05482.01,8158429,1.0,CANDIDATE,CANDIDATE,0.7378597
candidate_1523,K01858.02,8160953,1.0,CANDIDATE,CANDIDATE,0.6377929
candidate_1524,K00521.01,8162789,1.0,CANDIDATE,CONFIRMED,0.8224651
candidate_1525,K00521.02,8162789,0.0,CANDIDATE,CANDIDATE,0.27939066
candidate_1526,K06172.01,8163784,0.0,CANDIDATE,CANDIDATE,0.15013957
candidate_1527,K06173.01,8165617,0.0,CANDIDATE,CANDIDATE,0.27823958
candidate_1528,K06983.01,8167504,1.0,CANDIDATE,CANDIDATE,0.851453
candidate_1529,K02209.02,8168187,1.0,CANDIDATE,CANDIDATE,0.8329747
candidate_1530,K07589.01,8168509,0.0,CANDIDATE,CANDIDATE,0.035929225
candidate_1531,K02720.01,8176564,1.0,CANDIDATE,CANDIDATE,0.91811717
candidate_1532,K06985.01,8180290,1.0,CANDIDATE,CANDIDATE,0.69788253
candidate_1533,K07870.01,8182107,1.0,CANDIDATE,CANDIDATE,0.54437876
candidate_1534,K02480.01,8189801,0.0,CANDIDATE,CANDIDATE,0.4974351
candidate_1535,K04634.01,8196226,1.0,CANDIDATE,CANDIDATE,0.8334272
candidate_1536,K05485.01,8197176,1.0,CANDIDATE,CANDIDATE,0.70609516
candidate_1537,K05486.01,8197406,1.0,CANDIDATE,CANDIDATE,0.92885435
candidate_1538,K03123.01,8197793,1.0,CANDIDATE,CANDIDATE,0.79755706
candidate_1539,K02593.02,8212002,0.0,CANDIDATE,CANDIDATE,0.39355844
candidate_1540,K04838.01,8216763,1.0,CANDIDATE,CANDIDATE,0.8761705
candidate_1541,K04838.02,8216763,1.0,CANDIDATE,CANDIDATE,0.7837622
candidate_1542,K04838.03,8216763,0.0,CANDIDATE,CANDIDATE,0.39408305
candidate_1543,K01920.02,8218379,1.0,CANDIDATE,CANDIDATE,0.769744
candidate_1544,K07873.01,8222395,1.0,CANDIDATE,CANDIDATE,0.9179716
candidate_1545,K04098.01,8222627,0.0,CANDIDATE,CANDIDATE,0.3166025
candidate_1546,K05487.01,8223445,1.0,CANDIDATE,CANDIDATE,0.8304708
candidate_1547,K06176.01,8223568,1.0,CANDIDATE,CANDIDATE,0.5588642
candidate_1548,K06176.02,8223568,0.0,CANDIDATE,CANDIDATE,0.06008633
candidate_1549,K01910.02,8226050,1.0,CANDIDATE,CANDIDATE,0.68343556
candidate_1550,K06993.01,8227086,1.0,CANDIDATE,CANDIDATE,0.5938971
candidate_1551,K06994.01,8227464,0.0,CANDIDATE,CANDIDATE,0.46856517
candidate_1552,K04834.01,8233326,1.0,CANDIDATE,CANDIDATE,0.6291781
candidate_1553,K02474.01,8240617,0.0,CANDIDATE,CANDIDATE,0.34837
candidate_1554,K04426.01,8240790,1.0,CANDIDATE,CANDIDATE,0.5227483
candidate_1555,K01070.03,8240904,0.0,CANDIDATE,CANDIDATE,0.06161004
candidate_1556,K03020.01,8241079,1.0,CANDIDATE,CANDIDATE,0.9543486
candidate_1557,K07875.01,8242769,1.0,CANDIDATE,CANDIDATE,0.8011091
candidate_1558,K02569.01,8247770,1.0,CANDIDATE,CANDIDATE,0.88273495
candidate_1559,K07002.01,8248103,1.0,CANDIDATE,CANDIDATE,0.9422706
candidate_1560,K07003.01,8256882,1.0,CANDIDATE,CANDIDATE,0.69619745
candidate_1561,K02935.01,8259713,1.0,CANDIDATE,CANDIDATE,0.88270706
candidate_1562,K01066.01,8260218,0.0,CANDIDATE,CANDIDATE,0.20234516
candidate_1563,K02174.01,8261920,1.0,CANDIDATE,CANDIDATE,0.74826825
candidate_1564,K02174.04,8261920,1.0,CANDIDATE,CANDIDATE,0.64668703
candidate_1565,K07878.01,8263187,1.0,CANDIDATE,CANDIDATE,0.88415605
candidate_1566,K04037.01,8264402,0.0,CANDIDATE,CANDIDATE,0.28132215
candidate_1567,K00522.01,8265218,1.0,CANDIDATE,CANDIDATE,0.923958
candidate_1568,K01731.01,8266276,1.0,CANDIDATE,CANDIDATE,0.6475201
candidate_1569,K04799.01,8278073,1.0,CANDIDATE,CANDIDATE,0.8760163
candidate_1570,K04435.01,8278685,1.0,CANDIDATE,CANDIDATE,0.8266422
candidate_1571,K04435.02,8278685,1.0,CANDIDATE,CANDIDATE,0.91945046
candidate_1572,K05497.01,8279146,1.0,CANDIDATE,CANDIDATE,0.82800335
candidate_1573,K01151.04,8280511,0.0,CANDIDATE,CANDIDATE,0.48295492
candidate_1574,K01151.05,8280511,1.0,CANDIDATE,CANDIDATE,0.6889762
candidate_1575,K02193.02,8282651,1.0,CANDIDATE,CANDIDATE,0.7091104
candidate_1576,K07007.01,8283875,1.0,CANDIDATE,CANDIDATE,0.82372826
candidate_1577,K05499.01,8294683,1.0,CANDIDATE,CANDIDATE,0.88524103
candidate_1578,K05500.01,8295087,0.0,CANDIDATE,CANDIDATE,0.13531011
candidate_1579,K07879.01,8297017,0.0,CANDIDATE,CANDIDATE,0.36238417
candidate_1580,K07591.01,8297319,1.0,CANDIDATE,CANDIDATE,0.7028213
candidate_1581,K03301.01,8301878,1.0,CANDIDATE,CANDIDATE,0.9402402
candidate_1582,K05502.01,8307489,0.0,CANDIDATE,CANDIDATE,0.09809565
candidate_1583,K03761.01,8308347,0.0,CANDIDATE,CANDIDATE,0.14722456
candidate_1584,K07880.01,8308516,0.0,CANDIDATE,CANDIDATE,0.13081752
candidate_1585,K01145.01,8313667,1.0,CANDIDATE,CANDIDATE,0.89172447
candidate_1586,K04846.01,8320630,1.0,CANDIDATE,CANDIDATE,0.52617633
candidate_1587,K04846.02,8320630,1.0,CANDIDATE,CANDIDATE,0.8958813
candidate_1588,K03767.01,8323764,1.0,CANDIDATE,CANDIDATE,0.7327166
candidate_1589,K04393.01,8324518,0.0,CANDIDATE,CANDIDATE,0.2688979
candidate_1590,K02680.01,8326342,1.0,CANDIDATE,CANDIDATE,0.8409104
candidate_1591,K04790.01,8328916,1.0,CANDIDATE,CANDIDATE,0.7392406
candidate_1592,K08275.01,8329346,0.0,CANDIDATE,CANDIDATE,0.30339047
candidate_1593,K04390.01,8330207,0.0,CANDIDATE,CANDIDATE,0.19769119
candidate_1594,K03318.02,8331612,1.0,CANDIDATE,CANDIDATE,0.77190894
candidate_1595,K04567.01,8332521,1.0,CANDIDATE,CANDIDATE,0.8746992
candidate_1596,K04567.02,8332521,0.0,CANDIDATE,CANDIDATE,0.26808652
candidate_1597,K04399.01,8345384,1.0,CANDIDATE,CANDIDATE,0.7508603
candidate_1598,K04763.01,8349399,1.0,CANDIDATE,CANDIDATE,0.9114734
candidate_1599,K05506.01,8352009,0.0,CANDIDATE,CANDIDATE,0.26981893
candidate_1600,K04711.01,8355131,1.0,CANDIDATE,CANDIDATE,0.6102457
candidate_1601,K06178.01,8355178,1.0,CANDIDATE,CANDIDATE,0.7720336
candidate_1602,K06178.02,8355178,1.0,CANDIDATE,CANDIDATE,0.7122201
candidate_1603,K04667.01,8359569,0.0,CANDIDATE,CANDIDATE,0.23597793
candidate_1604,K04854.01,8360041,0.0,CANDIDATE,CANDIDATE,0.3141729
candidate_1605,K07023.01,8362974,0.0,CANDIDATE,CANDIDATE,0.09593575
candidate_1606,K07882.01,8364232,1.0,CANDIDATE,CANDIDATE,0.69140214
candidate_1607,K03722.01,8365739,0.0,CANDIDATE,CANDIDATE,0.030307606
candidate_1608,K06179.01,8374077,0.0,CANDIDATE,CANDIDATE,0.4305882
candidate_1609,K04007.01,8376848,1.0,CANDIDATE,CANDIDATE,0.849737
candidate_1610,K05509.01,8378278,0.0,CANDIDATE,CANDIDATE,0.23618701
candidate_1611,K07884.01,8391983,1.0,CANDIDATE,CANDIDATE,0.60048133
candidate_1612,K07032.01,8394475,0.0,CANDIDATE,CANDIDATE,0.38928112
candidate_1613,K05511.01,8395870,0.0,CANDIDATE,CANDIDATE,0.47313458
candidate_1614,K05512.01,8396288,0.0,CANDIDATE,CANDIDATE,0.059230056
candidate_1615,K01733.01,8396405,1.0,CANDIDATE,CANDIDATE,0.9409261
candidate_1616,K04407.01,8396660,0.0,CANDIDATE,CANDIDATE,0.13620643
candidate_1617,K04772.01,8397947,0.0,CANDIDATE,CANDIDATE,0.23419537
candidate_1618,K05514.01,8415353,1.0,CANDIDATE,CANDIDATE,0.5387398
candidate_1619,K07592.01,8423344,0.0,CANDIDATE,CANDIDATE,0.13808839
candidate_1620,K05515.01,8429817,1.0,CANDIDATE,CANDIDATE,0.91165507
candidate_1621,K04603.01,8430053,1.0,CANDIDATE,CANDIDATE,0.8173702
candidate_1622,K05517.01,8432249,0.0,CANDIDATE,CANDIDATE,0.1639252
candidate_1623,K05518.01,8439618,0.0,CANDIDATE,CANDIDATE,0.29132625
candidate_1624,K08156.01,8439949,0.0,CANDIDATE,CANDIDATE,0.1371976
candidate_1625,K07040.01,8442795,0.0,CANDIDATE,CANDIDATE,0.48110223
candidate_1626,K03197.01,8443527,0.0,CANDIDATE,CANDIDATE,0.26279122
candidate_1627,K07041.01,8443812,1.0,CANDIDATE,CANDIDATE,0.540031
candidate_1628,K07593.01,8444868,0.0,CANDIDATE,CANDIDATE,0.12568705
candidate_1629,K00102.01,8456679,1.0,CANDIDATE,CONFIRMED,0.790282
candidate_1630,K00102.02,8456679,1.0,CANDIDATE,CONFIRMED,0.6662131
candidate_1631,K04247.01,8482059,0.0,CANDIDATE,CANDIDATE,0.29683363
candidate_1632,K07888.01,8488381,1.0,CANDIDATE,CANDIDATE,0.79011625
candidate_1633,K07889.01,8489260,0.0,CANDIDATE,CANDIDATE,0.2412613
candidate_1634,K04505.01,8493354,1.0,CANDIDATE,CANDIDATE,0.8490009
candidate_1635,K01255.01,8494263,0.0,CANDIDATE,CANDIDATE,0.29885593
candidate_1636,K06180.01,8494783,0.0,CANDIDATE,CANDIDATE,0.25036395
candidate_1637,K06180.02,8494783,0.0,CANDIDATE,CANDIDATE,0.42448965
candidate_1638,K00099.01,8505215,0.0,CANDIDATE,CANDIDATE,0.20190227
candidate_1639,K05528.01,8507586,0.0,CANDIDATE,CANDIDATE,0.3328685
candidate_1640,K02992.01,8509442,0.0,CANDIDATE,CANDIDATE,0.20130353
candidate_1641,K05532.01,8525101,1.0,CANDIDATE,CANDIDATE,0.7012777
candidate_1642,K05533.01,8525286,1.0,CANDIDATE,CANDIDATE,0.7276805
candidate_1643,K08157.01,8527297,1.0,CANDIDATE,CANDIDATE,0.7603268
candidate_1644,K03073.01,8546542,1.0,CANDIDATE,CANDIDATE,0.90332085
candidate_1645,K05536.01,8547213,0.0,CANDIDATE,CANDIDATE,0.14821157
candidate_1646,K05539.01,8547537,1.0,CANDIDATE,CANDIDATE,0.852715
candidate_1647,K05541.01,8548454,0.0,CANDIDATE,CANDIDATE,0.12000403
candidate_1648,K00914.01,8552202,1.0,CANDIDATE,CANDIDATE,0.9181782
candidate_1649,K00005.01,8554498,0.0,CANDIDATE,CANDIDATE,0.45750248
candidate_1650,K07894.01,8555967,0.0,CANDIDATE,CANDIDATE,0.18217905
candidate_1651,K05545.01,8570210,0.0,CANDIDATE,CANDIDATE,0.4223735
candidate_1652,K05546.01,8571421,0.0,CANDIDATE,CANDIDATE,0.33616593
candidate_1653,K05547.01,8574794,1.0,CANDIDATE,CANDIDATE,0.7105961
candidate_1654,K03111.01,8581240,1.0,CANDIDATE,CANDIDATE,0.7436881
candidate_1655,K03111.02,8581240,0.0,CANDIDATE,CANDIDATE,0.093898594
candidate_1656,K06182.01,8590149,1.0,CANDIDATE,CANDIDATE,0.7685222
candidate_1657,K06182.02,8590149,0.0,CANDIDATE,CANDIDATE,0.18156108
candidate_1658,K08159.02,8608544,0.0,CANDIDATE,CANDIDATE,0.4948353
candidate_1659,K07069.01,8613446,0.0,CANDIDATE,CANDIDATE,0.21055557
candidate_1660,K02263.03,8613535,1.0,CANDIDATE,CANDIDATE,0.8107916
candidate_1661,K05550.01,8613769,0.0,CANDIDATE,CANDIDATE,0.27133438
candidate_1662,K01251.01,8616873,0.0,CANDIDATE,CANDIDATE,0.044785585
candidate_1663,K01250.02,8620565,0.0,CANDIDATE,CANDIDATE,0.049322452
candidate_1664,K01816.01,8624520,1.0,CANDIDATE,CANDIDATE,0.7688956
candidate_1665,K07072.01,8624860,1.0,CANDIDATE,CANDIDATE,0.87773
candidate_1666,K07073.01,8625408,0.0,CANDIDATE,CANDIDATE,0.16253982
candidate_1667,K04775.01,8626325,0.0,CANDIDATE,CANDIDATE,0.32785782
candidate_1668,K03434.01,8628665,1.0,CANDIDATE,CANDIDATE,0.6566984
candidate_1669,K04580.01,8628761,1.0,CANDIDATE,CANDIDATE,0.90182465
candidate_1670,K01271.01,8631160,0.0,CANDIDATE,CANDIDATE,0.26869243
candidate_1671,K02453.01,8631751,1.0,CANDIDATE,CANDIDATE,0.85415626
candidate_1672,K02656.01,8636539,1.0,CANDIDATE,CANDIDATE,0.6413346
candidate_1673,K08276.01,8637903,0.0,CANDIDATE,CANDIDATE,0.23460585
candidate_1674,K02700.01,8639908,0.0,CANDIDATE,CANDIDATE,0.24521738
candidate_1675,K03384.01,8644365,1.0,CANDIDATE,CANDIDATE,0.8597308
candidate_1676,K05552.01,8644545,1.0,CANDIDATE,CANDIDATE,0.80978376
candidate_1677,K05553.01,8644911,1.0,CANDIDATE,CANDIDATE,0.6764763
candidate_1678,K05554.01,8652997,1.0,CANDIDATE,CANDIDATE,0.7201402
candidate_1679,K05556.01,8656535,0.0,CANDIDATE,CANDIDATE,0.29853565
candidate_1680,K08277.01,8673511,0.0,CANDIDATE,CANDIDATE,0.16134028
candidate_1681,K07903.01,8677057,0.0,CANDIDATE,CANDIDATE,0.24271862
candidate_1682,K07596.01,8682094,0.0,CANDIDATE,CANDIDATE,0.050433557
candidate_1683,K00319.01,8684730,0.0,CANDIDATE,CANDIDATE,0.32737175
candidate_1684,K07074.01,8686442,1.0,CANDIDATE,CANDIDATE,0.8022695
candidate_1685,K07076.01,8693536,1.0,CANDIDATE,CANDIDATE,0.8903826
candidate_1686,K03042.01,8695311,1.0,CANDIDATE,CANDIDATE,0.8409379
candidate_1687,K04523.01,8700895,1.0,CANDIDATE,CANDIDATE,0.90216357
candidate_1688,K07905.01,8702537,1.0,CANDIDATE,CANDIDATE,0.6068807
candidate_1689,K02758.01,8703129,0.0,CANDIDATE,CANDIDATE,0.06513681
candidate_1690,K08163.01,8708961,0.0,CANDIDATE,CANDIDATE,0.36614615
candidate_1691,K03019.02,8709688,0.0,CANDIDATE,CANDIDATE,0.27766526
candidate_1692,K05563.01,8715589,1.0,CANDIDATE,CANDIDATE,0.6081745
candidate_1693,K05566.01,8741367,0.0,CANDIDATE,CANDIDATE,0.18331107
candidate_1694,K04251.01,8741470,1.0,CANDIDATE,CANDIDATE,0.8715596
candidate_1695,K05570.01,8747910,1.0,CANDIDATE,CANDIDATE,0.7056649
candidate_1696,K04730.01,8752940,1.0,CANDIDATE,CANDIDATE,0.80672264
candidate_1697,K02963.02,8760040,1.0,CANDIDATE,CANDIDATE,0.7124017
candidate_1698,K07088.01,8760760,1.0,CANDIDATE,CANDIDATE,0.74113214
candidate_1699,K03891.01,8765560,1.0,CANDIDATE,CANDIDATE,0.87702185
candidate_1700,K04301.02,8773015,1.0,CANDIDATE,CANDIDATE,0.92529356
candidate_1701,K03741.02,8780959,0.0,CANDIDATE,CANDIDATE,0.1964099
candidate_1702,K03741.04,8780959,1.0,CANDIDATE,CONFIRMED,0.81379765
candidate_1703,K04904.01,8803757,1.0,CANDIDATE,CANDIDATE,0.8246989
candidate_1704,K01276.01,8804283,1.0,CANDIDATE,CONFIRMED,0.9004639
candidate_1705,K01276.02,8804283,1.0,CANDIDATE,CONFIRMED,0.91425353
candidate_1706,K02159.01,8804455,1.0,CANDIDATE,CANDIDATE,0.80993485
candidate_1707,K04588.01,8806985,1.0,CANDIDATE,CANDIDATE,0.6969006
candidate_1708,K07093.01,8807057,1.0,CANDIDATE,CANDIDATE,0.53773856
candidate_1709,K05572.01,8807988,1.0,CANDIDATE,CANDIDATE,0.78310806
candidate_1710,K04811.01,8811490,0.0,CANDIDATE,CANDIDATE,0.43026322
candidate_1711,K03481.01,8812045,1.0,CANDIDATE,CANDIDATE,0.87141675
candidate_1712,K01268.01,8813698,0.0,CANDIDATE,CANDIDATE,0.19852054
candidate_1713,K05574.01,8814872,0.0,CANDIDATE,CANDIDATE,0.34169355
candidate_1714,K07094.01,8815279,1.0,CANDIDATE,CANDIDATE,0.8840499
candidate_1715,K06188.01,8822421,0.0,CANDIDATE,CANDIDATE,0.031583387
candidate_1716,K03052.01,8827575,1.0,CANDIDATE,CANDIDATE,0.818248
candidate_1717,K03052.02,8827575,0.0,CANDIDATE,CONFIRMED,0.31667092
candidate_1718,K03801.01,8827930,0.0,CANDIDATE,CANDIDATE,0.15813532
candidate_1719,K02508.01,8836888,1.0,CANDIDATE,CANDIDATE,0.92499757
candidate_1720,K02421.01,8838950,1.0,CANDIDATE,CANDIDATE,0.7189009
candidate_1721,K02421.02,8838950,1.0,CANDIDATE,CANDIDATE,0.5735298
candidate_1722,K05577.01,8841297,1.0,CANDIDATE,CANDIDATE,0.62335914
candidate_1723,K07099.01,8845552,1.0,CANDIDATE,CANDIDATE,0.63490516
candidate_1724,K05578.01,8868481,0.0,CANDIDATE,CANDIDATE,0.20598464
candidate_1725,K02323.01,8872048,0.0,CANDIDATE,CANDIDATE,0.2694347
candidate_1726,K02968.01,8873090,1.0,CANDIDATE,CANDIDATE,0.8216829
candidate_1727,K07913.01,8873450,1.0,CANDIDATE,CONFIRMED,0.84294426
candidate_1728,K08174.01,8873873,1.0,CANDIDATE,CANDIDATE,0.80826944
candidate_1729,K01404.02,8874090,1.0,CANDIDATE,CANDIDATE,0.86290675
candidate_1730,K07915.01,8880317,0.0,CANDIDATE,CANDIDATE,0.18746884
candidate_1731,K07106.01,8881169,0.0,CANDIDATE,CANDIDATE,0.3747494
candidate_1732,K05579.01,8888745,0.0,CANDIDATE,CANDIDATE,0.40166304
candidate_1733,K05580.01,8890417,0.0,CANDIDATE,CANDIDATE,0.42204157
candidate_1734,K04269.01,8890924,1.0,CANDIDATE,CONFIRMED,0.8584475
candidate_1735,K04269.02,8890924,1.0,CANDIDATE,CANDIDATE,0.5141908
candidate_1736,K02224.02,8892157,1.0,CANDIDATE,CANDIDATE,0.52028227
candidate_1737,K02641.01,8894646,1.0,CANDIDATE,CANDIDATE,0.59941614
candidate_1738,K03473.01,8905246,1.0,CANDIDATE,CANDIDATE,0.85549766
candidate_1739,K05583.01,8915379,1.0,CANDIDATE,CANDIDATE,0.72382605
candidate_1740,K04009.02,8934103,1.0,CANDIDATE,CANDIDATE,0.8548955
candidate_1741,K05585.01,8937555,0.0,CANDIDATE,CANDIDATE,0.3153804
candidate_1742,K05588.01,8946267,0.0,CANDIDATE,CANDIDATE,0.12165894
candidate_1743,K02972.01,8949925,1.0,CANDIDATE,CANDIDATE,0.701112
candidate_1744,K02972.02,8949925,1.0,CANDIDATE,CANDIDATE,0.85982776
candidate_1745,K00924.01,8951215,1.0,CANDIDATE,CANDIDATE,0.90917385
candidate_1746,K07111.01,8953278,0.0,CANDIDATE,CANDIDATE,0.15667409
candidate_1747,K07116.01,8958811,0.0,CANDIDATE,CANDIDATE,0.18685037
candidate_1748,K07117.01,8958939,0.0,CANDIDATE,CANDIDATE,0.3005047
candidate_1749,K07117.02,8958939,1.0,CANDIDATE,CANDIDATE,0.600382
candidate_1750,K05591.01,8959240,0.0,CANDIDATE,CANDIDATE,0.4635403
candidate_1751,K05592.01,8971044,0.0,CANDIDATE,CANDIDATE,0.12873997
candidate_1752,K04782.01,8973285,1.0,CANDIDATE,CANDIDATE,0.85873556
candidate_1753,K04782.02,8973285,0.0,CANDIDATE,CANDIDATE,0.16614154
candidate_1754,K03196.01,9002538,1.0,CANDIDATE,CANDIDATE,0.87617725
candidate_1755,K03196.02,9002538,1.0,CANDIDATE,CANDIDATE,0.71562034
candidate_1756,K04848.01,9005321,1.0,CANDIDATE,CANDIDATE,0.7923455
candidate_1757,K02169.04,9006186,0.0,CANDIDATE,CANDIDATE,0.32613516
candidate_1758,K04583.01,9007151,1.0,CANDIDATE,CANDIDATE,0.72411805
candidate_1759,K03283.02,9008103,1.0,CANDIDATE,CANDIDATE,0.82009363
candidate_1760,K03283.03,9008103,1.0,CANDIDATE,CANDIDATE,0.6974353
candidate_1761,K00466.01,9008220,1.0,CANDIDATE,CANDIDATE,0.8963927
candidate_1762,K05597.01,9011877,1.0,CANDIDATE,CANDIDATE,0.81806153
candidate_1763,K08279.01,9011955,0.0,CANDIDATE,CANDIDATE,0.16677047
candidate_1764,K05598.01,9012244,0.0,CANDIDATE,CANDIDATE,0.14579324
candidate_1765,K01616.02,9015738,0.0,CANDIDATE,CANDIDATE,0.1543627
candidate_1766,K01630.01,9017682,1.0,CANDIDATE,CANDIDATE,0.9086334
candidate_1767,K05600.01,9018021,1.0,CANDIDATE,CANDIDATE,0.8860306
candidate_1768,K02604.01,9019191,1.0,CANDIDATE,CANDIDATE,0.89585316
candidate_1769,K03088.02,9020114,1.0,CANDIDATE,CANDIDATE,0.6513345
candidate_1770,K07125.01,9025739,1.0,CANDIDATE,CANDIDATE,0.91237533
candidate_1771,K05602.01,9026007,0.0,CANDIDATE,CANDIDATE,0.14828384
candidate_1772,K05603.01,9026248,0.0,CANDIDATE,CANDIDATE,0.10188939
candidate_1773,K02564.02,9026749,1.0,CANDIDATE,CANDIDATE,0.6189164
candidate_1774,K04520.01,9031703,1.0,CANDIDATE,CANDIDATE,0.74312156
candidate_1775,K00134.01,9032900,0.0,CANDIDATE,CONFIRMED,0.19793002
candidate_1776,K07920.01,9043947,0.0,CANDIDATE,CANDIDATE,0.20539995
candidate_1777,K05604.01,9044060,0.0,CANDIDATE,CANDIDATE,0.3770053
candidate_1778,K05605.01,9047416,1.0,CANDIDATE,CANDIDATE,0.75579536
candidate_1779,K02257.02,9071593,0.0,CANDIDATE,CONFIRMED,0.33027172
candidate_1780,K04198.01,9072639,0.0,CANDIDATE,CANDIDATE,0.067694046
candidate_1781,K05608.01,9073549,0.0,CANDIDATE,CANDIDATE,0.38982114
candidate_1782,K05609.01,9079671,1.0,CANDIDATE,CANDIDATE,0.54557973
candidate_1783,K05610.01,9079767,1.0,CANDIDATE,CANDIDATE,0.7345785
candidate_1784,K07923.01,9084569,1.0,CANDIDATE,CANDIDATE,0.6992306
candidate_1785,K01631.01,9084778,0.0,CANDIDATE,CANDIDATE,0.0311375
candidate_1786,K07129.01,9085039,1.0,CANDIDATE,CANDIDATE,0.5295933
candidate_1787,K04060.01,9086154,0.0,CANDIDATE,CANDIDATE,0.16047323
candidate_1788,K07924.01,9087580,0.0,CANDIDATE,CANDIDATE,0.4553366
candidate_1789,K05612.01,9087853,1.0,CANDIDATE,CANDIDATE,0.6610266
candidate_1790,K02640.01,9088780,0.0,CANDIDATE,CANDIDATE,0.38341683
candidate_1791,K06191.01,9093086,1.0,CANDIDATE,CANDIDATE,0.82292604
candidate_1792,K06191.02,9093086,1.0,CANDIDATE,CANDIDATE,0.7630187
candidate_1793,K05613.01,9097470,1.0,CANDIDATE,CANDIDATE,0.91215134
candidate_1794,K07925.01,9099607,1.0,CANDIDATE,CANDIDATE,0.7876813
candidate_1795,K07133.01,9099773,1.0,CANDIDATE,CANDIDATE,0.5436891
candidate_1796,K01399.01,9100484,1.0,CANDIDATE,CANDIDATE,0.90967196
candidate_1797,K04500.02,9100953,0.0,CANDIDATE,CONFIRMED,0.38813528
candidate_1798,K04500.03,9100953,1.0,CANDIDATE,CANDIDATE,0.7782737
candidate_1799,K02833.01,9109857,0.0,CANDIDATE,CANDIDATE,0.39621347
candidate_1800,K04839.01,9110610,1.0,CANDIDATE,CANDIDATE,0.8057946
candidate_1801,K02042.01,9111849,1.0,CANDIDATE,CANDIDATE,0.9283926
candidate_1802,K05616.01,9114614,0.0,CANDIDATE,CANDIDATE,0.11693088
candidate_1803,K05618.01,9116510,0.0,CANDIDATE,CANDIDATE,0.48285806
candidate_1804,K03425.02,9117416,0.0,CANDIDATE,CONFIRMED,0.1046833
candidate_1805,K03425.03,9117416,1.0,CANDIDATE,CANDIDATE,0.83335423
candidate_1806,K00525.01,9119458,1.0,CANDIDATE,CANDIDATE,0.90648335
candidate_1807,K00928.01,9140402,1.0,CANDIDATE,CANDIDATE,0.92253083
candidate_1808,K07928.01,9142714,1.0,CANDIDATE,CANDIDATE,0.52741766
candidate_1809,K06194.01,9145861,1.0,CANDIDATE,CANDIDATE,0.83582443
candidate_1810,K05625.01,9147012,1.0,CANDIDATE,CANDIDATE,0.93741214
candidate_1811,K05626.01,9147029,0.0,CANDIDATE,CANDIDATE,0.1930225
candidate_1812,K02874.01,9149789,0.0,CANDIDATE,CANDIDATE,0.049590517
candidate_1813,K07136.01,9150870,0.0,CANDIDATE,CANDIDATE,0.13161074
candidate_1814,K06195.01,9153823,0.0,CANDIDATE,CANDIDATE,0.07925004
candidate_1815,K05628.01,9157030,0.0,CANDIDATE,CANDIDATE,0.45209664
candidate_1816,K05629.01,9157523,0.0,CANDIDATE,CANDIDATE,0.3275875
candidate_1817,K08280.01,9159288,0.0,CANDIDATE,CANDIDATE,0.28387058
candidate_1818,K05632.01,9166700,1.0,CANDIDATE,CANDIDATE,0.8089049
candidate_1819,K05633.01,9173014,1.0,CANDIDATE,CANDIDATE,0.67123014
candidate_1820,K05635.01,9178894,1.0,CANDIDATE,CANDIDATE,0.74571157
candidate_1821,K01393.01,9202151,1.0,CANDIDATE,CANDIDATE,0.7111282
candidate_1822,K04253.01,9202434,0.0,CANDIDATE,CANDIDATE,0.45488042
candidate_1823,K07144.01,9203154,0.0,CANDIDATE,CANDIDATE,0.08512275
candidate_1824,K02162.02,9205938,0.0,CANDIDATE,CONFIRMED,0.45472053
candidate_1825,K05638.01,9209981,0.0,CANDIDATE,CANDIDATE,0.15171252
candidate_1826,K05639.01,9210738,1.0,CANDIDATE,CANDIDATE,0.80795825
candidate_1827,K07930.01,9210820,0.0,CANDIDATE,CANDIDATE,0.36867288
candidate_1828,K05640.01,9214176,1.0,CANDIDATE,CANDIDATE,0.54407716
candidate_1829,K00422.01,9214713,0.0,CANDIDATE,CANDIDATE,0.2583938
candidate_1830,K05642.01,9217583,0.0,CANDIDATE,CANDIDATE,0.3194517
candidate_1831,K05643.01,9220614,0.0,CANDIDATE,CANDIDATE,0.20489535
candidate_1832,K02281.02,9221517,0.0,CANDIDATE,CANDIDATE,0.11271065
candidate_1833,K03355.01,9221528,1.0,CANDIDATE,CANDIDATE,0.8203209
candidate_1834,K07148.01,9221627,0.0,CANDIDATE,CANDIDATE,0.3317337
candidate_1835,K05644.01,9224514,1.0,CANDIDATE,CANDIDATE,0.82877314
candidate_1836,K07931.01,9227215,1.0,CANDIDATE,CANDIDATE,0.8907627
candidate_1837,K05645.01,9229807,0.0,CANDIDATE,CANDIDATE,0.1635319
candidate_1838,K03429.01,9230021,1.0,CANDIDATE,CANDIDATE,0.7460846
candidate_1839,K03429.04,9230021,1.0,CANDIDATE,CANDIDATE,0.89237463
candidate_1840,K03431.01,9267996,1.0,CANDIDATE,CANDIDATE,0.9354208
candidate_1841,K08180.01,9268159,0.0,CANDIDATE,CANDIDATE,0.09246896
candidate_1842,K05649.01,9274092,0.0,CANDIDATE,CANDIDATE,0.41941994
candidate_1843,K04710.01,9278216,1.0,CANDIDATE,CANDIDATE,0.8871495
candidate_1844,K07932.01,9278575,1.0,CANDIDATE,CANDIDATE,0.677739
candidate_1845,K05651.01,9282853,1.0,CANDIDATE,CANDIDATE,0.88049346
candidate_1846,K02657.01,9283156,1.0,CANDIDATE,CANDIDATE,0.60993737
candidate_1847,K03410.02,9285265,1.0,CANDIDATE,CONFIRMED,0.85123324
candidate_1848,K04318.01,9286088,1.0,CANDIDATE,CANDIDATE,0.8192052
candidate_1849,K03114.01,9288237,1.0,CANDIDATE,CANDIDATE,0.90616465
candidate_1850,K02222.01,9289704,1.0,CANDIDATE,CANDIDATE,0.80987495
candidate_1851,K05652.01,9292100,0.0,CANDIDATE,CANDIDATE,0.23211956
candidate_1852,K05653.01,9300066,0.0,CANDIDATE,CANDIDATE,0.30414444
candidate_1853,K07157.01,9301564,1.0,CANDIDATE,CANDIDATE,0.9273563
candidate_1854,K05654.01,9304976,0.0,CANDIDATE,CANDIDATE,0.36582816
candidate_1855,K05656.01,9330740,1.0,CANDIDATE,CANDIDATE,0.7619365
candidate_1856,K05657.01,9334027,0.0,CANDIDATE,CANDIDATE,0.1651951
candidate_1857,K02298.01,9334893,1.0,CANDIDATE,CANDIDATE,0.7893085
candidate_1858,K02298.03,9334893,0.0,CANDIDATE,CANDIDATE,0.46266618
candidate_1859,K07162.01,9340411,0.0,CANDIDATE,CANDIDATE,0.3503442
candidate_1860,K03264.01,9345933,1.0,CANDIDATE,CANDIDATE,0.88547885
candidate_1861,K00935.04,9347899,1.0,CANDIDATE,CANDIDATE,0.8254647
candidate_1862,K03348.02,9349757,1.0,CANDIDATE,CANDIDATE,0.89527696
candidate_1863,K05660.01,9363944,0.0,CANDIDATE,CANDIDATE,0.30719104
candidate_1864,K06202.01,9389245,0.0,CANDIDATE,CANDIDATE,0.15214036
candidate_1865,K07934.01,9390228,1.0,CANDIDATE,CANDIDATE,0.835038
candidate_1866,K05663.01,9391817,1.0,CANDIDATE,CANDIDATE,0.7029835
candidate_1867,K05665.01,9394953,0.0,CANDIDATE,CANDIDATE,0.122660406
candidate_1868,K05666.01,9397862,1.0,CANDIDATE,CANDIDATE,0.52533084
candidate_1869,K07169.01,9397900,1.0,CANDIDATE,CANDIDATE,0.9262054
candidate_1870,K01922.02,9411166,1.0,CANDIDATE,CANDIDATE,0.58699006
candidate_1871,K04700.01,9413156,1.0,CANDIDATE,CANDIDATE,0.8610272
candidate_1872,K04700.02,9413156,0.0,CANDIDATE,CANDIDATE,0.48598537
candidate_1873,K00974.01,9414417,1.0,CANDIDATE,CANDIDATE,0.9213465
candidate_1874,K05671.01,9417931,0.0,CANDIDATE,CANDIDATE,0.1525433
candidate_1875,K06068.01,9418619,0.0,CANDIDATE,CANDIDATE,0.04606455
candidate_1876,K04808.01,9419020,1.0,CANDIDATE,CANDIDATE,0.5899162
candidate_1877,K01411.01,9425139,1.0,CANDIDATE,CANDIDATE,0.5813824
candidate_1878,K01397.01,9427402,1.0,CANDIDATE,CANDIDATE,0.9441056
candidate_1879,K03391.01,9452897,0.0,CANDIDATE,CANDIDATE,0.39153904
candidate_1880,K04207.01,9456281,1.0,CANDIDATE,CANDIDATE,0.5406726
candidate_1881,K05677.01,9456887,1.0,CANDIDATE,CANDIDATE,0.9273361
candidate_1882,K04637.01,9457728,1.0,CANDIDATE,CANDIDATE,0.76212186
candidate_1883,K04694.01,9457948,1.0,CANDIDATE,CANDIDATE,0.68341583
candidate_1884,K07174.01,9458266,0.0,CANDIDATE,CANDIDATE,0.3132352
candidate_1885,K04818.01,9459162,1.0,CANDIDATE,CANDIDATE,0.7725141
candidate_1886,K05680.01,9466486,0.0,CANDIDATE,CANDIDATE,0.17593935
candidate_1887,K08183.01,9468848,1.0,CANDIDATE,CANDIDATE,0.5811156
candidate_1888,K07938.01,9469494,0.0,CANDIDATE,CANDIDATE,0.31507492
candidate_1889,K05681.01,9472328,0.0,CANDIDATE,CANDIDATE,0.3757692
candidate_1890,K05682.01,9472341,1.0,CANDIDATE,CANDIDATE,0.7484013
candidate_1891,K03495.01,9474756,1.0,CANDIDATE,CANDIDATE,0.555226
candidate_1892,K03495.02,9474756,1.0,CANDIDATE,CANDIDATE,0.91227525
candidate_1893,K05684.01,9475697,0.0,CANDIDATE,CANDIDATE,0.15439843
candidate_1894,K00423.02,9478990,0.0,CANDIDATE,CANDIDATE,0.06421802
candidate_1895,K04906.01,9479306,0.0,CANDIDATE,CANDIDATE,0.47709283
candidate_1896,K07179.01,9480398,0.0,CANDIDATE,CANDIDATE,0.2973541
candidate_1897,K05685.01,9481235,1.0,CANDIDATE,CANDIDATE,0.8089893
candidate_1898,K02029.04,9489524,1.0,CANDIDATE,CANDIDATE,0.81475127
candidate_1899,K07180.01,9490342,0.0,CANDIDATE,CANDIDATE,0.24607265
candidate_1900,K04226.01,9491832,1.0,CANDIDATE,CANDIDATE,0.85619086
candidate_1901,K04346.01,9509343,1.0,CANDIDATE,CANDIDATE,0.9189171
candidate_1902,K01466.01,9512981,0.0,CANDIDATE,CANDIDATE,0.13374864
candidate_1903,K07182.01,9513168,1.0,CANDIDATE,CANDIDATE,0.9532744
candidate_1904,K04242.01,9514372,1.0,CANDIDATE,CANDIDATE,0.63292927
candidate_1905,K07940.01,9521317,0.0,CANDIDATE,CANDIDATE,0.42722687
candidate_1906,K05688.01,9532603,0.0,CANDIDATE,CANDIDATE,0.32153758
candidate_1907,K02364.01,9532710,1.0,CANDIDATE,CANDIDATE,0.73288876
candidate_1908,K05689.01,9534832,1.0,CANDIDATE,CANDIDATE,0.69734544
candidate_1909,K03472.01,9536108,1.0,CANDIDATE,CANDIDATE,0.87952363
candidate_1910,K05690.01,9536727,0.0,CANDIDATE,CANDIDATE,0.2690424
candidate_1911,K03132.01,9541295,0.0,CANDIDATE,CANDIDATE,0.41059265
candidate_1912,K04030.02,9551430,0.0,CANDIDATE,CANDIDATE,0.29769775
candidate_1913,K00080.01,9552608,0.0,CANDIDATE,CANDIDATE,0.12686679
candidate_1914,K03313.01,9571186,1.0,CANDIDATE,CANDIDATE,0.76268727
candidate_1915,K02512.01,9574158,1.0,CANDIDATE,CANDIDATE,0.8191351
candidate_1916,K02637.01,9574179,0.0,CANDIDATE,CANDIDATE,0.28453583
candidate_1917,K01745.01,9574614,1.0,CANDIDATE,CANDIDATE,0.5642197
candidate_1918,K05692.01,9575728,1.0,CANDIDATE,CANDIDATE,0.72624785
candidate_1919,K03165.01,9579208,1.0,CANDIDATE,CANDIDATE,0.76617837
candidate_1920,K05694.01,9579606,0.0,CANDIDATE,CANDIDATE,0.45831808
candidate_1921,K00115.03,9579641,0.0,CANDIDATE,CANDIDATE,0.06113189
candidate_1922,K02548.01,9580167,0.0,CANDIDATE,CANDIDATE,0.22512235
candidate_1923,K02217.01,9580992,0.0,CANDIDATE,CANDIDATE,0.11623761
candidate_1924,K04877.01,9581589,1.0,CANDIDATE,CANDIDATE,0.8826531
candidate_1925,K04388.02,9588822,1.0,CANDIDATE,CANDIDATE,0.54143465
candidate_1926,K07195.01,9588862,1.0,CANDIDATE,CANDIDATE,0.910785
candidate_1927,K08286.01,9592621,0.0,CANDIDATE,CANDIDATE,0.2821027
candidate_1928,K07197.01,9596064,1.0,CANDIDATE,CANDIDATE,0.7977482
candidate_1929,K05698.01,9596820,0.0,CANDIDATE,CANDIDATE,0.29318482
candidate_1930,K07199.01,9596892,1.0,CANDIDATE,CANDIDATE,0.87868047
candidate_1931,K02612.01,9602613,1.0,CANDIDATE,CONFIRMED,0.74841493
candidate_1932,K02612.02,9602613,1.0,CANDIDATE,CANDIDATE,0.84169024
candidate_1933,K07949.01,9604563,0.0,CANDIDATE,CANDIDATE,0.23281331
candidate_1934,K00945.03,9605514,0.0,CANDIDATE,CANDIDATE,0.36402166
candidate_1935,K03102.01,9605552,1.0,CANDIDATE,CANDIDATE,0.8652804
candidate_1936,K02037.01,9634821,0.0,CANDIDATE,CONFIRMED,0.24498211
candidate_1937,K02037.02,9634821,1.0,CANDIDATE,CANDIDATE,0.6852493
candidate_1938,K02037.03,9634821,1.0,CANDIDATE,CANDIDATE,0.7132585
candidate_1939,K07205.01,9635520,0.0,CANDIDATE,CANDIDATE,0.12326414
candidate_1940,K01498.02,9636135,1.0,CANDIDATE,CONFIRMED,0.7605968
candidate_1941,K07208.01,9639106,1.0,CANDIDATE,CANDIDATE,0.7500008
candidate_1942,K07209.01,9640123,1.0,CANDIDATE,CANDIDATE,0.89916855
candidate_1943,K07951.01,9640649,0.0,CANDIDATE,CANDIDATE,0.36027732
candidate_1944,K04430.01,9642018,0.0,CANDIDATE,CANDIDATE,0.027926367
candidate_1945,K07953.01,9650579,0.0,CANDIDATE,CANDIDATE,0.45860317
candidate_1946,K07954.01,9650762,0.0,CANDIDATE,CANDIDATE,0.09172995
candidate_1947,K07215.01,9651602,1.0,CANDIDATE,CANDIDATE,0.79657435
candidate_1948,K02513.01,9653622,1.0,CANDIDATE,CONFIRMED,0.88942516
candidate_1949,K02272.01,9654875,0.0,CANDIDATE,CANDIDATE,0.11813953
candidate_1950,K06209.01,9655711,1.0,CANDIDATE,CANDIDATE,0.90808344
candidate_1951,K06209.02,9655711,1.0,CANDIDATE,CANDIDATE,0.6999323
candidate_1952,K07220.01,9658089,0.0,CANDIDATE,CANDIDATE,0.05854868
candidate_1953,K05702.01,9659022,0.0,CANDIDATE,CANDIDATE,0.22687314
candidate_1954,K03460.01,9664276,1.0,CANDIDATE,CANDIDATE,0.919791
candidate_1955,K07223.01,9674320,0.0,CANDIDATE,CANDIDATE,0.48060167
candidate_1956,K05704.01,9674789,0.0,CANDIDATE,CANDIDATE,0.4199302
candidate_1957,K07224.01,9693803,1.0,CANDIDATE,CANDIDATE,0.87568027
candidate_1958,K02706.01,9697131,0.0,CANDIDATE,CANDIDATE,0.21602565
candidate_1959,K04120.01,9700449,1.0,CANDIDATE,CANDIDATE,0.7555534
candidate_1960,K04822.01,9702945,0.0,CANDIDATE,CANDIDATE,0.43490204
candidate_1961,K00469.01,9703198,1.0,CANDIDATE,CANDIDATE,0.75875956
candidate_1962,K02613.01,9712350,1.0,CANDIDATE,CANDIDATE,0.52336365
candidate_1963,K04273.01,9716028,1.0,CANDIDATE,CANDIDATE,0.751277
candidate_1964,K05707.01,9723746,1.0,CANDIDATE,CANDIDATE,0.55178887
candidate_1965,K07226.01,9726452,0.0,CANDIDATE,CANDIDATE,0.4623726
candidate_1966,K06210.01,9727765,1.0,CANDIDATE,CANDIDATE,0.57109326
candidate_1967,K01751.02,9729691,1.0,CANDIDATE,CONFIRMED,0.660797
candidate_1968,K03137.01,9758032,0.0,CANDIDATE,CANDIDATE,0.3578747
candidate_1969,K01871.01,9758089,1.0,CANDIDATE,CONFIRMED,0.8883592
candidate_1970,K01871.02,9758089,1.0,CANDIDATE,CONFIRMED,0.8160445
candidate_1971,K00950.01,9772531,0.0,CANDIDATE,CANDIDATE,0.11345087
candidate_1972,K04636.01,9773270,1.0,CANDIDATE,CANDIDATE,0.7020234
candidate_1973,K04691.01,9773980,1.0,CANDIDATE,CANDIDATE,0.9034808
candidate_1974,K04462.01,9775385,0.0,CANDIDATE,CANDIDATE,0.16773355
candidate_1975,K04363.01,9776794,1.0,CANDIDATE,CANDIDATE,0.76018006
candidate_1976,K05712.01,9776907,0.0,CANDIDATE,CANDIDATE,0.27312827
candidate_1977,K04856.01,9782748,1.0,CANDIDATE,CANDIDATE,0.8131998
candidate_1978,K03372.01,9785921,0.0,CANDIDATE,CONFIRMED,0.329178
candidate_1979,K07231.02,9790965,1.0,CANDIDATE,CANDIDATE,0.8981927
candidate_1980,K07232.01,9811915,0.0,CANDIDATE,CANDIDATE,0.31322715
candidate_1981,K02923.01,9815053,1.0,CANDIDATE,CANDIDATE,0.9189389
candidate_1982,K07235.01,9821428,1.0,CANDIDATE,CANDIDATE,0.6484309
candidate_1983,K04192.02,9828127,1.0,CANDIDATE,CANDIDATE,0.83664125
candidate_1984,K05715.01,9832379,1.0,CANDIDATE,CANDIDATE,0.57008404
candidate_1985,K03043.01,9834731,0.0,CANDIDATE,CANDIDATE,0.40335548
candidate_1986,K03043.02,9834731,1.0,CANDIDATE,CANDIDATE,0.74178374
candidate_1987,K04421.01,9836563,0.0,CANDIDATE,CANDIDATE,0.46563923
candidate_1988,K04421.02,9836563,1.0,CANDIDATE,CANDIDATE,0.8473755
candidate_1989,K07236.01,9837013,1.0,CANDIDATE,CANDIDATE,0.763127
candidate_1990,K04670.01,9837828,0.0,CANDIDATE,CANDIDATE,0.3715564
candidate_1991,K05718.01,9838582,1.0,CANDIDATE,CANDIDATE,0.7493518
candidate_1992,K03028.02,9838804,1.0,CANDIDATE,CANDIDATE,0.55282706
candidate_1993,K05719.01,9839030,1.0,CANDIDATE,CANDIDATE,0.71628916
candidate_1994,K02012.02,9839821,1.0,CANDIDATE,CONFIRMED,0.6838868
candidate_1995,K03480.01,9843517,1.0,CANDIDATE,CANDIDATE,0.74095076
candidate_1996,K03354.01,9845909,1.0,CANDIDATE,CANDIDATE,0.6387115
candidate_1997,K00716.01,9846348,1.0,CANDIDATE,CANDIDATE,0.50824386
candidate_1998,K05725.01,9851638,0.0,CANDIDATE,CANDIDATE,0.43805262
candidate_1999,K01815.02,9872283,0.0,CANDIDATE,CANDIDATE,0.21322343
candidate_2000,K01537.01,9872292,1.0,CANDIDATE,CANDIDATE,0.9366253
candidate_2001,K07970.01,9873004,0.0,CANDIDATE,CANDIDATE,0.3735613
candidate_2002,K05727.01,9881660,0.0,CANDIDATE,CANDIDATE,0.06871241
candidate_2003,K01872.01,9883311,1.0,CANDIDATE,CANDIDATE,0.8518998
candidate_2004,K04383.02,9883606,0.0,CANDIDATE,CANDIDATE,0.47615093
candidate_2005,K02732.04,9886361,1.0,CANDIDATE,CANDIDATE,0.79340446
candidate_2006,K04575.01,9893468,0.0,CANDIDATE,CANDIDATE,0.21658066
candidate_2007,K02579.02,9896018,1.0,CANDIDATE,CONFIRMED,0.693984
candidate_2008,K02579.03,9896018,1.0,CANDIDATE,CANDIDATE,0.8711204
candidate_2009,K07973.01,9899345,0.0,CANDIDATE,CANDIDATE,0.076103374
candidate_2010,K02135.02,9904006,1.0,CANDIDATE,CANDIDATE,0.85269564
candidate_2011,K07976.01,9906688,1.0,CANDIDATE,CANDIDATE,0.71961665
candidate_2012,K07252.01,9909965,1.0,CANDIDATE,CANDIDATE,0.78915566
candidate_2013,K05732.01,9910043,1.0,CANDIDATE,CANDIDATE,0.79322386
candidate_2014,K07255.01,9932197,1.0,CANDIDATE,CANDIDATE,0.75660115
candidate_2015,K01587.01,9932970,1.0,CANDIDATE,CANDIDATE,0.8262786
candidate_2016,K04885.01,9935642,1.0,CANDIDATE,CANDIDATE,0.8773245
candidate_2017,K05736.01,9935983,1.0,CANDIDATE,CANDIDATE,0.84834635
candidate_2018,K04431.01,9936080,0.0,CANDIDATE,CANDIDATE,0.07789965
candidate_2019,K07978.01,9938836,1.0,CANDIDATE,CANDIDATE,0.9094915
candidate_2020,K05737.01,9941136,0.0,CANDIDATE,CANDIDATE,0.18889892
candidate_2021,K05740.01,9942658,1.0,CANDIDATE,CANDIDATE,0.84440964
candidate_2022,K07258.01,9943009,0.0,CANDIDATE,CANDIDATE,0.11772922
candidate_2023,K07259.01,9944201,0.0,CANDIDATE,CANDIDATE,0.028149137
candidate_2024,K04460.01,9947389,0.0,CANDIDATE,CANDIDATE,0.074418105
candidate_2025,K04647.01,9947653,1.0,CANDIDATE,CANDIDATE,0.7437065
candidate_2026,K04647.02,9947653,1.0,CANDIDATE,CANDIDATE,0.8209675
candidate_2027,K05741.01,9953491,1.0,CANDIDATE,CANDIDATE,0.5024693
candidate_2028,K00076.01,9955262,0.0,CANDIDATE,CANDIDATE,0.4572798
candidate_2029,K02677.01,9958387,0.0,CANDIDATE,CANDIDATE,0.37112847
candidate_2030,K00593.04,9958962,0.0,CANDIDATE,CANDIDATE,0.12696934
candidate_2031,K07264.01,9959093,0.0,CANDIDATE,CANDIDATE,0.17375882
candidate_2032,K03051.01,9959492,1.0,CANDIDATE,CANDIDATE,0.7424479
candidate_2033,K05745.01,9962595,0.0,CANDIDATE,CANDIDATE,0.47517133
candidate_2034,K03401.01,9966219,0.0,CANDIDATE,CANDIDATE,0.4471611
candidate_2035,K03401.02,9966219,1.0,CANDIDATE,CANDIDATE,0.8382514
candidate_2036,K03462.01,9967009,1.0,CANDIDATE,CANDIDATE,0.7705108
candidate_2037,K03462.02,9967009,1.0,CANDIDATE,CANDIDATE,0.8890779
candidate_2038,K05747.01,9968924,0.0,CANDIDATE,CANDIDATE,0.19971085
candidate_2039,K04820.01,9969287,0.0,CANDIDATE,CANDIDATE,0.3967212
candidate_2040,K02018.02,9973109,1.0,CANDIDATE,CANDIDATE,0.8278149
candidate_2041,K06214.02,9974142,0.0,CANDIDATE,CANDIDATE,0.4403116
candidate_2042,K05748.01,9993683,1.0,CANDIDATE,CANDIDATE,0.86081505
candidate_2043,K05749.01,9994381,1.0,CANDIDATE,CANDIDATE,0.50444895
candidate_2044,K03470.01,9995771,1.0,CANDIDATE,CANDIDATE,0.88041997
