kepid,kepoi_name,ra,dec,predicted,probability,koi_kepmag,koi_gmag,koi_rmag,koi_imag,koi_zmag,koi_jmag,koi_hmag,koi_kmag
10000162,K04902.01,286.33545,46.917831,False Positive,1.0337829000000001e-22,15.149,15.948,15.055,14.806,14.665,13.507,12.949,12.83
10000941,K04146.02,286.81937,46.91169,Confirmed Planet,0.99999535,13.632,14.343,13.565,13.327,13.215,12.204,11.738,11.657
10002049,K07270.01,287.46475,46.96841,Confirmed Planet,0.99997735,15.362,15.81,15.31,15.169,15.104,14.239,13.887,13.804
10003058,K04519.01,288.01013,46.978519,False Positive,1.998035e-12,14.744,15.092,14.688,14.595,14.569,13.734,13.48,13.47
10005788,K01940.02,289.35202,46.973728,False Positive,0.4341749,15.389,16.504,15.334,14.912,14.69,13.54,12.907,12.821
10007916,K05755.01,290.23773,46.980042,False Positive,1.1369116e-33,14.829,15.43,14.756,14.572,14.475,13.509,13.05,13.011
10011213,K07982.01,291.60455,46.973289,False Positive,3.8493284e-27,15.632,16.066,15.598,15.446,15.389,14.493,14.128,14.033
10016874,K00426.01,294.02298,46.99955,Confirmed Planet,0.9999999,14.733,15.215,14.695,14.527,14.473,13.572,13.179,13.108
10019854,K07272.01,295.08221,46.941711,Confirmed Planet,0.9933868,15.105,15.467,15.051,14.95,14.888,14.023,13.749,13.702
10026544,K02312.01,297.28317,46.90453,False Positive,1.6747138e-13,12.982,12.982,12.671,12.586,12.489,11.603,11.353,11.321
10027861,K05758.01,297.66437,46.94482,False Positive,2.8527009999999997e-19,15.142,15.851,15.075,14.839,14.743,13.736,13.234,13.161
10028127,K08193.01,297.73398,46.961529,False Positive,1.9922365e-31,15.719,16.327,15.656,15.459,15.349,14.452,14.038,13.993
10028352,K01957.01,297.79224,46.935829,False Positive,0.03778509,12.655,12.969,12.594,12.52,12.473,11.671,11.425,11.359
10028792,K01574.03,297.91687,46.96513,Confirmed Planet,0.9986633,14.6,15.131,14.547,14.372,14.292,13.389,13.033,12.981
10028792,K01574.04,297.91687,46.96513,Confirmed Planet,0.9999994,14.6,15.131,14.547,14.372,14.292,13.389,13.033,12.981
10053138,K07279.01,280.71948,47.07222,False Positive,0.0145263085,13.717,14.206,13.663,13.507,13.423,12.461,12.162,12.108
10064591,K05759.01,287.09412,47.075359,False Positive,1.7895989e-34,13.248,13.639,13.183,13.081,13.021,12.129,11.876,11.776
10065053,K04898.01,287.34897,47.060982,False Positive,2.4785113e-11,15.731,16.172,15.676,15.542,15.506,14.664,14.291,14.138
10066755,K07281.01,288.21976,47.041279,False Positive,0.0009307317,12.446,12.641,12.381,12.349,12.354,11.567,11.38,11.309
10070479,K07282.01,289.96161,47.08036,Confirmed Planet,0.99904627,15.59,16.492,15.501,15.204,14.997,13.93,13.368,13.215
10073672,K02764.01,291.23148,47.033932,Confirmed Planet,0.9993791,15.794,17.134,15.788,15.22,14.868,13.666,12.997,12.87
10079420,K07607.01,293.54141,47.007912,False Positive,1.3794502000000001e-16,11.642,11.811,11.585,11.574,11.604,10.789,10.62,10.572
10083325,K05761.01,294.9733,47.015369,Confirmed Planet,0.9999864,13.421,13.835,13.365,13.243,13.206,12.301,12.007,11.924
10089123,K07283.01,296.89828,47.081059,False Positive,6.310432500000001e-16,14.262,14.738,14.166,14.058,14.02,13.134,12.828,12.744
10089911,K04034.02,297.1243,47.037022,Confirmed Planet,0.87488806,13.487,13.788,13.406,13.358,13.381,12.538,12.327,12.291
10090854,K05762.01,297.39322,47.011459,Confirmed Planet,0.9996877,15.633,16.195,15.567,15.392,15.268,14.263,13.857,13.745
10098540,K05764.01,299.58463,47.000771,False Positive,0.0,15.45,16.579,15.407,14.965,14.725,13.51,12.95,12.788
10118266,K04755.01,280.66519,47.114059,Confirmed Planet,0.9999864,14.924,15.506,14.858,14.674,14.557,13.531,13.169,13.088
10120548,K04451.01,282.19565,47.105679,Confirmed Planet,0.9992619,15.945,16.678,15.881,15.631,15.46,14.439,13.946,13.737
10122538,K02926.05,283.33606,47.174541,Confirmed Planet,0.9999995,16.279,17.65,16.299,15.691,15.389,14.222,13.516,13.343
10128825,K07986.01,286.50937,47.163219,False Positive,1.4290395e-08,14.757,15.189,14.687,14.571,14.484,13.641,13.339,13.261
10140122,K04545.01,291.45813,47.15863,False Positive,4.8351353e-08,15.357,16.183,15.278,15.003,14.86,13.803,13.258,13.19
10140274,K04334.01,291.51819,47.139301,Confirmed Planet,0.51790047,15.849,16.698,15.773,15.486,15.25,14.248,13.655,13.618
10141900,K01082.04,292.14447,47.157349,Confirmed Planet,0.99191743,15.692,16.393,15.628,15.392,15.283,14.24,13.758,13.752
10146103,K05769.01,293.74625,47.15406,Confirmed Planet,0.848485,14.498,15.002,14.455,14.282,14.189,13.292,12.95,12.823
10149023,K01081.01,294.76855,47.13279,Confirmed Planet,0.99994767,15.22,15.65,15.15,15.035,14.95,14.08,13.802,13.725
10153011,K01773.01,296.0882,47.142891,False Positive,2.8586685e-08,15.678,16.328,15.662,15.4,15.235,14.239,13.769,13.719
10155029,K03208.01,296.67984,47.173313,Confirmed Planet,0.9998579,11.893,12.15,11.826,11.784,,11.046,10.717,10.661
10155286,K07988.01,296.76288,47.145142,False Positive,1.2441213e-36,10.998,11.733,10.88,10.682,10.578,9.501,9.027,8.921
10157458,K01083.02,297.39319,47.164631,Confirmed Planet,0.9987802,15.302,15.839,15.252,15.072,14.946,14.105,13.697,13.622
10158418,K01784.01,297.64606,47.167488,False Positive,4.247878e-06,13.592,14.06,13.532,13.392,13.353,12.482,12.16,12.101
10160922,K07990.01,298.31586,47.105091,False Positive,1.992553e-10,15.626,16.176,15.591,15.39,15.318,14.378,13.971,13.892
10163067,K07291.01,298.9006,47.107769,False Positive,6.157243e-08,12.556,12.975,12.525,12.377,12.35,11.465,11.175,11.111
10186761,K05772.01,281.32047,47.214809,False Positive,5.6266856e-08,13.825,14.234,13.749,13.65,13.606,12.643,12.355,12.259
10190075,K03007.01,283.33533,47.208832,Confirmed Planet,0.9999914,14.528,15.0,14.473,14.326,14.282,13.361,13.049,12.917
10191449,K05775.01,284.0925,47.251381,False Positive,0.0,15.502,15.502,14.884,14.673,14.617,13.617,13.177,13.15
10198225,K07991.01,287.55182,47.244862,Confirmed Planet,0.99997187,12.609,13.343,12.55,12.294,12.146,11.087,10.635,10.521
10198662,K06216.01,287.78461,47.228043,Confirmed Planet,1.0,12.655,12.688,12.596,,,11.159,11.045,10.971
10198662,K06216.02,287.78461,47.228043,False Positive,0.10351143,12.655,12.688,12.596,,,11.159,11.045,10.971
10199984,K05776.01,288.47318,47.247921,False Positive,1.655973e-11,13.183,13.811,13.147,12.914,12.773,11.721,11.32,11.222
10200627,K06217.01,288.79553,47.203651,False Positive,1.2689574e-06,15.268,16.046,15.243,14.935,14.905,13.685,13.177,13.048
10214341,K07992.01,294.38254,47.205769,False Positive,3.4906586e-07,14.635,14.986,14.605,14.484,14.441,13.62,13.287,13.291
10221013,K00728.01,296.6423,47.230331,False Positive,0.0006273444,15.356,15.823,15.308,15.156,15.165,14.23,13.864,13.771
10221505,K04768.01,296.78934,47.234531,Confirmed Planet,0.9999995,15.71,16.382,15.686,15.423,15.258,14.299,13.848,13.792
10253977,K08201.01,281.87015,47.394989,False Positive,0.0,14.382,14.977,14.315,14.128,14.028,13.035,12.599,12.485
10257229,K04557.01,283.70471,47.385288,Confirmed Planet,0.99988616,13.666,14.031,13.605,13.51,13.484,12.626,12.339,12.294
1025986,K07621.01,291.03369,36.771042,False Positive,0.0,10.15,10.574,10.097,9.968,9.95,8.981,8.718,8.626
10264293,K07301.01,287.47986,47.360161,Confirmed Planet,0.9999486,15.645,16.463,15.559,15.294,15.072,14.054,13.499,13.417
10265602,K02689.01,288.17789,47.36668,False Positive,0.1861816,15.548,16.021,15.505,15.346,15.26,14.296,13.895,13.853
10265898,K00732.02,288.32791,47.381592,Confirmed Planet,0.99930656,15.342,15.969,15.255,15.073,14.978,14.054,13.616,13.503
10272442,K00734.02,291.1973,47.3078,Confirmed Planet,0.9998635,15.344,15.819,15.285,15.141,15.035,14.135,13.812,13.761
10272858,K05782.01,291.36295,47.328709,False Positive,1.7910147e-09,11.367,12.02,11.304,11.088,10.959,9.914,9.461,9.38
10281221,K03913.01,294.61252,47.343262,False Positive,6.128149e-07,14.972,15.371,14.914,14.8,14.747,13.86,13.517,13.462
10285631,K00331.02,296.18344,47.358761,Confirmed Planet,0.9999124,13.497,14.012,13.446,13.277,13.201,12.248,11.885,11.798
10287242,K00735.01,296.69336,47.392151,Confirmed Planet,0.99999976,15.637,16.327,15.614,15.341,15.208,14.137,13.612,13.455
10287723,K01174.01,296.82162,47.354031,False Positive,1.2916044e-09,13.447,14.498,13.406,12.997,12.712,11.607,10.972,10.843
10290021,K07305.01,297.47162,47.39994,False Positive,1.2051948e-05,9.976,10.301,9.924,9.836,9.823,8.948,8.742,8.682
10290666,K00332.02,297.65094,47.39629,False Positive,0.28052297,13.046,13.508,12.998,12.847,12.798,11.91,11.569,11.475
10291589,K04754.01,297.90527,47.33683,Confirmed Planet,0.9999682,15.274,15.735,15.228,15.076,15.014,14.147,13.75,13.636
10295951,K01154.01,299.10281,47.377781,False Positive,2.1091472e-21,12.628,12.796,12.572,12.541,12.542,11.768,11.61,11.548
10319385,K01169.01,281.55118,47.469959,False Positive,3.7945623e-34,13.248,13.661,13.175,13.071,13.01,12.103,11.768,11.715
10319834,K05785.01,281.88324,47.41605,False Positive,1.9738231e-06,14.942,15.361,14.889,14.762,14.729,13.83,13.443,13.442
10321972,K07998.01,283.2048,47.478271,False Positive,1.38680825e-14,15.546,16.136,15.529,15.293,15.219,14.201,13.798,13.704
10331279,K08000.01,288.27457,47.495781,False Positive,6.17625e-17,15.306,15.85,15.27,15.074,14.996,14.049,13.605,13.511
10336951,K02401.01,290.83627,47.444939,Confirmed Planet,0.99997187,14.847,15.772,14.787,14.45,14.239,13.151,12.589,12.484
10339000,K05787.01,291.63892,47.474972,Confirmed Planet,1.0,14.333,14.727,14.304,14.165,14.104,13.289,12.957,12.975
10351947,K08205.01,296.38278,47.409592,False Positive,8.234086e-22,12.766,13.575,12.701,12.42,12.211,11.107,10.556,10.466
10352333,K03991.01,296.50354,47.486919,Confirmed Planet,0.9992424,13.14,13.647,13.115,12.922,12.83,11.901,11.503,11.409
10384298,K03224.01,281.32745,47.584869,False Positive,5.9882717e-05,12.192,12.728,12.135,11.962,11.902,10.883,10.517,10.462
10387792,K05789.01,283.46307,47.5546,False Positive,1.4784726e-22,14.06,14.762,14.009,13.759,13.656,12.618,12.118,12.061
10388451,K07319.01,283.84756,47.515659,False Positive,1.0491535e-05,15.929,17.385,16.119,15.305,14.911,13.684,13.043,12.874
10394802,K05790.01,287.29132,47.598251,False Positive,4.540709e-13,15.518,16.329,15.441,15.171,15.025,13.945,13.428,13.313
10395543,K00531.01,287.69119,47.546902,Confirmed Planet,0.5339213,14.418,15.747,14.395,13.849,13.544,12.357,11.75,11.61
10396708,K07320.01,288.29715,47.56004,Confirmed Planet,0.9999958,14.755,15.561,14.709,14.409,14.251,13.188,12.687,12.573
10397751,K02859.03,288.83136,47.551991,Confirmed Planet,0.9981203,13.851,14.42,13.809,13.606,13.499,12.536,12.123,12.052
10397751,K02859.04,288.83136,47.551991,Confirmed Planet,0.99988854,13.851,14.42,13.809,13.606,13.499,12.536,12.123,12.052
10397751,K02859.05,288.83136,47.551991,Confirmed Planet,0.9794536,13.851,14.42,13.809,13.606,13.499,12.536,12.123,12.052
10403228,K08007.01,291.22672,47.54998,False Positive,8.458265e-05,16.064,17.821,16.423,15.31,14.8,13.429,12.793,12.518
10407086,K04568.02,292.79254,47.576721,False Positive,1.0872911000000001e-17,12.877,13.423,12.819,12.644,12.542,11.629,11.277,11.211
10407191,K08011.01,292.832,47.507389,False Positive,4.829325e-20,17.305,,18.052,16.351,15.562,14.013,13.441,13.093
10414727,K06224.01,295.68192,47.591881,False Positive,1.6440493e-13,12.962,13.13,12.906,12.892,12.908,12.194,11.985,11.941
10450504,K07327.01,282.15787,47.686531,Confirmed Planet,0.9999577,15.864,16.675,15.792,15.516,15.332,14.19,13.683,13.646
10452252,K08012.01,283.15057,47.671967,Confirmed Planet,0.84135365,15.708,16.565,15.673,15.341,,11.875,11.326,11.095
10453009,K05794.01,283.58612,47.633739,False Positive,6.5846996e-07,13.785,14.504,13.74,13.477,13.345,12.257,11.76,11.658
10459749,K05795.01,287.11761,47.61618,False Positive,2.3994307e-10,15.952,16.491,15.921,15.721,15.629,14.683,14.252,14.171
10460629,K01168.01,287.58679,47.600021,False Positive,4.1580172e-13,13.997,14.339,13.96,13.851,13.834,12.923,12.672,12.595
10464199,K07330.01,289.32047,47.632446,False Positive,4.1171724e-18,11.909,13.218,12.168,,,11.204,10.931,10.905
10467714,K04480.01,290.77655,47.64843,False Positive,3.5869136e-05,14.122,14.651,14.073,13.896,13.779,12.829,12.482,12.364
10470779,K05796.01,292.03522,47.684391,False Positive,0.0,14.712,15.159,14.65,14.52,14.448,13.588,13.237,13.205
10471621,K02554.01,292.37979,47.644611,Confirmed Planet,0.999977,15.439,16.409,15.39,15.023,14.8,13.729,13.159,13.038
10471621,K02554.02,292.37979,47.644611,Confirmed Planet,0.9999968,15.439,16.409,15.39,15.023,14.8,13.729,13.159,13.038
10487228,K05798.01,297.69525,47.605862,False Positive,0.0,15.714,16.466,15.655,15.391,15.253,14.23,13.729,13.64
10515564,K08211.01,282.05078,47.743992,Confirmed Planet,0.99972206,14.811,15.41,14.73,14.555,14.457,13.457,13.06,12.968
10518424,K02188.02,283.75385,47.796951,False Positive,3.2484156e-08,15.319,15.754,15.282,15.132,15.091,14.194,13.833,13.745
10519727,K05799.01,284.43692,47.750332,False Positive,1.6181772e-17,13.609,14.172,13.527,13.368,13.257,12.312,11.934,11.854
10525077,K05800.01,287.37808,47.771191,Confirmed Planet,0.9999932,15.355,15.804,15.268,15.163,15.032,14.143,13.869,13.754
10534155,K04345.01,291.50122,47.74773,Confirmed Planet,0.9337485,13.404,13.9,13.366,13.191,13.052,12.079,11.718,11.637
10535708,K05801.01,292.11447,47.729462,False Positive,3.2611719000000003e-21,15.609,16.144,15.547,15.38,15.279,14.397,13.866,13.958
10536241,K08026.01,292.33951,47.746391,Confirmed Planet,0.999992,14.751,15.231,14.705,14.545,14.413,13.49,13.1,12.995
10545066,K00337.02,295.68481,47.748081,False Positive,5.989988e-15,13.936,14.379,13.886,13.746,13.706,12.795,12.488,12.409
10546063,K07339.01,296.02774,47.753551,Confirmed Planet,0.80267805,15.833,16.266,15.783,15.647,15.6,14.709,14.387,14.383
10549902,K04826.01,297.21347,47.775429,False Positive,4.0148516e-06,14.58,15.009,14.519,14.396,14.3,13.394,13.104,13.033
10552151,K05805.01,297.8389,47.751709,False Positive,1.3786875e-08,14.519,15.155,14.485,14.246,14.079,13.109,12.634,12.503
10552263,K05806.01,297.87003,47.771091,False Positive,0.0,12.355,12.777,12.288,12.173,12.11,11.241,10.938,10.889
10554421,K05807.01,298.49625,47.738918,False Positive,1.4048395e-17,14.466,14.929,14.422,14.268,14.162,13.276,12.951,12.919
10581308,K05810.01,282.68713,47.816978,False Positive,0.0,13.766,14.381,13.709,13.503,13.427,12.443,12.054,11.984
10584140,K04833.01,284.31693,47.887112,Confirmed Planet,0.57427,13.6,14.052,13.553,13.406,13.346,12.491,12.163,12.098
10585749,K04563.01,285.15942,47.88274,Confirmed Planet,0.9998331,14.487,15.026,14.449,14.256,14.19,13.218,12.829,12.775
10586619,K07345.01,285.6409,47.81105,False Positive,1.1214402e-12,15.044,15.473,14.989,14.861,14.827,13.932,13.589,13.529
10586744,K04892.01,285.70697,47.869968,False Positive,0.007550607,14.143,14.596,14.12,13.949,13.906,12.982,12.602,12.577
10597693,K02958.01,290.9288,47.887249,Confirmed Planet,1.0,14.756,15.138,14.721,14.592,14.565,13.708,13.45,13.391
10601163,K05812.01,292.32944,47.835629,False Positive,1.00454784e-07,14.122,14.555,14.082,13.937,13.833,12.906,12.547,12.467
10602291,K00210.01,292.78235,47.800629,Confirmed Planet,0.999866,14.877,15.326,14.809,14.685,14.556,13.679,13.355,13.299
10604521,K02797.01,293.68356,47.833141,Confirmed Planet,0.9999999,15.8,16.293,15.74,15.589,15.539,14.609,14.241,14.183
10610039,K04577.01,295.6709,47.830399,False Positive,0.020642636,14.894,15.335,14.861,14.704,14.65,13.78,13.438,13.349
10610039,K04577.02,295.6709,47.830399,Confirmed Planet,0.9968874,14.894,15.335,14.861,14.704,14.65,13.78,13.438,13.349
10618044,K05815.01,298.06827,47.867809,False Positive,5.208609e-10,13.744,14.473,13.696,13.432,13.307,12.249,11.8,11.703
10647452,K04366.01,282.91397,47.970299,False Positive,6.576709e-09,15.556,16.184,15.51,15.287,15.161,14.226,13.824,13.732
10656508,K00211.01,287.97031,47.972099,False Positive,0.0035916776,14.989,15.384,14.937,14.82,14.788,13.909,13.624,13.586
10656842,K05816.01,288.13202,47.995541,False Positive,0.0023719529,12.594,13.416,12.515,12.242,12.071,10.902,10.354,10.259
10658177,K05817.01,288.72644,47.906872,False Positive,1.1903059e-16,13.336,13.637,13.294,13.206,13.198,12.346,12.099,12.05
10659624,K07354.01,289.36646,47.923851,Confirmed Planet,0.7430797,13.468,13.883,13.4,13.29,13.244,12.419,12.135,12.091
10662202,K00750.02,290.46512,47.92918,False Positive,0.00019572116,15.377,16.172,15.343,15.036,14.826,13.81,13.298,13.201
10662202,K00750.03,290.46512,47.92918,Confirmed Planet,0.99985373,15.377,16.172,15.343,15.036,14.826,13.81,13.298,13.201
10663738,K04698.01,291.12744,47.938801,Confirmed Planet,0.99935704,14.765,15.124,14.684,14.612,14.574,13.673,13.413,13.419
10663976,K05819.01,291.21762,47.95216,False Positive,0.0,14.182,14.715,14.137,13.953,13.848,12.901,12.509,12.405
10665228,K07358.01,291.70639,47.908581,False Positive,0.17631385,15.995,16.653,15.994,15.714,15.543,14.566,14.071,14.067
10665749,K07359.01,291.90216,47.96207,Confirmed Planet,0.9999757,15.504,16.0,15.454,15.291,15.176,14.267,13.944,13.821
10674871,K02068.01,295.46463,47.90807,Confirmed Planet,0.99749917,14.74,15.222,14.688,14.533,14.449,13.567,13.241,13.205
10676750,K04804.01,296.09842,47.992699,Confirmed Planet,0.9993919,15.185,15.614,15.143,15.0,14.944,14.062,13.73,13.666
10678912,K05821.01,296.75278,47.973282,False Positive,5.3861765999999994e-18,15.499,15.933,15.445,15.314,15.265,14.401,14.12,13.965
10680424,K07361.01,297.20752,47.972099,False Positive,5.061102e-06,16.28,17.327,16.189,15.831,15.579,14.553,13.957,13.772
10685764,K05822.01,298.74216,47.945278,Confirmed Planet,0.9967032,12.31,13.135,12.254,11.957,11.809,10.755,10.222,10.108
10717241,K00430.02,285.48505,48.054321,False Positive,0.04428891,14.897,16.073,14.853,14.393,14.135,12.991,12.369,12.193
10718726,K00600.02,286.24982,48.06094,False Positive,9.883375000000001e-23,14.827,15.27,14.78,14.637,14.609,13.67,13.417,13.335
10730703,K02327.02,291.65778,48.009312,False Positive,0.010521931,15.378,15.998,15.324,15.113,15.035,14.081,13.648,13.526
10737437,K05825.01,294.28503,48.059448,False Positive,7.144143e-21,13.934,14.388,13.902,13.739,13.641,12.693,12.334,12.254
10743597,K00989.03,296.38229,48.045311,Confirmed Planet,1.0,15.488,16.084,15.416,15.233,15.129,14.11,13.804,13.859
10745365,K04405.01,296.896,48.04726,Confirmed Planet,0.99996686,14.671,15.087,14.622,14.492,14.408,13.556,13.245,13.224
10747162,K05826.01,297.39093,48.03928,False Positive,8.5442736e-08,15.871,17.104,15.867,15.342,15.013,13.823,13.177,13.097
10747501,K04891.01,297.48297,48.022499,Confirmed Planet,0.9999981,15.68,16.198,15.631,15.458,15.364,14.427,14.04,14.088
10749059,K03086.01,297.88464,48.00145,False Positive,4.037592e-09,15.707,16.342,15.65,15.435,15.271,14.293,13.88,13.913
10749128,K01639.02,297.90045,48.0947,False Positive,0.0012530622,13.538,13.908,13.481,13.379,13.338,12.519,12.276,12.245
10751908,K07370.01,298.60785,48.016022,False Positive,0.0849626,15.457,15.982,15.416,15.232,15.127,14.198,13.802,13.696
10790401,K08031.01,289.0275,48.13792,False Positive,1.9430988e-08,13.625,14.358,13.582,13.312,13.172,12.095,11.593,11.506
10793172,K02871.03,290.20163,48.185822,Confirmed Planet,0.99976856,14.754,15.293,14.707,14.523,14.463,13.527,13.153,13.101
10793172,K02871.04,290.20163,48.185822,Confirmed Planet,0.99999774,14.754,15.293,14.707,14.523,14.463,13.527,13.153,13.101
10793576,K03451.01,290.34442,48.147308,Confirmed Planet,0.9984885,14.056,14.392,13.994,13.911,13.845,13.053,12.726,12.706
10794087,K01316.02,290.55237,48.126263,False Positive,2.1234209e-11,11.926,12.474,11.865,11.694,,10.894,10.606,10.562
10794974,K04235.01,290.9227,48.180328,False Positive,6.046876e-08,13.224,13.498,13.168,13.107,13.09,12.29,12.105,12.055
10798331,K02373.01,292.31467,48.140461,Confirmed Planet,0.99905103,14.685,15.179,14.589,14.473,14.358,13.476,13.133,13.053
10802364,K05829.01,293.91037,48.192081,False Positive,0.0,14.857,15.422,14.787,14.614,14.539,13.579,13.226,13.171
10809888,K05830.01,296.5499,48.186661,False Positive,7.849433e-12,13.628,14.449,13.581,13.276,13.089,11.977,11.464,11.385
10810859,K04801.01,296.82895,48.173279,Confirmed Planet,0.9999534,15.202,15.633,15.122,15.017,14.938,14.049,13.81,13.824
10811496,K00753.01,297.00482,48.134129,Confirmed Planet,0.9996537,15.436,15.943,15.39,15.22,15.166,14.254,13.9,13.826
10812541,K07375.01,297.30438,48.195271,Confirmed Planet,0.99897254,14.849,16.154,14.891,14.289,13.934,12.716,12.043,11.894
10813078,K05831.01,297.45166,48.15691,Confirmed Planet,0.9999727,15.712,17.155,15.76,15.093,14.735,13.52,12.848,12.774
10815677,K07376.01,298.17337,48.173611,False Positive,9.133779e-05,15.674,16.218,15.626,15.441,15.383,14.459,14.065,14.149
10843431,K07378.02,282.37042,48.259289,Confirmed Planet,0.9981791,16.324,17.453,16.285,15.84,15.577,14.536,13.911,13.882
10844823,K08033.01,283.29706,48.266628,False Positive,1.5378256e-31,15.313,16.011,15.272,15.013,14.925,13.955,13.446,13.376
10844890,K01946.01,283.34427,48.223911,Confirmed Planet,1.0,14.469,14.92,14.337,14.275,14.196,13.155,12.769,12.765
10848097,K07380.01,285.35583,48.221489,False Positive,0.09128358,14.801,15.397,14.767,14.546,14.474,13.469,13.059,13.028
10850327,K05833.01,286.59122,48.220268,False Positive,0.0,13.014,13.347,12.965,12.872,12.835,11.994,11.711,11.667
10855545,K05834.01,289.21732,48.204311,Confirmed Planet,0.9898685,15.769,16.257,15.71,15.559,15.538,14.574,14.234,14.134
10858504,K05835.01,290.57974,48.214218,False Positive,0.0,15.087,15.487,15.054,14.915,14.861,14.027,13.757,13.635
10862759,K08035.01,292.48358,48.275219,Confirmed Planet,0.9993555,13.783,14.004,13.709,13.65,13.651,12.865,12.646,12.596
10865043,K05836.01,293.45459,48.227852,False Positive,1.9535782999999998e-18,13.762,14.084,13.726,13.623,13.594,12.773,12.485,12.478
10866969,K07383.01,294.20096,48.250061,Confirmed Planet,0.99999154,15.174,15.823,15.137,14.896,14.806,13.742,13.309,13.224
10867062,K01303.01,294.23007,48.204479,Confirmed Planet,1.0,14.965,15.594,14.934,14.695,14.565,13.575,13.112,13.072
10873178,K04597.01,296.3609,48.213001,Confirmed Planet,0.999537,14.639,15.06,14.607,14.459,14.398,13.543,13.208,13.169
10875007,K04149.01,296.9621,48.25639,Confirmed Planet,0.5745598,14.718,14.718,,14.121,14.082,13.257,13.01,12.942
10875007,K04149.02,296.9621,48.25639,Confirmed Planet,0.9999372,14.718,14.718,,14.121,14.082,13.257,13.01,12.942
10878117,K05837.01,297.9147,48.224411,False Positive,3.2296307e-16,15.261,15.756,15.215,15.048,14.946,14.042,13.742,13.736
10879899,K05839.01,298.47745,48.222031,False Positive,0.0,12.427,12.761,12.374,12.283,12.283,11.44,11.245,11.163
10904004,K02957.01,282.34305,48.340778,Confirmed Planet,0.6809995,14.48,15.251,14.458,14.15,14.017,12.971,12.421,12.321
10907132,K04503.01,284.6134,48.37347,Confirmed Planet,0.99998784,15.683,16.191,15.605,15.466,15.397,14.431,14.078,14.08
10907307,K08217.01,284.74127,48.34367,False Positive,3.8636283e-18,12.349,12.737,12.31,12.183,12.162,11.27,10.944,10.923
10916600,K02623.02,290.02591,48.335949,False Positive,0.00010506594,13.383,13.672,13.318,13.26,13.23,12.412,12.134,12.075
10917043,K02770.01,290.25385,48.360821,False Positive,5.452888e-13,15.558,16.612,15.521,15.107,14.882,13.766,13.175,13.052
10917433,K03248.01,290.46509,48.332249,Confirmed Planet,0.99999464,12.419,12.838,12.355,12.24,12.196,11.289,10.98,10.892
10917681,K01963.01,290.60745,48.357182,Confirmed Planet,0.9999999,14.107,14.532,14.055,13.925,13.867,12.967,12.69,12.641
10920281,K08037.01,291.94415,48.351791,Confirmed Planet,0.99999726,15.519,17.012,15.635,14.878,14.46,13.215,12.553,12.426
10928043,K01315.01,295.29385,48.374802,Confirmed Planet,0.99999917,13.137,13.463,13.082,12.998,12.954,12.13,11.898,11.837
10932270,K07389.01,296.84967,48.323318,False Positive,3.3772207e-07,12.148,12.911,12.097,11.821,11.664,10.56,10.083,9.956
10933306,K05842.01,297.19424,48.322891,Confirmed Planet,0.9999951,14.753,15.157,14.684,14.579,14.542,13.625,13.379,13.379
10935993,K03367.01,298.19162,48.396259,False Positive,1.9680628e-07,15.056,15.503,15.015,14.865,14.783,13.881,13.541,13.524
10937749,K04499.01,298.78278,48.312809,Confirmed Planet,0.99987733,14.652,15.099,14.612,14.46,14.374,13.518,13.162,13.14
10964440,K01310.02,285.66269,48.435371,Confirmed Planet,0.6813644,14.569,15.005,14.506,14.382,14.323,13.498,13.031,13.122
10967168,K05845.01,287.37283,48.465542,Confirmed Planet,0.9998753,11.299,11.503,11.231,11.5,11.118,10.514,10.41,10.307
10972902,K04692.02,290.44476,48.462891,False Positive,0.00013117005,14.766,15.219,14.726,14.572,14.497,13.614,13.248,13.178
10977671,K05846.01,292.81577,48.422169,False Positive,1.3954372e-08,14.323,14.899,14.274,14.076,13.965,12.948,12.574,12.575
10978581,K05847.01,293.26508,48.426399,False Positive,4.0563212999999996e-25,12.348,13.067,12.273,12.041,11.837,10.769,10.265,10.19
10979952,K05848.01,293.88602,48.469292,False Positive,0.0,13.789,14.475,13.739,13.496,13.333,12.311,11.822,11.831
10989620,K05849.01,297.61707,48.408089,Confirmed Planet,0.9999312,14.489,15.078,14.422,14.237,14.134,13.185,12.851,12.808
10991114,K04374.01,298.18341,48.44381,Confirmed Planet,0.9999883,14.108,14.647,14.049,13.877,13.792,12.856,12.501,12.461
10991389,K05850.01,298.29181,48.465691,False Positive,4.9147282999999996e-29,14.897,15.383,14.815,14.688,14.522,13.578,13.174,13.298
10991431,K05851.01,298.30725,48.48246,False Positive,5.8294895e-31,14.718,15.191,14.643,14.516,14.378,13.476,13.141,13.099
11013201,K00972.01,282.00031,48.542221,Confirmed Planet,0.99999535,9.275,9.265,9.278,9.392,9.493,8.816,8.765,8.736
11013201,K00972.02,282.00031,48.542221,Confirmed Planet,0.99944705,9.275,9.265,9.278,9.392,9.493,8.816,8.765,8.736
11019739,K07400.01,286.40033,48.521961,Confirmed Planet,0.9816876,15.517,16.224,15.467,15.214,15.098,14.109,13.644,13.571
11021266,K05852.01,287.36044,48.5564,False Positive,9.3562613e-07,15.583,16.08,15.539,15.371,15.328,14.456,14.065,13.967
11021676,K05853.01,287.60306,48.599289,False Positive,3.5491965e-10,15.847,16.553,15.744,15.545,15.406,14.304,13.821,13.636
11026304,K01420.01,290.1127,48.577782,Confirmed Planet,0.9999894,15.825,16.698,15.761,15.451,15.316,14.157,13.675,13.489
11026582,K05854.01,290.25085,48.558701,False Positive,1.8051721e-24,14.466,14.876,14.426,14.291,14.252,13.424,13.107,13.087
11030475,K02248.02,292.23993,48.51157,Confirmed Planet,0.9999211,15.498,16.163,15.45,15.213,15.092,14.093,13.628,13.643
11030475,K02248.03,292.23993,48.51157,False Positive,0.00016238846,15.498,16.163,15.45,15.213,15.092,14.093,13.628,13.643
11030475,K02248.04,292.23993,48.51157,Confirmed Planet,0.9960581,15.498,16.163,15.45,15.213,15.092,14.093,13.628,13.643
11032748,K08039.01,293.31909,48.518608,Confirmed Planet,0.99997616,14.685,15.137,14.637,14.491,14.418,13.496,13.171,13.164
11036168,K05855.01,294.79651,48.557861,False Positive,1.4003057999999999e-18,15.138,15.625,15.077,14.929,14.849,13.955,13.554,13.528
11046723,K05857.01,298.71347,48.545479,False Positive,0.0,13.583,13.963,13.552,13.42,13.404,12.548,12.263,12.204
11068630,K07404.01,282.55869,48.63097,Confirmed Planet,0.99998677,15.591,16.116,15.483,15.366,15.257,14.389,14.079,13.982
11069681,K05859.01,283.30917,48.685829,False Positive,3.1496167e-28,13.414,14.154,13.392,13.097,12.952,11.898,11.36,11.264
11071200,K02696.01,284.41592,48.65802,Confirmed Planet,0.99999857,12.998,13.172,12.94,12.901,12.947,12.188,12.032,11.95
11071200,K02696.02,284.41592,48.65802,Confirmed Planet,0.9999999,12.998,13.172,12.94,12.901,12.947,12.188,12.032,11.95
11072016,K04852.01,284.94226,48.666512,False Positive,2.1502078e-06,14.457,14.94,14.376,14.249,14.214,13.279,12.978,12.92
11072982,K05860.01,285.56879,48.632099,False Positive,1.6558743e-10,13.581,14.252,13.527,13.293,13.142,12.081,11.628,11.513
11073656,K02206.01,285.96802,48.67905,False Positive,8.78172e-07,15.198,15.699,15.098,14.984,14.889,13.914,13.593,13.543
11074835,K02533.03,286.71564,48.645279,Confirmed Planet,0.9999634,13.274,13.991,13.23,12.967,12.845,11.843,11.333,11.242
11075279,K01431.01,287.02228,48.681938,False Positive,2.0478445e-13,13.46,13.976,13.379,13.239,13.159,12.226,11.888,11.814
11076400,K02759.01,287.72565,48.651379,False Positive,0.0031674867,14.288,15.076,14.229,13.95,13.814,12.808,12.286,12.228
11080702,K05863.01,290.00208,48.655361,Confirmed Planet,0.99963105,14.219,14.761,14.162,13.987,13.914,12.936,12.586,12.504
11081504,K04287.01,290.45831,48.661369,Confirmed Planet,0.99999034,11.265,11.57,11.216,11.134,11.139,10.314,10.115,10.044
11081504,K04287.02,290.45831,48.661369,Confirmed Planet,0.99973387,11.265,11.57,11.216,11.134,11.139,10.314,10.115,10.044
11082795,K05864.01,291.17084,48.649261,False Positive,1.313691e-11,13.791,14.461,13.708,13.504,13.367,12.319,11.871,11.806
11090926,K05866.01,295.02325,48.680649,False Positive,2.599583e-21,13.83,14.72,13.794,13.449,,11.951,11.387,11.264
11092783,K07408.01,295.83051,48.602261,Confirmed Planet,0.55339336,15.949,17.356,16.011,15.346,15.029,13.765,13.053,12.94
11097752,K05867.01,297.6507,48.617802,False Positive,2.3382073999999998e-29,12.117,12.943,12.035,11.763,11.562,10.412,9.9,9.762
11098013,K02712.01,297.74728,48.694309,False Positive,1.4701601e-07,11.125,11.39,11.066,11.011,11.036,10.186,9.963,9.948
11098704,K05868.01,298.02136,48.626141,Confirmed Planet,0.99996984,13.787,14.13,13.743,13.64,13.607,12.623,12.385,12.343
11100170,K05869.01,298.57523,48.668362,False Positive,1.08601965e-16,15.746,,15.698,15.35,15.107,13.96,13.31,13.21
11124436,K04442.01,284.35312,48.740211,Confirmed Planet,0.97777086,14.305,14.766,14.266,14.107,14.065,13.158,12.778,12.782
11125797,K03371.01,285.31381,48.72525,False Positive,0.0,13.747,14.31,13.712,13.506,13.401,12.441,12.034,11.996
11129145,K05870.01,287.46823,48.758659,Confirmed Planet,1.0,13.586,14.585,13.53,13.159,12.947,11.814,11.204,11.094
11129738,K01427.02,287.85773,48.774109,Confirmed Planet,0.99982303,15.84,17.131,15.805,15.287,15.017,13.804,13.194,13.058
11135694,K04896.01,290.90042,48.74614,False Positive,0.014075116,15.451,15.921,15.427,15.25,15.215,14.328,13.961,13.88
11135694,K04896.02,290.90042,48.74614,Confirmed Planet,0.99948907,15.451,15.921,15.427,15.25,15.215,14.328,13.961,13.88
11139682,K08043.01,292.9603,48.7005,Confirmed Planet,0.99997497,15.267,15.663,15.218,15.098,15.051,14.161,13.862,13.897
11145391,K05871.01,295.4769,48.765079,False Positive,0.0,14.645,15.208,14.616,14.403,14.357,13.356,12.941,12.85
11145637,K05872.01,295.56812,48.759811,Confirmed Planet,1.0,15.655,16.279,15.573,15.388,15.266,14.258,13.917,13.829
11147785,K05873.01,296.32471,48.783112,False Positive,7.461533e-12,12.446,13.193,12.377,12.126,11.882,10.745,10.184,10.081
11152511,K05874.01,298.06229,48.724918,False Positive,1.1268135e-25,13.618,14.19,13.55,13.373,13.281,12.264,11.871,11.775
11153121,K01647.03,298.29495,48.775459,Confirmed Planet,0.99993503,14.167,14.647,14.076,13.961,13.807,12.868,12.551,12.517
11153476,K04601.01,298.43478,48.706139,False Positive,3.376844e-05,13.757,14.129,13.698,13.598,13.538,12.719,12.471,12.434
11176166,K05875.02,283.06863,48.802078,False Positive,0.000384459,14.496,14.82,14.453,14.357,14.35,13.508,13.19,13.211
11180361,K00971.01,286.0192,48.866741,False Positive,1.18844124e-20,7.748,7.628,7.789,7.935,8.034,7.388,7.343,7.355
11181260,K04653.01,286.56033,48.893051,Confirmed Planet,0.9999981,13.52,13.838,13.452,13.383,13.376,12.556,12.273,12.255
11182213,K05876.01,287.22351,48.813251,False Positive,2.935385e-13,15.242,15.711,15.181,15.042,14.912,14.009,13.597,13.547
11182260,K07415.01,287.26074,48.846512,False Positive,7.140636e-10,13.238,13.926,13.192,12.944,12.786,11.795,11.328,11.209
11182706,K08046.01,287.59253,48.886459,False Positive,1.8666708e-09,12.656,13.468,12.611,12.307,12.117,11.031,10.467,10.358
11183752,K05877.01,288.21854,48.886742,False Positive,5.7903824e-22,15.571,16.101,15.539,15.343,15.22,14.348,13.988,13.963
11187972,K07416.01,290.478,48.854645,Confirmed Planet,0.9999999,12.052,12.964,12.165,,,11.113,10.87,10.827
11191364,K05878.01,292.33502,48.87252,False Positive,4.963928e-12,15.784,16.39,15.755,15.525,15.402,14.401,13.933,13.809
11197853,K02813.01,295.34222,48.856152,False Positive,4.007581e-06,13.586,14.228,13.561,13.311,13.169,12.121,11.613,11.514
11198419,K05879.01,295.57629,48.897861,Confirmed Planet,0.9999999,15.841,17.224,15.844,15.249,14.941,13.686,13.066,12.931
11241560,K07426.01,290.43677,48.983452,False Positive,0.0017577907,15.352,16.165,15.3,15.004,14.876,13.795,13.317,13.229
11244571,K07427.01,292.08185,48.96711,False Positive,2.6474027e-06,13.954,14.327,13.915,13.794,13.758,12.879,12.592,12.589
11246161,K02796.01,292.87418,48.936569,False Positive,1.07551655e-23,14.832,15.274,14.783,14.643,14.598,13.714,13.457,13.385
11251991,K05881.01,295.46149,48.903751,False Positive,9.403364e-25,11.083,11.232,11.033,11.002,11.063,10.269,10.123,10.124
11253711,K01972.01,296.08975,48.955372,Confirmed Planet,0.9999993,13.8,14.222,13.742,13.619,13.571,12.702,12.401,12.353
11282568,K07430.01,282.93994,49.050289,False Positive,0.002977208,11.466,12.164,11.402,11.168,11.024,9.914,9.428,9.323
11284772,K04622.02,284.56689,49.01255,Confirmed Planet,0.99994826,15.142,16.372,15.108,14.614,14.297,13.04,12.403,12.288
11286311,K07432.01,285.63681,49.009109,False Positive,1.6214895e-09,15.007,15.636,14.953,14.737,14.639,13.656,13.232,13.084
11288492,K07434.01,287.04843,49.02861,Confirmed Planet,0.9998735,14.572,15.115,14.483,14.339,14.231,13.271,12.89,12.815
11288772,K07435.01,287.22009,49.053501,False Positive,5.462458e-07,13.861,14.211,13.807,13.71,13.646,12.819,12.498,12.42
11290515,K04716.01,288.34488,49.021938,Confirmed Planet,0.7508234,12.322,12.674,12.273,12.171,12.143,11.286,11.032,10.982
11290515,K04716.02,288.34488,49.021938,Confirmed Planet,0.99935967,12.322,12.674,12.273,12.171,12.143,11.286,11.032,10.982
11294822,K08047.01,290.6962,49.066078,False Positive,6.9136046e-24,15.222,16.119,15.143,14.838,14.679,13.624,13.142,13.0
11296045,K04396.04,291.36188,49.02198,False Positive,2.0851116e-06,12.981,13.204,12.906,12.865,12.866,12.082,11.935,11.853
11296205,K08048.01,291.45468,49.043289,False Positive,2.7540406e-28,14.44,14.83,14.407,14.273,14.227,13.384,13.087,13.036
11296437,K06237.02,291.57312,49.097771,False Positive,3.8684636e-20,11.741,11.901,11.688,11.686,11.712,10.938,10.778,10.749
11296724,K07437.01,291.72018,49.084541,False Positive,9.889104e-08,15.512,16.014,15.455,15.297,15.221,14.312,14.003,14.014
11298442,K05882.01,292.61597,49.003139,Confirmed Planet,0.999998,13.113,13.525,13.063,12.936,12.919,11.992,11.716,11.628
11305417,K05883.01,295.74002,49.01152,False Positive,4.670698e-22,12.752,13.062,12.702,12.619,12.639,11.755,11.581,11.538
11336883,K01445.02,283.9368,49.110329,False Positive,2.3091387e-17,12.32,12.578,12.251,12.209,12.212,11.406,11.171,11.151
11336883,K01445.03,283.9368,49.110329,False Positive,1.2328952e-06,12.32,12.578,12.251,12.209,12.212,11.406,11.171,11.151
11337012,K04666.01,284.04172,49.138199,False Positive,2.9534804e-06,15.355,15.923,15.303,15.111,15.003,13.996,13.585,13.615
11338056,K04735.01,284.76093,49.141979,Confirmed Planet,0.99994385,14.712,15.436,14.667,14.402,14.27,13.258,12.727,12.697
11338091,K08221.01,284.79071,49.125359,False Positive,1.3516111e-15,11.097,11.424,11.096,,,10.054,9.845,9.803
11340218,K05885.01,286.12357,49.105289,False Positive,3.6007414e-10,14.889,15.422,14.807,14.661,14.571,13.687,13.31,13.223
11341164,K06238.01,286.72897,49.154945,False Positive,0.0,12.366,12.536,12.292,12.292,,11.512,11.353,11.283
11341266,K05886.01,286.79611,49.19426,False Positive,1.4484518e-27,13.074,13.307,13.005,12.973,,11.951,11.723,11.697
11342550,K01421.01,287.65045,49.156052,False Positive,4.3749674e-07,15.305,15.814,15.241,15.087,15.006,14.079,13.747,13.695
11348610,K05888.01,290.8688,49.105068,False Positive,0.0,15.491,16.099,15.426,15.23,15.108,14.15,13.732,13.728
11350118,K04509.01,291.69516,49.187859,Confirmed Planet,0.9995888,15.675,16.784,15.626,15.199,14.948,13.804,13.2,13.111
11350634,K08050.01,291.96802,49.115311,False Positive,2.6828214e-15,12.795,13.543,12.721,12.475,12.322,11.264,10.821,10.716
11351454,K05889.01,292.39926,49.173641,False Positive,1.8529399999999999e-25,15.429,15.879,15.373,15.237,15.181,14.301,13.998,13.925
11355925,K05890.01,294.52682,49.175072,False Positive,9.985515e-16,14.225,14.757,14.181,13.997,13.914,13.006,12.636,12.633
11357664,K04464.01,295.30652,49.179668,Confirmed Planet,0.99985886,15.194,16.341,15.152,14.702,14.434,13.24,12.59,12.438
11358305,K08052.01,295.59012,49.198601,Confirmed Planet,0.971829,13.41,13.814,13.355,13.238,,12.552,12.368,12.318
11358389,K02163.03,295.62659,49.130428,False Positive,3.6801619e-06,14.651,15.141,14.609,14.44,14.409,13.484,13.155,13.145
11360805,K02422.02,296.55005,49.102322,False Positive,6.3367825e-06,14.803,15.426,14.729,14.536,14.402,13.451,13.087,12.965
11361283,K02551.01,296.72305,49.106659,Confirmed Planet,0.9999999,15.846,16.696,15.802,15.483,15.393,14.44,13.804,13.766
11391512,K05891.01,285.2085,49.207829,False Positive,3.9365208e-29,15.988,16.944,15.944,15.578,15.401,14.222,13.624,13.588
11391755,K02639.01,285.36517,49.201561,Confirmed Planet,0.9998179,15.527,15.986,15.489,15.33,15.317,14.402,14.073,14.017
11391755,K02639.02,285.36517,49.201561,Confirmed Planet,0.9996896,15.527,15.986,15.489,15.33,15.317,14.402,14.073,14.017
11392362,K08053.01,285.74564,49.238869,Confirmed Planet,0.9989141,14.863,15.27,14.799,14.688,14.674,13.822,13.517,13.498
11393248,K05892.01,286.30084,49.211319,False Positive,0.00031477932,15.337,15.885,15.268,15.102,15.007,14.056,13.648,13.636
11393633,K05893.01,286.55554,49.240501,False Positive,2.8635383000000003e-21,15.006,15.551,14.952,14.773,14.697,13.751,13.359,13.236
11395587,K00350.01,287.86142,49.264462,Confirmed Planet,0.98768693,13.387,13.818,13.339,13.202,13.187,12.275,11.943,11.923
11401253,K04823.01,290.99005,49.233131,Confirmed Planet,0.9006925,12.739,13.41,12.817,12.451,12.409,11.535,11.095,11.009
11404644,K06085.01,292.7561,49.264561,False Positive,2.263632e-14,15.179,15.621,15.122,14.99,14.885,14.012,13.704,13.581
11407847,K05895.01,294.30084,49.240311,Confirmed Planet,0.99822456,15.337,15.953,15.288,15.073,14.985,14.021,13.567,13.494
11411639,K07445.01,295.92404,49.220188,False Positive,2.6358703e-07,15.804,16.407,15.757,15.545,15.455,14.499,14.069,13.89
11414368,K05896.01,296.96423,49.202339,False Positive,6.4392304e-34,14.886,15.458,14.859,14.641,14.512,13.562,13.205,13.122
11443757,K08054.01,285.08685,49.36282,Confirmed Planet,0.99998915,13.589,14.297,13.515,13.286,13.117,12.078,11.551,11.463
11444772,K05897.01,285.70541,49.342628,False Positive,9.0379194e-23,15.921,16.906,15.81,15.499,15.292,14.189,13.626,13.504
11444974,K05898.01,285.82983,49.39431,False Positive,9.748374000000001e-22,13.717,14.294,13.641,13.47,13.345,12.379,11.931,11.867
11446424,K08223.01,286.79462,49.347591,False Positive,9.7726006e-05,15.968,16.598,15.9,15.698,15.579,14.614,14.069,14.115
11446961,K05899.01,287.15372,49.33197,Confirmed Planet,0.9155635,13.899,14.477,13.825,13.652,13.577,12.651,12.263,12.151
11453349,K08055.01,290.81824,49.30558,Confirmed Planet,0.9437527,14.689,15.154,14.634,14.518,14.463,13.553,13.257,13.187
11453930,K05900.01,291.14532,49.365318,False Positive,7.927683e-13,13.127,13.348,13.053,13.019,13.014,12.185,11.973,11.943
11456256,K05901.01,292.43137,49.368561,False Positive,2.2762727999999996e-18,12.332,12.604,12.279,12.216,12.206,11.348,11.114,11.075
11457664,K05902.01,293.16309,49.383331,False Positive,3.8792233e-17,14.396,14.895,14.332,14.183,14.105,13.173,12.804,12.789
11462341,K02124.01,295.28854,49.379791,False Positive,0.05076199,14.275,15.474,14.244,13.761,13.493,12.314,11.691,11.579
11462969,K06239.01,295.56683,49.378029,False Positive,4.750565500000001e-38,13.893,14.37,13.835,13.689,13.611,12.712,12.397,12.372
11462969,K06239.02,295.56683,49.378029,False Positive,0.0,13.893,14.37,13.835,13.689,13.611,12.712,12.397,12.372
11465658,K05903.01,296.63181,49.363312,False Positive,1.864999e-16,15.327,15.969,15.253,15.053,14.931,13.908,13.497,13.361
11493378,K05905.01,283.46997,49.416962,Confirmed Planet,0.99326104,13.951,14.401,13.894,13.758,13.708,12.859,12.542,12.465
11495989,K07449.01,285.37671,49.461712,False Positive,7.8752454e-19,14.335,15.155,14.311,13.983,13.785,12.734,12.147,12.089
11502218,K00970.01,289.09323,49.424484,False Positive,1.7621393e-34,6.974,8.261,7.227,,,5.393,4.854,4.718
11506654,K04586.01,291.51758,49.43462,Confirmed Planet,0.99826556,14.39,14.803,14.336,14.213,14.164,13.284,12.981,12.908
11513366,K05907.01,294.72955,49.428478,False Positive,4.2494654e-14,13.715,14.693,13.643,13.295,13.094,11.924,11.333,11.207
11518201,K03104.01,296.68945,49.44677,False Positive,0.00084919564,15.388,15.983,15.336,15.133,15.054,14.04,13.683,13.566
11520114,K05909.01,297.39496,49.48494,False Positive,0.00013374395,15.975,16.896,15.902,15.58,15.369,14.251,13.757,13.682
11520459,K02226.01,297.52542,49.401451,Confirmed Planet,0.99999964,15.338,15.998,15.273,15.055,14.944,13.931,13.5,13.418
11520465,K05910.01,297.52707,49.404499,False Positive,1.5076594e-09,13.89,14.23,13.847,13.744,13.707,12.817,12.57,12.539
11547869,K03749.01,285.00772,49.503979,False Positive,1.7091645e-08,16.415,18.226,16.786,15.638,15.075,13.726,13.068,12.972
11551652,K07455.01,287.57501,49.551167,Confirmed Planet,0.9996737,11.419,11.635,11.396,,,10.771,10.687,10.639
11559304,K07617.01,291.97635,49.575771,False Positive,2.4349662e-05,15.72,17.302,15.889,15.043,14.58,13.355,12.716,12.517
11559493,K05911.01,292.07788,49.52961,False Positive,0.0,15.388,15.832,15.35,15.198,15.14,14.305,14.02,13.957
11565544,K03013.01,294.96811,49.556511,Confirmed Planet,0.9995982,14.698,15.208,14.643,14.479,14.403,13.501,13.155,13.132
11566064,K00353.01,295.21268,49.56218,Confirmed Planet,0.9999386,13.374,13.587,13.303,13.251,13.277,12.455,12.263,12.228
11566064,K00353.03,295.21268,49.56218,Confirmed Planet,0.98614186,13.374,13.587,13.303,13.251,13.277,12.455,12.263,12.228
11570749,K01856.01,297.07861,49.502079,False Positive,0.12424562,14.082,14.731,14.029,13.804,13.679,12.743,12.306,12.283
11598638,K05912.01,284.55368,49.6847,False Positive,2.2581073e-31,13.728,14.03,13.663,13.599,13.572,12.78,12.425,12.443
11598894,K05913.01,284.74847,49.606258,False Positive,1.70203e-11,15.409,15.91,15.37,15.195,15.13,14.273,13.819,13.772
11599937,K05915.01,285.45917,49.661942,Confirmed Planet,0.9999956,15.013,15.485,14.954,14.811,14.743,13.821,13.43,13.289
11600299,K05916.01,285.6911,49.690311,Confirmed Planet,0.9999901,12.124,13.852,12.497,11.383,10.794,9.33,8.43,8.182
11601425,K05917.01,286.3562,49.690128,Confirmed Planet,0.99999774,14.847,15.363,14.781,14.626,14.552,13.585,13.23,13.109
11601633,K05918.01,286.49686,49.614578,False Positive,1.7617838e-16,14.258,14.88,14.188,13.992,13.897,12.907,12.494,12.413
11601972,K05919.01,286.73245,49.683189,False Positive,3.5150030000000004e-23,13.511,13.717,13.442,13.421,,12.382,12.142,12.083
11602794,K07460.01,287.31912,49.65699,Confirmed Planet,0.99778515,15.597,16.226,15.517,15.328,15.217,14.213,13.791,13.783
11614808,K05921.01,293.96027,49.619312,False Positive,2.5218506e-36,13.086,13.568,13.027,12.879,,11.867,11.651,11.553
11615258,K05922.01,294.15775,49.614971,False Positive,5.5853575000000005e-30,14.666,15.059,14.608,14.497,14.449,13.57,13.326,13.328
11615521,K05923.01,294.27182,49.633869,False Positive,2.832161e-23,13.026,13.841,12.953,12.677,12.505,11.427,10.935,10.807
11616434,K05924.01,294.69086,49.626991,False Positive,3.8388496e-29,15.789,16.56,15.747,15.458,15.316,14.302,13.748,13.559
11618569,K04792.01,295.57159,49.607479,Confirmed Planet,0.99942017,14.199,14.589,14.134,14.033,13.991,13.103,12.829,12.826
11622985,K02550.01,297.24017,49.616859,Confirmed Planet,0.9999944,15.419,15.923,15.37,15.203,15.11,14.195,13.918,13.858
11623629,K00365.02,297.48691,49.623451,False Positive,3.0632635e-15,11.195,11.67,11.15,10.992,10.947,10.026,9.67,9.645
1164301,K04921.01,291.69196,36.881409,False Positive,2.7079566e-06,13.933,14.795,13.909,13.564,13.35,12.238,11.659,11.54
11650543,K07467.01,284.95026,49.747147,False Positive,6.5595927e-06,13.553,13.973,13.493,13.372,,12.356,12.057,12.001
11651240,K05925.01,285.40842,49.763641,False Positive,8.579091e-08,12.979,13.559,12.908,12.73,12.637,11.696,11.257,11.17
11652427,K05926.01,286.17105,49.71032,False Positive,4.5128636e-06,13.023,13.773,12.974,12.702,12.557,11.53,11.003,10.936
11655826,K04643.01,288.44839,49.714031,False Positive,0.39849523,15.308,15.821,15.25,15.088,15.058,14.045,13.709,13.672
11656918,K01945.02,289.02975,49.769711,False Positive,4.312802e-05,14.52,15.111,14.444,14.267,14.201,13.243,12.897,12.762
11656928,K06242.01,289.03772,49.712601,False Positive,1.44684e-25,12.914,13.104,12.851,12.815,12.838,12.081,11.827,11.805
11656928,K06242.02,289.03772,49.712601,Confirmed Planet,1.0,12.914,13.104,12.851,12.815,12.838,12.081,11.827,11.805
11656928,K06242.03,289.03772,49.712601,False Positive,7.085125e-08,12.914,13.104,12.851,12.815,12.838,12.081,11.827,11.805
11657614,K03370.01,289.43896,49.73122,False Positive,5.5197285e-07,14.779,15.593,14.698,14.43,14.316,13.181,12.696,12.603
11658036,K04771.01,289.68073,49.745831,False Positive,2.6172847e-24,13.964,14.238,13.892,13.847,13.83,13.012,12.79,12.723
11671646,K07470.01,296.53479,49.785851,False Positive,0.0,13.87,14.64,13.781,13.541,13.444,12.434,11.959,11.885
11672354,K07471.01,296.82037,49.75045,False Positive,0.013224054,15.591,16.05,15.538,15.395,15.346,14.438,14.195,13.99
11674709,K05928.01,297.74567,49.70763,False Positive,5.2498543e-09,11.957,12.882,11.926,11.56,11.337,10.103,9.508,9.426
11702948,K01465.01,286.14938,49.867512,Confirmed Planet,0.99998116,14.245,14.709,14.193,14.046,13.997,13.156,12.828,12.785
11705004,K02199.02,287.53503,49.801659,Confirmed Planet,0.9999894,15.901,16.583,15.865,15.609,15.55,14.591,14.165,14.039
11709124,K00435.02,289.78052,49.89653,False Positive,6.6382936e-06,14.534,14.981,14.489,14.342,14.282,13.389,13.089,12.986
11714107,K08063.01,292.58734,49.834469,False Positive,0.0,15.328,15.907,15.278,15.081,14.985,14.056,13.699,13.614
11716643,K05929.01,293.86526,49.800289,False Positive,1.7708764999999998e-37,14.692,15.175,14.624,14.485,14.402,13.483,13.095,13.093
11722217,K05930.01,296.2525,49.886559,False Positive,1.0768038999999999e-18,15.755,17.553,16.12,14.985,14.416,13.096,12.459,12.352
11769689,K04551.01,295.09201,49.940079,Confirmed Planet,0.99999285,14.654,15.111,14.605,14.458,14.425,13.498,13.207,13.145
11773174,K05931.01,296.55469,49.958092,False Positive,1.8379716e-24,11.794,12.066,11.737,11.677,11.678,10.847,10.588,10.594
11773328,K01906.01,296.62347,49.979172,Confirmed Planet,0.98145527,14.816,15.434,14.748,14.552,14.473,13.44,13.069,12.993
11773625,K07479.01,296.73917,49.978352,Confirmed Planet,0.99824774,13.44,13.922,13.372,13.234,13.168,12.223,11.877,11.803
11775507,K06245.01,297.51782,49.917702,False Positive,9.2462895e-12,12.431,12.621,12.362,12.352,,11.021,10.836,10.773
11775507,K06245.02,297.51782,49.917702,False Positive,0.0,12.431,12.621,12.362,12.352,,11.021,10.836,10.773
11803074,K05932.01,285.33783,50.066132,False Positive,4.3238217e-08,15.887,16.41,15.832,15.663,15.555,14.597,14.206,14.068
11804437,K04878.01,286.22812,50.01358,False Positive,3.2695058e-35,12.291,12.685,12.234,12.123,12.085,11.18,10.874,10.848
11805075,K00436.01,286.65689,50.021568,False Positive,9.72928e-21,14.74,15.348,14.661,14.479,14.375,13.412,12.995,12.913
11807906,K05933.01,288.43665,50.075722,False Positive,1.9990155e-15,13.856,14.651,13.804,13.515,13.381,12.27,11.713,11.602
11810124,K03344.03,289.66489,50.020039,False Positive,2.2495918e-10,15.254,15.746,15.227,15.043,14.959,14.037,13.69,13.604
11811382,K05934.01,290.36365,50.052608,False Positive,1.5452222e-05,13.891,14.478,13.833,13.639,13.54,12.557,12.171,12.047
11818566,K05935.01,294.2063,50.045399,False Positive,2.380737e-35,15.69,16.51,15.639,15.339,15.213,14.175,13.639,13.574
11818800,K00777.01,294.31686,50.080231,Confirmed Planet,0.99988115,15.487,16.1,15.463,15.224,15.091,14.029,13.631,13.491
11819396,K05936.01,294.56738,50.069721,Confirmed Planet,1.0,15.025,15.472,14.962,14.834,14.742,13.925,13.606,13.528
11824222,K00437.01,296.61859,50.022011,Confirmed Planet,0.99998677,14.497,15.181,14.486,14.203,14.117,13.149,12.664,12.549
11824578,K05937.01,296.7554,50.055271,False Positive,5.2653509999999996e-21,13.382,13.536,13.33,13.322,13.337,12.566,12.404,12.379
11825996,K07483.01,297.34726,50.04744,Confirmed Planet,0.8252623,13.132,13.631,13.097,12.919,12.848,11.897,11.589,11.56
11853130,K03263.01,285.09586,50.10096,Confirmed Planet,0.67127556,15.949,17.525,16.118,15.273,14.854,13.558,12.886,12.726
11854636,K07484.01,286.10281,50.126541,False Positive,2.0999134e-07,15.424,15.967,15.355,15.191,15.091,14.17,13.856,13.778
11856178,K06246.01,287.16504,50.113232,Confirmed Planet,0.9999987,11.767,12.111,11.704,11.619,11.594,10.774,10.496,10.459
11860294,K05938.01,289.65347,50.12801,False Positive,1.026983e-30,12.812,13.141,12.706,12.671,12.571,11.787,11.463,11.442
11868941,K05939.01,294.35275,50.185989,False Positive,2.735098e-14,13.724,14.037,13.673,13.589,13.568,12.749,12.528,12.48
11870545,K01510.01,295.08423,50.114609,False Positive,0.0022269248,15.929,16.742,15.866,15.581,15.414,14.346,13.898,13.873
11872364,K08232.01,295.86533,50.13348,False Positive,0.0,15.053,15.63,14.953,14.806,14.606,13.582,13.201,13.03
11904704,K07489.01,286.03839,50.294441,False Positive,8.5558185e-07,14.722,15.417,14.651,14.424,14.307,13.351,12.882,12.858
11904734,K01764.01,286.0528,50.256592,False Positive,0.36957633,15.303,16.067,15.262,14.976,14.812,13.776,13.329,13.185
11904835,K08068.01,286.12177,50.279449,Confirmed Planet,0.8616894,15.807,16.287,15.763,15.602,15.53,14.616,14.303,14.184
11905398,K05940.01,286.48987,50.230068,Confirmed Planet,0.9999999,15.627,16.208,15.57,15.378,15.272,14.304,13.877,13.876
11905409,K03312.01,286.50211,50.246189,Confirmed Planet,0.99821174,15.739,16.21,15.683,15.537,15.454,14.563,14.202,14.156
11910670,K05941.01,289.65152,50.282619,False Positive,0.37326765,13.783,14.34,13.742,13.544,13.437,12.501,12.065,12.031
11911929,K05942.01,290.3689,50.27055,False Positive,4.7910414e-20,13.325,14.093,13.278,12.995,12.826,11.743,11.24,11.135
11918099,K00780.02,293.83331,50.23035,Confirmed Planet,0.9999999,15.334,16.11,15.283,15.001,14.882,13.81,13.3,13.195
11922778,K03408.01,296.0069,50.281811,Confirmed Planet,0.99999976,14.821,15.291,14.767,14.62,14.525,13.658,13.292,13.219
11923213,K05943.01,296.20459,50.236328,False Positive,7.6250440000000005e-22,14.172,14.537,14.14,14.015,13.986,13.112,12.826,12.778
11959893,K05945.01,289.58356,50.348137,False Positive,5.6211097e-36,12.717,13.184,12.656,12.518,,11.75,11.569,11.513
11966643,K05946.01,293.52264,50.308079,False Positive,5.0470104e-13,13.612,13.994,13.559,13.448,13.393,12.53,12.232,12.183
11967788,K04021.01,294.03436,50.371651,Confirmed Planet,0.9999964,13.166,12.924,13.247,12.513,12.747,11.797,11.538,11.487
11967788,K04021.02,294.03436,50.371651,Confirmed Planet,0.99795014,13.166,12.924,13.247,12.513,12.747,11.797,11.538,11.487
11968463,K02433.04,294.33847,50.33654,Confirmed Planet,0.9999988,15.212,15.611,15.145,15.041,14.952,14.156,13.851,13.819
11968463,K02433.06,294.33847,50.33654,Confirmed Planet,0.99999166,15.212,15.611,15.145,15.041,14.952,14.156,13.851,13.819
11968463,K02433.07,294.33847,50.33654,Confirmed Planet,0.9998759,15.212,15.611,15.145,15.041,14.952,14.156,13.851,13.819
11970050,K04893.01,295.08194,50.344601,Confirmed Planet,0.9999949,15.652,16.135,15.597,15.445,15.377,14.5,14.182,14.019
11970988,K04129.01,295.52948,50.370399,False Positive,0.0005526616,13.506,14.17,13.423,13.221,13.103,12.046,11.628,11.58
11973517,K04862.01,296.59799,50.356651,False Positive,1.667731e-07,15.697,16.788,15.657,15.23,14.947,13.849,13.207,13.056
11974540,K00129.02,297.00943,50.372318,False Positive,1.7976112e-31,13.224,13.484,13.17,13.113,13.089,12.269,12.042,12.034
12007270,K05948.01,288.18256,50.49836,False Positive,1.2265039e-27,13.843,14.303,13.796,13.646,13.571,12.68,12.307,12.282
12009917,K05949.01,289.68549,50.409229,False Positive,5.2366345e-34,13.295,13.664,13.229,13.137,13.06,12.194,11.856,11.823
12016243,K07506.01,293.49564,50.48064,Confirmed Planet,0.9993079,15.193,15.668,15.146,14.989,14.937,14.036,13.632,13.609
12016267,K02590.02,293.50702,50.450119,Confirmed Planet,0.9999677,11.638,11.931,11.583,11.513,11.5,10.661,10.452,10.406
12020376,K05950.01,295.4801,50.42128,False Positive,3.425536e-09,13.718,14.286,13.65,13.474,13.36,12.362,11.956,11.871
12066767,K05951.01,294.17059,50.593632,False Positive,2.3038376e-34,15.779,16.439,15.75,15.496,15.32,14.376,13.867,13.801
12067960,K07510.01,294.73962,50.566841,Confirmed Planet,0.9999844,15.289,15.808,15.23,15.067,15.013,14.116,13.689,13.593
12071754,K04914.01,296.40094,50.558338,False Positive,6.381297e-09,14.211,14.654,14.164,14.021,14.001,13.131,12.817,12.754
12071775,K05952.01,296.40887,50.585171,False Positive,7.1083537000000005e-28,15.025,15.563,15.0,14.794,14.743,13.823,13.423,13.359
12072872,K03017.01,296.85925,50.560162,Confirmed Planet,0.99909115,13.308,13.762,13.272,13.114,13.063,12.144,11.826,11.757
12102775,K05953.01,286.39944,50.625679,False Positive,6.1922634e-08,15.479,16.183,15.391,15.177,15.074,14.117,13.648,13.508
12105051,K00141.01,288.0383,50.651611,Confirmed Planet,0.96469617,13.687,14.261,13.618,13.441,13.384,12.489,12.052,11.986
12105086,K05954.01,288.05573,50.65369,Confirmed Planet,1.0,13.144,13.596,13.086,12.95,12.923,12.047,11.729,11.645
12109267,K04457.01,290.51242,50.649288,Confirmed Planet,1.0,13.815,14.158,13.764,13.668,13.632,12.765,12.471,12.444
12110901,K05955.01,291.59988,50.635891,False Positive,0.0006025385,14.451,15.049,14.372,14.195,14.09,13.141,12.708,12.642
12116489,K00547.02,294.5704,50.673019,Confirmed Planet,0.9997569,14.773,15.449,14.684,14.484,14.391,13.335,12.94,12.862
12120943,K01458.01,296.57153,50.677849,Confirmed Planet,0.8905154,15.703,16.193,15.615,15.493,15.434,14.63,14.193,14.18
12121701,K05956.01,296.90057,50.628059,False Positive,5.3802136e-22,15.611,16.084,15.553,15.408,15.349,14.435,14.204,14.123
12154526,K02004.03,288.64627,50.788979,False Positive,3.4458758e-09,13.351,13.818,13.268,13.15,13.05,12.174,11.872,11.803
12156930,K08076.01,290.03943,50.768501,Confirmed Planet,0.9996432,13.74,14.106,13.693,13.583,13.603,12.687,12.426,12.377
12168280,K08297.01,295.97794,50.771481,False Positive,2.6790440000000004e-23,10.505,10.714,10.435,10.412,10.409,9.618,9.448,9.403
12168895,K05959.01,296.24155,50.78051,False Positive,5.7529196e-05,14.495,14.962,14.455,14.294,14.249,13.379,13.022,13.0
12168993,K03105.01,296.28064,50.755669,False Positive,8.214681e-08,15.277,15.981,15.238,14.975,14.848,13.849,13.36,13.262
12170767,K05960.01,297.0217,50.769112,Confirmed Planet,0.9999058,13.325,13.858,13.273,13.097,12.984,12.013,11.624,11.581
12204137,K04590.01,288.87082,50.815559,Confirmed Planet,0.99999046,15.836,16.54,15.794,15.534,15.429,14.489,14.086,13.894
12208631,K02449.01,291.55051,50.825611,Confirmed Planet,0.9999918,15.114,15.632,15.067,14.891,14.85,13.931,13.554,13.52
12208631,K02449.02,291.55051,50.825611,False Positive,1.7326589e-06,15.114,15.632,15.067,14.891,14.85,13.931,13.554,13.52
12251650,K00621.01,287.46097,50.975071,False Positive,1.3321546e-06,14.762,15.443,14.736,14.47,14.347,13.352,12.801,12.735
12253474,K01947.01,288.63483,50.912231,Confirmed Planet,0.9999982,12.335,12.709,12.271,12.175,12.153,11.269,10.989,10.944
12253490,K05961.01,288.64325,50.90118,False Positive,3.4834693e-06,15.053,15.995,15.083,14.65,14.439,13.321,12.746,12.663
12253769,K03310.01,288.80457,50.99062,Confirmed Planet,0.9999771,13.55,14.084,13.478,13.321,13.278,12.297,11.953,11.855
12254688,K02384.01,289.37381,50.934341,False Positive,5.1739957e-05,13.072,13.247,13.013,12.961,12.988,12.18,11.988,11.944
12256520,K02264.02,290.34851,50.902851,Confirmed Planet,0.9999968,14.477,15.049,14.422,14.231,14.171,13.223,12.822,12.737
12257999,K02577.01,291.28772,50.909149,Confirmed Planet,0.99999607,13.506,13.723,13.434,13.382,13.389,12.594,12.388,12.367
12265786,K04595.01,295.41479,50.979012,Confirmed Planet,0.99974865,15.509,16.234,15.459,15.198,15.04,14.041,13.548,13.399
12266099,K08077.01,295.57001,50.9049,Confirmed Planet,0.99990284,14.427,15.263,14.36,14.069,13.891,12.798,12.25,12.182
12266636,K01522.02,295.80658,50.909801,Confirmed Planet,0.9995377,14.264,14.778,14.217,14.044,14.007,13.074,12.767,12.681
12300524,K05964.01,287.09006,51.01606,Confirmed Planet,0.9536325,13.186,13.605,13.114,13.006,12.985,12.115,11.787,11.754
12301181,K02059.02,287.59009,51.06057,Confirmed Planet,0.847592,12.906,13.717,12.881,12.558,12.39,11.305,10.791,10.664
12304728,K07520.01,289.82199,51.063492,False Positive,1.2340694e-08,14.386,14.757,14.349,14.227,14.19,13.328,12.998,12.916
12307496,K08078.01,291.55447,51.043201,False Positive,9.3951e-22,14.169,14.885,14.129,13.862,13.708,12.63,12.028,11.978
12349560,K05965.01,286.93784,51.123508,Confirmed Planet,0.9999974,15.944,16.763,15.816,15.593,15.361,14.26,13.671,13.574
12350136,K05966.01,287.35873,51.158321,False Positive,0.0,14.63,15.874,14.628,14.097,13.829,12.64,11.985,11.848
12366084,K00787.03,295.81616,51.121738,False Positive,5.304226e-21,15.367,15.912,15.311,15.133,15.081,14.179,13.799,13.765
12401132,K04829.01,287.70197,51.229729,Confirmed Planet,0.99654955,14.12,14.468,14.07,13.971,13.957,13.088,12.864,12.798
12401859,K05967.01,288.142,51.245602,False Positive,2.5196720000000003e-17,12.26,13.051,12.187,11.921,11.777,10.713,10.214,10.085
12402588,K05968.01,288.53769,51.280384,False Positive,6.073846e-11,11.366,12.022,11.429,,,10.529,10.254,10.205
12406807,K03091.02,290.88831,51.248169,Confirmed Planet,0.9999887,15.372,15.758,15.341,15.206,15.173,14.315,14.049,13.98
12416597,K04895.01,295.51495,51.203739,Confirmed Planet,0.99999833,14.732,15.225,14.663,14.522,14.363,13.383,13.052,13.0
12416597,K04895.02,295.51495,51.203739,Confirmed Planet,0.9999988,14.732,15.225,14.663,14.522,14.363,13.383,13.052,13.0
12416987,K02933.01,295.67798,51.257839,False Positive,0.0022945795,15.823,16.811,15.813,15.4,15.179,14.05,13.47,13.328
12417486,K00622.01,295.88028,51.26379,False Positive,0.054713953,14.932,15.591,14.867,14.649,14.519,13.502,13.039,12.989
12418418,K05971.01,296.26324,51.26609,False Positive,4.5644986000000004e-27,13.771,14.64,13.741,13.398,13.212,12.107,11.557,11.443
12454800,K07534.01,288.29788,51.326519,Confirmed Planet,0.98767054,13.853,14.233,13.789,13.69,13.653,12.746,12.472,12.422
12456063,K04329.01,289.01178,51.376019,Confirmed Planet,0.99999654,12.018,12.312,11.964,11.892,11.878,11.128,10.83,10.806
12458605,K04605.01,290.42307,51.388729,False Positive,4.9729897e-07,13.515,13.935,13.467,13.336,13.304,12.427,12.129,12.109
12458817,K07535.01,290.54504,51.32362,False Positive,3.733806e-10,15.37,16.026,15.348,15.089,14.932,13.921,13.403,13.409
12505590,K05972.01,288.62769,51.400131,False Positive,0.0,15.29,15.937,15.221,15.012,14.872,13.941,13.441,13.436
12506986,K05973.01,289.4024,51.441738,False Positive,4.277596e-34,12.71,12.912,12.643,12.584,12.605,11.822,11.591,11.558
12509829,K04264.01,291.06168,51.404781,False Positive,5.6342626e-32,15.85,16.432,15.796,15.601,15.5,14.567,14.158,14.063
12519942,K07539.01,296.28311,51.404362,Confirmed Planet,0.99984384,14.813,15.565,14.75,14.49,14.363,13.355,12.829,12.806
12554212,K05974.01,288.9162,51.534962,Confirmed Planet,1.0,13.442,14.344,13.406,13.057,,11.886,11.287,11.203
12554485,K08238.01,289.09082,51.532009,False Positive,2.0615576e-17,14.322,14.888,14.275,14.079,13.982,13.067,12.697,12.608
12554634,K04714.01,289.18149,51.562538,False Positive,6.3013945e-14,15.277,15.894,15.205,15.013,14.887,13.931,13.431,13.443
12555616,K07540.01,289.82422,51.552029,Confirmed Planet,0.9999101,13.852,14.398,13.797,13.618,13.539,12.613,12.234,12.178
12600735,K00548.02,289.50067,51.68573,False Positive,1.0931164e-08,14.02,14.358,13.965,13.874,13.845,13.074,12.812,12.715
12602314,K02853.01,290.43323,51.626041,False Positive,0.21331914,14.946,15.656,14.876,14.642,14.525,13.507,13.033,13.001
12602999,K08082.01,290.87411,51.685181,False Positive,7.883468e-05,12.43,12.631,12.363,12.321,12.349,11.53,11.362,11.296
12645057,K04497.01,289.26697,51.751221,Confirmed Planet,0.999997,15.17,15.643,15.118,14.968,14.892,14.014,13.639,13.571
12647577,K04530.01,290.73434,51.770962,Confirmed Planet,0.9999995,14.241,14.739,14.182,14.027,13.941,13.075,12.702,12.65
12647757,K08241.01,290.86276,51.701908,False Positive,4.2305344e-38,13.227,14.01,13.168,12.891,12.731,11.6,11.084,10.995
12690465,K05977.01,289.70395,51.871689,False Positive,1.1064058e-13,13.841,14.058,13.769,13.683,13.697,12.899,12.718,12.68
12734110,K05978.01,288.71906,51.914211,False Positive,3.3577377000000003e-21,14.923,15.732,14.847,14.577,14.436,13.401,12.883,12.819
12734396,K04303.01,288.90952,51.930561,False Positive,1.0450186e-08,15.511,16.006,15.457,15.299,15.204,14.357,13.938,13.873
12735793,K05979.01,289.79166,51.993721,Confirmed Planet,0.9470295,11.982,12.33,11.918,11.833,11.83,10.935,10.639,10.593
12737015,K04245.01,290.48007,51.965012,Confirmed Planet,0.99999154,13.572,13.962,13.515,13.405,13.369,12.449,12.197,12.159
12785320,K00298.02,290.49426,52.055519,Confirmed Planet,0.99947065,12.713,13.553,12.67,12.355,,11.295,10.946,10.885
12885212,K02184.02,290.17502,52.220341,Confirmed Planet,0.9999974,15.504,16.288,15.458,15.169,14.98,14.016,13.389,13.264
1293379,K06253.01,291.11398,36.994061,False Positive,1.3537351e-08,15.979,16.62,15.906,15.705,15.547,14.595,14.224,14.184
1429589,K04923.01,290.75626,37.089809,False Positive,3.068021e-09,13.195,13.617,13.161,13.015,12.958,12.127,11.846,11.796
1431122,K00994.01,291.14249,37.061321,Confirmed Planet,0.9999815,14.613,15.224,14.534,14.352,14.287,13.284,12.909,12.835
1432789,K00992.02,291.49942,37.05928,Confirmed Planet,0.9994949,15.214,15.743,15.17,14.988,14.927,13.998,13.664,13.621
1717722,K03145.02,290.61798,37.289089,False Positive,2.6072469e-12,15.689,16.554,15.617,15.319,15.128,14.058,13.46,13.358
1718189,K00993.03,290.72867,37.252651,Confirmed Planet,0.99990153,14.246,14.719,14.184,14.043,13.973,13.118,12.759,12.732
1721157,K04644.01,291.45734,37.206841,Confirmed Planet,0.9987018,15.144,15.889,15.077,14.825,14.688,13.699,13.21,13.119
1723078,K07624.01,291.86801,37.269878,False Positive,0.0,12.668,13.118,12.624,12.475,12.449,11.547,11.318,11.226
1724719,K04212.02,292.20471,37.221218,Confirmed Planet,0.99995303,13.96,14.382,13.91,13.779,13.707,12.888,12.604,12.59
1865864,K04926.01,290.87305,37.362179,Confirmed Planet,0.9999558,15.572,16.415,15.535,15.211,15.044,13.929,13.382,13.289
1871483,K06256.01,292.13239,37.388481,Confirmed Planet,0.96695864,15.729,16.574,15.677,15.367,15.118,14.047,13.512,13.444
1996180,K02534.02,286.3443,37.411968,False Positive,0.1917661,13.925,14.323,13.866,13.755,13.708,12.861,12.569,12.503
2019199,K04931.01,292.48621,37.404339,False Positive,0.0,14.473,14.99,14.402,14.251,14.124,13.228,12.918,12.824
2019477,K06093.01,292.55194,37.421211,False Positive,0.0043562497,13.33,13.875,13.292,13.097,12.976,12.08,11.71,11.667
2019477,K06093.02,292.55194,37.421211,Confirmed Planet,0.99998665,13.33,13.875,13.292,13.097,12.976,12.08,11.71,11.667
2158460,K04932.01,291.06418,37.535751,Confirmed Planet,0.9997819,15.892,16.377,15.856,15.684,15.593,14.749,14.391,14.31
2161949,K06259.01,291.8129,37.55587,Confirmed Planet,0.9702781,14.595,15.181,14.534,14.343,14.234,13.31,12.953,12.809
2161949,K06259.02,291.8129,37.55587,False Positive,9.344511e-05,14.595,15.181,14.534,14.343,14.234,13.31,12.953,12.809
2162635,K01032.01,291.97754,37.532551,False Positive,1.927226e-05,13.862,14.715,13.817,13.497,13.296,12.204,11.681,11.582
2283362,K06262.01,286.11075,37.611851,False Positive,3.9554674e-21,15.771,16.419,15.713,15.493,15.387,14.455,14.041,13.952
2284957,K08085.01,286.61917,37.62624,False Positive,9.503478e-08,14.547,15.012,14.512,14.348,14.242,13.391,13.022,13.003
2299738,K07628.01,290.71725,37.64901,False Positive,0.000196043,13.961,14.635,13.901,13.672,13.538,12.514,12.056,11.966
2301068,K06263.01,291.02719,37.613911,Confirmed Planet,0.82915103,12.765,13.438,12.705,12.477,12.338,11.321,10.897,10.794
2302997,K07630.01,291.4549,37.67712,Confirmed Planet,0.99998736,14.709,16.072,14.708,14.124,13.812,12.621,11.933,11.786
2303903,K04709.01,291.64294,37.632408,Confirmed Planet,0.9997763,15.947,16.591,15.899,15.671,15.543,14.601,14.104,14.086
2305866,K02610.01,292.09332,37.61348,Confirmed Planet,0.99999535,12.605,12.969,12.547,12.449,,11.529,11.34,11.271
2305866,K02610.02,292.09332,37.61348,Confirmed Planet,0.99443334,12.605,12.969,12.547,12.449,,11.529,11.34,11.271
2307199,K00151.01,292.37476,37.630959,False Positive,1.8282569e-09,14.0,14.391,13.952,13.832,13.76,12.891,12.605,12.554
2310993,K04938.01,293.22018,37.610699,False Positive,0.21927373,15.551,15.98,15.491,15.367,15.273,14.409,14.111,14.071
2422820,K06267.01,286.13458,37.799881,Confirmed Planet,0.99998593,15.365,15.964,15.328,15.108,14.954,14.062,13.648,13.538
2443393,K02603.01,291.45755,37.742935,Confirmed Planet,0.9999994,12.643,13.076,12.587,12.457,,11.65,11.411,11.359
2446113,K00379.02,292.05676,37.776192,Confirmed Planet,0.9999833,13.319,13.651,13.303,13.177,13.07,11.915,11.603,11.517
2449245,K06274.01,292.73026,37.787182,False Positive,0.00014005252,15.324,15.792,15.274,15.123,15.039,14.188,13.862,13.758
2449431,K02009.01,292.77399,37.797691,Confirmed Planet,1.0,13.82,14.296,13.777,13.616,13.519,12.65,12.318,12.251
2555080,K04943.01,286.0947,37.846722,Confirmed Planet,0.9999994,13.297,14.306,13.266,12.864,,11.35,10.625,10.495
2557350,K06276.01,286.81915,37.859009,False Positive,0.04879578,15.87,17.408,16.029,15.211,14.774,13.527,12.925,12.718
2558163,K04655.01,287.06534,37.899479,Confirmed Planet,0.99991584,15.388,15.865,15.354,15.184,15.092,14.193,13.794,13.769
2572029,K04581.01,290.60806,37.801891,Confirmed Planet,0.9990458,13.549,13.981,13.494,13.363,13.315,12.458,12.161,12.092
2576962,K04333.01,291.7005,37.843731,False Positive,1.4149465e-25,14.205,14.673,14.15,14.005,13.935,13.086,12.756,12.701
2577353,K07635.01,291.78079,37.811508,Confirmed Planet,0.9788269,14.544,15.086,14.495,14.312,14.215,13.319,13.036,12.924
2579043,K02064.01,292.13525,37.889622,Confirmed Planet,0.9999999,14.959,15.375,14.917,14.78,14.724,13.869,13.568,13.527
2696205,K07636.01,286.89841,37.93745,False Positive,3.826462e-11,14.99,15.664,14.927,14.702,14.577,13.539,13.169,13.007
2715695,K03077.02,292.03348,37.974548,Confirmed Planet,0.9999933,15.958,16.871,15.896,15.567,15.379,14.246,13.735,13.697
2716801,K03053.02,292.25464,37.97142,Confirmed Planet,0.99972564,15.761,16.303,15.723,15.529,15.447,14.507,14.172,14.081
2716979,K06291.01,292.29626,37.93306,Confirmed Planet,0.7219369,13.303,13.734,13.271,13.119,13.083,12.166,11.843,11.83
2832589,K01942.02,286.00674,38.009541,Confirmed Planet,0.9964598,15.409,16.077,15.345,15.123,15.034,13.99,13.556,13.44
2834463,K06293.01,286.58701,38.00108,Confirmed Planet,0.97028697,14.199,14.6,14.152,14.027,13.98,13.124,12.827,12.794
2834805,K07638.01,286.70145,38.042191,Confirmed Planet,0.94464326,12.55,12.932,12.482,12.386,12.352,11.455,11.207,11.13
2837111,K01110.02,287.44409,38.088428,False Positive,0.0008831351,14.794,15.273,14.725,14.588,14.497,13.585,13.244,13.202
2849140,K03416.01,290.73328,38.00721,Confirmed Planet,0.99999404,15.353,15.916,15.304,15.112,15.029,14.082,13.729,13.708
2852810,K06097.01,291.51575,38.058418,False Positive,2.4258044000000002e-26,12.749,12.927,12.69,12.643,12.667,11.877,11.706,11.664
2852810,K06097.02,291.51575,38.058418,False Positive,1.9182555e-05,12.749,12.927,12.69,12.643,12.667,11.877,11.706,11.664
2852810,K06097.03,291.51575,38.058418,False Positive,3.564335e-21,12.749,12.927,12.69,12.643,12.667,11.877,11.706,11.664
2852810,K06097.04,291.51575,38.058418,False Positive,2.3712195e-12,12.749,12.927,12.69,12.643,12.667,11.877,11.706,11.664
2852941,K04298.01,291.54343,38.048759,Confirmed Planet,0.9996829,13.458,13.659,13.332,13.372,13.243,12.402,12.154,12.159
2853029,K03259.01,291.56476,38.074589,Confirmed Planet,0.999998,15.679,16.307,15.622,15.41,15.296,14.259,13.875,13.778
2853446,K01118.01,291.65097,38.028179,Confirmed Planet,0.9999825,13.835,14.216,13.785,13.672,13.591,12.761,12.484,12.43
2853780,K02081.01,291.72916,38.070019,Confirmed Planet,1.0,13.439,14.161,13.373,13.13,12.975,11.892,11.419,11.341
2854181,K02232.02,291.81302,38.088181,Confirmed Planet,0.9995703,15.331,15.897,15.272,15.089,14.97,14.041,13.689,13.57
2859893,K04418.01,293.01489,38.012402,False Positive,6.979848000000001e-23,15.954,16.536,15.894,15.705,15.621,14.645,14.261,14.23
2860656,K04857.01,293.17578,38.042019,Confirmed Planet,0.99990845,15.392,15.907,15.35,15.171,15.085,14.101,13.8,13.76
2860866,K01103.01,293.22391,38.033581,Confirmed Planet,0.99999976,14.96,15.395,14.892,14.774,14.822,13.968,13.698,13.593
2861126,K04957.02,293.2811,38.082241,Confirmed Planet,0.9996611,15.555,17.128,15.728,14.88,14.447,13.204,12.551,12.372
2861298,K04958.01,293.31863,38.005466,False Positive,0.0,12.362,12.964,12.313,12.103,,11.133,10.777,10.725
2970670,K06299.01,286.07114,38.16761,False Positive,7.015836e-07,13.853,14.368,13.805,13.632,13.547,12.659,12.264,12.223
2973386,K03034.01,286.98013,38.165218,Confirmed Planet,0.99998105,15.572,16.951,15.585,14.981,14.629,13.452,12.774,12.609
2975770,K01788.02,287.73755,38.114559,False Positive,1.7910547999999999e-35,14.521,15.413,14.462,14.138,14.005,12.92,12.382,12.251
2976017,K04849.01,287.81729,38.194809,False Positive,0.0028304646,14.261,14.8,14.217,14.029,13.924,12.955,12.543,12.477
2984990,K07641.01,290.32401,38.111111,False Positive,2.6748468e-05,14.816,15.46,14.762,14.54,14.38,13.391,12.957,12.845
2985587,K02807.01,290.48007,38.136688,Confirmed Planet,0.99999285,13.91,14.303,13.852,13.742,13.662,12.828,12.584,12.537
2986833,K04875.01,290.78214,38.18779,False Positive,2.8380626e-10,15.783,17.267,15.898,15.147,14.719,13.48,12.805,12.639
2992634,K04960.01,292.07803,38.153831,False Positive,0.0008860574,14.395,14.813,14.33,14.217,14.128,13.262,13.012,13.009
2994092,K06301.01,292.40063,38.134579,Confirmed Planet,0.9990958,15.923,16.342,15.882,15.744,15.719,14.868,14.612,14.558
2997459,K04389.01,293.13098,38.159679,False Positive,0.003574588,15.05,15.701,14.947,14.771,14.942,13.798,13.545,13.415
3001955,K04961.01,294.0845,38.156319,False Positive,0.0,15.325,16.232,15.234,14.936,14.759,13.716,13.189,12.959
3002478,K02380.01,294.18561,38.108669,Confirmed Planet,0.99975735,14.216,14.675,14.135,14.019,13.922,13.059,12.717,12.667
3097926,K02186.01,285.90848,38.212719,Confirmed Planet,0.9999999,15.549,16.342,15.485,15.21,15.051,14.004,13.525,13.408
3098605,K04844.01,286.14777,38.241798,False Positive,2.04164e-35,15.247,15.91,15.192,14.964,14.835,13.854,13.418,13.299
3101178,K04963.01,287.04688,38.231617,Confirmed Planet,1.0,11.679,12.278,11.628,11.423,,11.246,11.001,10.975
3101923,K03483.01,287.32269,38.279709,Confirmed Planet,1.0,14.872,15.28,14.834,14.698,14.662,13.829,13.508,13.486
3103212,K04145.01,287.75903,38.281551,False Positive,2.578145e-06,14.359,14.899,14.273,14.128,13.986,13.107,12.718,12.604
3103473,K04395.01,287.84,38.255489,Confirmed Planet,0.997194,15.686,16.353,15.64,15.401,15.282,14.224,13.823,13.742
3109550,K03225.01,289.67175,38.297871,False Positive,4.0976042e-06,12.207,12.768,12.137,11.966,11.901,10.947,10.552,10.501
3110177,K07644.01,289.84286,38.237049,False Positive,0.0005526561,14.803,15.337,14.758,14.574,14.497,13.509,13.149,13.085
3112129,K04144.01,290.33719,38.205009,False Positive,3.5198515e-14,14.374,14.833,14.326,14.177,14.123,13.313,13.001,12.969
3115833,K00797.01,291.28195,38.241669,False Positive,0.00978854,15.657,16.162,15.621,15.441,15.32,14.408,14.036,13.939
3122872,K03203.01,292.89218,38.270512,Confirmed Planet,0.99999595,11.816,11.97,11.765,11.728,11.75,11.002,10.848,10.82
3128552,K02055.04,294.15271,38.23304,Confirmed Planet,0.9999894,14.523,15.04,14.476,14.301,14.225,13.332,12.957,12.924
3129238,K07645.01,294.3035,38.203011,False Positive,8.231925e-09,12.334,12.908,12.287,12.088,11.985,11.059,10.654,10.579
3219037,K03395.01,286.54041,38.3326,Confirmed Planet,0.99996865,14.634,15.123,14.603,14.424,14.362,13.461,13.144,13.047
3219037,K03395.02,286.54041,38.3326,Confirmed Planet,0.99996006,14.634,15.123,14.603,14.424,14.362,13.461,13.144,13.047
3219643,K03072.01,286.76147,38.34351,Confirmed Planet,0.9999999,15.581,16.311,15.516,15.268,15.102,14.078,13.57,13.537
3223433,K04548.01,288.12555,38.347431,Confirmed Planet,0.99999833,14.748,15.324,14.719,14.501,14.389,13.444,13.042,12.986
3229028,K06100.02,289.81143,38.324951,Confirmed Planet,0.99999917,13.036,13.388,12.99,12.885,12.887,11.989,11.733,11.661
3229150,K02150.02,289.84286,38.309601,Confirmed Planet,0.99997234,15.253,15.752,15.184,15.039,14.95,14.015,13.725,13.611
3230491,K01096.01,290.18304,38.321941,False Positive,0.0,14.709,15.241,14.656,14.481,14.391,13.425,13.041,12.971
3230805,K03068.01,290.26028,38.354988,Confirmed Planet,0.9999112,14.976,15.758,14.928,14.641,14.49,13.477,12.907,12.831
3230805,K03068.02,290.26028,38.354988,Confirmed Planet,0.99991226,14.976,15.758,14.928,14.641,14.49,13.477,12.907,12.831
3232249,K07648.01,290.6864,38.355598,False Positive,3.36773e-11,15.424,16.312,15.35,15.044,14.975,13.926,13.432,13.413
3236705,K03343.01,291.85522,38.393131,False Positive,0.033700433,14.97,15.462,14.901,14.759,14.633,13.733,13.41,13.334
3239171,K04967.01,292.47034,38.394341,Confirmed Planet,0.9999989,15.63,16.077,15.571,15.438,15.35,14.449,14.14,14.138
3240158,K01106.03,292.7131,38.358212,False Positive,0.11473196,14.818,15.242,14.762,14.636,14.551,13.684,13.394,13.392
3242039,K04969.01,293.20349,38.341801,False Positive,1.4597306e-28,13.815,14.134,13.76,13.678,13.623,12.749,12.512,12.446
3245969,K01101.02,294.11566,38.393478,Confirmed Planet,0.9999795,15.681,16.474,15.611,15.342,15.191,14.121,13.627,13.514
3246867,K06315.01,294.34146,38.340519,Confirmed Planet,0.9999999,14.44,15.212,14.385,14.109,13.937,12.863,12.336,12.232
3248501,K02052.01,294.69772,38.364159,False Positive,2.765513e-10,15.341,15.788,15.283,15.15,15.065,14.246,14.043,13.884
3249334,K06318.01,294.87888,38.397812,Confirmed Planet,0.9999995,15.734,16.524,15.668,15.396,15.232,14.181,13.598,13.591
3324069,K06320.01,285.64093,38.418732,Confirmed Planet,0.9786695,13.124,13.906,13.087,12.789,12.589,11.535,11.049,10.937
3329204,K01095.01,287.61688,38.402321,False Positive,0.015809469,15.617,16.184,15.554,15.374,15.262,14.338,13.865,13.914
3340165,K04972.01,290.9241,38.438339,Confirmed Planet,0.99999976,13.98,14.325,13.94,13.832,13.818,13.003,12.695,12.678
3345675,K01772.01,292.30069,38.402142,False Positive,8.030874e-05,15.635,16.842,15.662,15.118,14.755,13.585,12.957,12.806
3346543,K06329.01,292.52939,38.489079,Confirmed Planet,0.9999622,14.024,14.444,13.98,13.844,13.794,12.946,12.689,12.619
3348216,K03448.01,292.96008,38.431431,Confirmed Planet,0.9920821,14.863,15.239,14.821,14.701,14.662,13.82,13.557,13.476
3355104,K04975.01,294.63104,38.404549,Confirmed Planet,0.99997056,15.706,16.261,15.637,15.469,15.317,14.429,14.108,14.071
3356156,K04976.01,294.86414,38.480183,False Positive,4.6773540000000005e-25,13.62,14.1,13.568,13.414,,12.511,12.34,12.273
3356193,K06331.01,294.87256,38.43446,False Positive,2.2342367e-05,15.902,16.487,15.859,15.651,15.524,14.573,14.228,14.174
3425363,K04977.01,285.5293,38.548141,False Positive,0.0012227262,15.573,16.636,15.527,15.118,14.91,13.786,13.172,13.052
3425851,K00268.01,285.72879,38.506973,False Positive,0.0059021683,10.56,11.102,10.601,,,9.948,12.546,9.604
3428127,K04978.01,286.59076,38.5583,False Positive,1.4808484499999998e-36,15.278,15.901,15.229,15.012,14.901,13.99,13.535,13.507
3440978,K02288.01,290.703,38.567032,Confirmed Planet,0.99999475,15.469,16.169,15.451,15.17,15.06,14.03,13.551,13.47
3441795,K04981.01,290.94846,38.56591,False Positive,3.2976926e-34,15.466,16.144,15.404,15.175,15.047,14.04,13.609,13.5
3447722,K01198.04,292.47971,38.514919,False Positive,6.898185e-06,15.319,15.679,15.231,15.165,15.138,14.277,14.027,13.957
3450040,K04205.01,293.05408,38.54179,Confirmed Planet,0.99964094,14.391,14.883,14.351,14.181,14.128,13.251,12.922,12.816
3453214,K00802.01,293.81619,38.563568,False Positive,0.015857145,15.562,16.07,15.519,15.344,15.269,14.364,13.996,13.894
3529290,K03340.01,286.51019,38.618309,Confirmed Planet,0.9999454,13.776,14.165,13.739,13.609,13.562,12.722,12.454,12.403
3529290,K03340.02,286.51019,38.618309,False Positive,0.018253312,13.776,14.165,13.739,13.609,13.562,12.722,12.454,12.403
3532985,K05987.01,287.91516,38.640781,False Positive,1.4380876e-10,11.317,12.242,11.257,10.92,10.701,9.518,9.008,8.88
3534076,K01209.01,288.31436,38.693291,False Positive,8.1519517e-29,15.166,15.723,15.129,14.928,14.821,13.875,13.453,13.35
3539231,K04626.01,289.90417,38.651371,Confirmed Planet,0.586319,14.876,15.389,14.848,14.656,14.567,13.622,13.335,13.269
3540873,K04986.01,290.3548,38.672531,False Positive,0.0,14.795,15.276,14.759,14.588,14.512,13.621,13.268,13.195
3545478,K00366.01,291.66418,38.619255,False Positive,0.14939246,11.714,11.931,11.691,,,10.82,10.632,10.626
3545626,K06341.01,291.70047,38.695129,False Positive,2.448379e-06,15.198,15.627,15.148,15.015,14.921,14.062,13.803,13.792
3545840,K06102.01,291.75204,38.66254,False Positive,5.2072237000000004e-30,10.915,11.115,10.848,10.822,10.843,10.034,9.863,9.833
3547178,K06342.01,292.10071,38.61499,Confirmed Planet,0.99995005,12.419,12.706,12.377,12.296,12.279,11.427,11.192,11.14
3547760,K04535.02,292.25284,38.60899,Confirmed Planet,0.9994229,14.791,15.43,14.743,14.517,14.382,13.445,12.944,12.847
3548044,K02194.03,292.32645,38.657581,False Positive,5.334877e-31,13.865,14.294,13.805,13.681,13.606,12.701,12.356,12.344
3548622,K06343.01,292.47549,38.691311,False Positive,8.627116000000001e-17,14.542,14.969,14.481,14.359,14.293,13.454,13.089,12.964
3548645,K04991.01,292.4809,38.654121,False Positive,0.00036487065,15.27,15.753,15.214,15.063,15.009,14.103,13.74,13.645
3550372,K04357.01,292.90771,38.68309,False Positive,1.0653376e-05,15.069,15.804,15.032,14.754,14.544,13.505,13.028,12.97
3553900,K04992.01,293.77448,38.654381,Confirmed Planet,0.9999957,15.133,15.674,15.095,14.901,14.798,13.917,13.488,13.476
3554031,K01194.02,293.80441,38.63913,Confirmed Planet,0.9688543,15.842,16.893,15.784,15.391,15.148,14.091,13.434,13.378
3557560,K04456.01,294.67126,38.698971,Confirmed Planet,0.9999876,15.128,15.693,15.083,14.886,14.747,13.828,13.385,13.4
3558849,K04307.01,294.94983,38.60519,False Positive,4.173615e-15,14.218,14.644,14.181,14.035,13.965,13.093,12.819,12.767
3559860,K03440.02,295.16721,38.637081,Confirmed Planet,0.9999037,15.606,16.153,15.565,15.371,15.259,14.284,13.914,13.81
3559935,K00492.02,295.18292,38.654228,False Positive,1.1916693e-12,14.424,15.062,14.359,14.151,14.047,13.079,12.719,12.646
3561464,K03398.03,295.49811,38.644501,Confirmed Planet,0.9999974,13.489,13.786,13.445,13.361,13.349,12.556,12.311,12.289
3629119,K08242.01,286.04395,38.708801,False Positive,0.0,14.066,14.534,14.015,13.866,13.803,12.901,12.565,12.502
3634051,K06103.02,287.97546,38.74028,False Positive,0.00025590885,13.436,13.858,13.38,13.255,13.196,12.334,12.055,11.951
3644071,K01192.01,291.03217,38.703911,False Positive,6.8363636e-07,14.215,14.789,14.159,13.969,13.879,12.918,12.546,12.472
3645438,K04385.03,291.39938,38.78775,False Positive,0.04247682,15.825,16.549,15.756,15.514,15.397,14.351,13.903,13.896
3646449,K04999.01,291.65906,38.712158,Confirmed Planet,0.9994142,15.478,15.947,15.434,15.277,15.185,14.296,13.94,13.942
3647097,K05001.01,291.82471,38.779911,False Positive,0.00034700867,14.647,15.235,14.573,14.395,14.299,13.459,13.048,12.989
3648437,K01861.01,292.16617,38.739052,Confirmed Planet,0.99999905,13.926,14.311,13.867,13.761,13.719,12.863,12.592,12.512
3660581,K07662.01,295.1442,38.799831,Confirmed Planet,0.9999888,12.358,12.578,12.285,12.223,12.212,11.465,11.233,11.211
3663173,K02750.01,295.66913,38.795841,False Positive,1.0539206e-08,15.905,16.348,15.823,15.715,15.661,14.87,14.487,14.57
3663494,K06352.01,295.73334,38.792011,Confirmed Planet,0.9999863,15.221,15.739,15.175,14.999,14.902,13.987,13.637,13.583
3663850,K08089.01,295.80203,38.797932,False Positive,4.5771254e-13,12.783,13.64,12.743,12.416,12.212,11.104,10.563,10.446
3733638,K06353.01,287.22351,38.817612,Confirmed Planet,0.99812657,13.472,14.025,13.447,13.234,13.12,12.213,11.902,11.823
3734418,K02261.02,287.52963,38.894508,False Positive,0.00012638622,14.11,14.779,14.047,13.824,13.721,12.719,12.261,12.203
3747817,K04103.02,291.67682,38.874908,Confirmed Planet,0.9999378,14.838,15.485,14.8,14.561,14.413,13.504,13.005,12.881
3748239,K05003.01,291.78705,38.863152,False Positive,3.107704e-29,13.446,14.234,13.43,13.109,12.919,11.918,11.406,11.263
3748855,K06355.01,291.93356,38.827202,Confirmed Planet,0.9999633,14.701,15.229,14.659,14.475,14.403,13.512,13.118,13.123
3748855,K06355.02,291.93356,38.827202,False Positive,1.0982961e-05,14.701,15.229,14.659,14.475,14.403,13.512,13.118,13.123
3751118,K05004.01,292.5578,38.8503,False Positive,1.0559038e-09,14.505,15.079,14.435,14.258,14.181,13.347,13.007,12.936
3752110,K03142.01,292.80722,38.884232,Confirmed Planet,0.9999974,15.243,15.646,15.193,15.07,15.044,14.318,14.013,13.951
3756801,K01206.01,293.95459,38.899971,Confirmed Planet,0.99975115,13.642,14.188,13.6,13.408,13.341,12.439,12.1,12.052
3757521,K05006.01,294.12369,38.81583,False Positive,4.992057500000001e-16,12.5,12.779,12.457,12.38,12.348,11.579,11.421,11.365
3758499,K05007.01,294.36734,38.846889,Confirmed Planet,0.9999012,13.698,14.232,13.654,13.469,13.368,12.527,12.197,12.106
3758499,K05007.02,294.36734,38.846889,False Positive,7.010078000000001e-18,13.698,14.232,13.654,13.469,13.368,12.527,12.197,12.106
3758922,K04853.01,294.47876,38.883659,Confirmed Planet,0.98296607,14.641,15.188,14.589,14.406,14.33,13.518,13.134,13.07
3762750,K07668.01,295.37204,38.897739,Confirmed Planet,0.9996562,15.588,16.048,15.536,15.391,15.306,14.518,14.171,14.187
3764879,K02141.01,295.77194,38.820042,False Positive,0.045677807,14.024,14.45,13.958,13.841,13.801,13.004,12.666,12.575
3765692,K06358.01,295.92456,38.876968,Confirmed Planet,0.9998228,15.896,16.547,15.855,15.616,15.469,14.53,14.011,13.935
3765917,K04526.01,295.96893,38.867168,Confirmed Planet,0.99999726,15.271,15.751,15.224,15.065,14.97,14.161,13.812,13.768
3765917,K04526.02,295.96893,38.867168,False Positive,0.13998535,15.271,15.751,15.224,15.065,14.97,14.161,13.812,13.768
3834728,K05009.01,286.23233,38.991749,False Positive,1.8430217999999998e-37,15.155,15.816,15.11,14.872,14.695,13.695,13.163,13.076
3848083,K07670.01,290.81589,38.970921,Confirmed Planet,0.9991585,15.994,16.532,15.915,15.763,15.657,14.73,14.382,14.289
3848966,K03389.01,291.06937,38.914909,Confirmed Planet,0.9996693,14.564,15.036,14.52,14.362,14.275,13.478,13.101,13.024
3849187,K04780.01,291.13574,38.90543,False Positive,0.015333102,15.414,16.004,15.351,15.162,15.065,14.195,13.789,13.696
3852872,K07673.01,292.13876,38.94154,False Positive,6.053277e-13,13.026,13.849,12.936,12.673,12.491,11.513,10.999,10.911
3854496,K06368.01,292.56421,38.931129,Confirmed Planet,0.999931,15.812,16.258,15.768,15.621,15.559,14.715,14.447,14.388
3863877,K05021.01,294.90323,38.95647,False Positive,0.0,15.212,15.772,15.135,14.973,14.87,14.021,13.693,13.58
3865815,K05022.01,295.35132,38.92704,False Positive,0.019696515,12.501,13.108,12.434,12.24,12.181,11.239,10.871,10.774
3867794,K04685.01,295.73773,38.903912,False Positive,4.156438e-31,15.666,16.27,15.603,15.407,15.333,14.407,14.03,13.883
3934657,K07676.01,284.73474,39.045361,False Positive,0.012265076,13.786,14.277,13.722,13.576,13.484,12.685,12.306,12.23
3936061,K06372.01,285.27823,39.088428,False Positive,1.1817101e-12,14.603,15.088,14.558,14.396,14.319,13.37,13.023,12.931
3937814,K04084.02,286.05243,39.09605,Confirmed Planet,0.966481,15.188,15.855,15.093,14.901,14.766,13.791,13.372,13.271
3937814,K04084.03,286.05243,39.09605,Confirmed Planet,0.99976736,15.188,15.855,15.093,14.901,14.766,13.791,13.372,13.271
3942446,K01193.01,287.88812,39.078709,False Positive,4.5563393e-05,15.289,15.851,15.26,15.048,14.937,14.03,13.607,13.532
3955444,K05027.01,291.82446,39.00618,False Positive,0.004912016,13.172,14.033,13.088,12.803,12.617,11.464,10.967,10.83
3962440,K01208.01,293.61877,39.022572,False Positive,7.885265e-11,13.594,13.918,13.542,13.456,13.422,12.625,12.388,12.357
3965201,K07546.01,294.31064,39.049702,False Positive,2.8783984e-22,12.667,12.788,12.626,12.61,12.608,11.874,11.768,11.708
3968809,K05030.01,295.18872,39.01865,False Positive,0.0,14.452,14.836,14.4,14.288,14.275,13.416,13.162,13.094
3972432,K06375.01,295.89651,39.076359,Confirmed Planet,0.7345551,14.557,15.066,14.51,14.355,14.244,13.378,13.014,12.97
3974928,K05033.01,296.35797,39.078579,False Positive,6.82372e-14,13.832,14.68,13.804,13.468,13.243,12.123,11.555,11.481
4047631,K02519.01,288.9039,39.154209,Confirmed Planet,0.999453,14.452,15.479,14.387,14.012,13.809,12.746,12.174,12.039
4048898,K07678.01,289.24884,39.106541,False Positive,0.14290425,11.993,12.39,11.924,11.823,11.783,10.912,10.604,10.57
4049901,K02295.01,289.54514,39.164429,Confirmed Planet,0.99999917,11.671,12.214,11.665,11.439,11.38,10.094,9.751,9.681
4054784,K07679.01,290.88486,39.115921,False Positive,0.00022843045,14.185,14.763,14.13,13.937,13.836,13.044,12.614,12.554
4055765,K00100.01,291.17792,39.19949,False Positive,2.8174697e-06,12.598,12.907,12.566,12.466,12.409,11.613,11.407,11.366
4060229,K04570.01,292.35605,39.11945,Confirmed Planet,0.9999995,14.638,15.065,14.591,14.454,14.411,13.567,13.262,13.185
4063943,K05035.01,293.29913,39.188389,False Positive,2.3389111e-17,15.879,17.129,15.859,15.343,15.046,13.905,13.24,13.122
4071638,K05037.01,295.16342,39.180187,False Positive,0.0,12.989,14.073,12.963,12.524,,10.83,9.976,9.76
4072271,K07680.01,295.31512,39.141048,False Positive,0.002004053,12.449,12.955,12.396,12.232,,11.825,11.665,11.639
4072955,K03041.01,295.46259,39.16848,Confirmed Planet,0.9999682,14.207,14.629,14.153,14.026,13.917,13.114,12.771,12.712
4073017,K07681.01,295.47382,39.124561,Confirmed Planet,0.99999976,14.772,15.408,14.68,14.5,14.352,13.459,13.032,12.946
4074736,K01328.01,295.80585,39.17799,Confirmed Planet,0.99863476,15.671,16.254,15.637,15.421,15.303,14.341,14.014,13.884
4075067,K03777.01,295.86945,39.15881,False Positive,1.9969893e-14,11.5,11.49,11.503,11.582,11.608,10.961,10.881,10.857
4076061,K06384.01,296.07407,39.158192,False Positive,0.0,15.992,16.535,15.959,15.759,15.652,14.765,14.317,14.221
4078157,K01319.02,296.47937,39.127571,False Positive,7.391531499999999e-20,15.484,16.001,15.433,15.263,15.154,14.185,13.767,13.723
4135912,K05040.01,284.66583,39.252041,Confirmed Planet,0.9998789,14.385,14.762,14.358,14.224,14.202,13.396,13.079,13.035
4139254,K06108.01,285.8627,39.20528,False Positive,0.0,12.12,12.632,12.066,11.901,11.842,10.899,10.551,10.478
4141593,K07685.01,286.77313,39.277531,Confirmed Planet,1.0,13.219,13.679,13.177,13.022,12.961,12.094,11.843,11.72
4141593,K07685.02,286.77313,39.277531,Confirmed Planet,0.9999999,13.219,13.679,13.177,13.022,12.961,12.094,11.843,11.72
4147444,K03880.01,288.86737,39.264961,Confirmed Planet,0.98096573,10.762,11.082,10.759,,,9.792,9.579,9.549
4150972,K05044.01,289.8313,39.278,False Positive,2.1656883e-19,12.426,12.196,12.315,,,11.067,10.805,10.717
4157325,K01860.04,291.55695,39.227291,Confirmed Planet,0.99999523,14.028,14.509,13.977,13.822,13.745,12.874,12.576,12.51
4164511,K05046.01,293.24701,39.236691,False Positive,1.865951e-16,13.006,13.229,12.931,12.856,12.837,12.068,11.832,11.777
4164922,K03864.02,293.34497,39.257809,Confirmed Planet,0.964413,12.914,13.636,12.856,12.604,12.452,11.489,11.013,10.915
4172013,K02386.01,294.94009,39.232571,Confirmed Planet,0.99999964,14.94,15.416,14.895,14.736,14.649,13.773,13.416,13.351
4172746,K02531.01,295.10391,39.268749,Confirmed Planet,0.99999964,15.44,16.32,15.371,15.063,14.862,13.796,13.244,13.156
4172805,K04427.01,295.11722,39.27409,False Positive,1.3226377e-06,15.645,17.167,15.783,14.993,14.552,13.339,12.684,12.499
4178389,K00185.01,296.18524,39.26268,False Positive,2.5865342e-13,14.228,14.695,14.182,14.028,13.945,13.052,12.708,12.695
4241238,K05048.01,284.63876,39.355179,False Positive,4.7022254e-34,13.419,14.233,13.373,13.071,12.889,11.869,11.304,11.199
4242147,K01934.01,284.96967,39.360291,Confirmed Planet,0.99999917,14.649,15.604,14.59,14.24,14.047,12.976,12.397,12.269
4247991,K02311.01,287.24118,39.33276,False Positive,2.5540386e-12,12.57,13.072,12.514,12.355,12.294,11.386,11.039,10.981
4247991,K02311.02,287.24118,39.33276,Confirmed Planet,0.8263937,12.57,13.072,12.514,12.355,12.294,11.386,11.039,10.981
4249611,K02821.01,287.84833,39.358429,False Positive,6.6498537e-06,15.302,15.891,15.254,15.049,14.951,14.023,13.627,13.522
4252322,K00396.01,288.75781,39.350571,Confirmed Planet,0.99999976,13.311,13.779,13.255,13.11,13.041,12.151,11.864,11.755
4252671,K07687.01,288.86908,39.30986,Confirmed Planet,0.9999763,13.047,13.445,12.987,12.877,12.805,11.9,11.653,11.592
4255944,K06111.01,289.84818,39.331463,False Positive,0.0,12.914,13.443,12.863,12.686,,12.249,12.103,12.039
4262040,K03202.01,291.5072,39.323662,False Positive,7.604081e-06,11.784,12.375,11.727,11.531,11.417,10.44,10.036,9.962
4263529,K03358.01,291.88907,39.361771,Confirmed Planet,0.99758315,14.031,14.59,13.966,13.792,13.691,12.727,12.32,12.295
4270799,K04810.01,293.65369,39.31641,Confirmed Planet,0.9999926,15.259,15.769,15.191,15.041,14.939,14.035,13.583,13.644
4274071,K06399.01,294.40472,39.351681,Confirmed Planet,0.99998856,14.725,15.304,14.656,14.476,14.354,13.468,13.07,13.005
4274548,K01331.01,294.50842,39.398682,Confirmed Planet,0.9999988,15.238,16.096,15.178,14.871,14.706,13.697,13.07,12.972
4276716,K01619.01,294.99023,39.346378,Confirmed Planet,0.99999297,11.759,12.533,11.723,11.427,11.281,10.282,9.743,9.593
4277304,K04774.01,295.12238,39.391033,Confirmed Planet,0.9999981,13.882,14.778,13.849,13.498,,12.555,12.137,12.035
4282390,K06401.01,296.14655,39.396938,False Positive,2.7492397e-10,13.749,14.068,13.689,13.612,13.549,12.801,12.527,12.441
4346339,K05057.01,285.34329,39.413849,False Positive,2.5677544e-17,12.518,13.29,12.467,12.188,12.012,10.936,10.463,10.35
4349442,K01803.01,286.63553,39.488621,False Positive,3.803025e-08,13.26,14.025,13.172,12.932,12.813,11.728,11.259,11.14
4366323,K03258.01,291.93756,39.419941,Confirmed Planet,0.99999,15.676,16.212,15.625,15.447,15.37,14.456,14.067,13.954
4367854,K02876.01,292.37903,39.435841,Confirmed Planet,0.996481,14.937,15.674,14.885,14.621,14.465,13.434,13.012,12.905
4372620,K06409.01,293.5787,39.447979,False Positive,4.369076e-05,13.37,14.026,13.304,13.089,12.956,11.989,11.563,11.492
4384909,K07693.01,296.22168,39.405762,Confirmed Planet,0.9997073,15.631,16.364,15.559,15.316,15.174,14.182,13.769,13.652
4385148,K02942.01,296.26456,39.40596,Confirmed Planet,0.99999833,15.48,16.034,15.43,15.242,15.132,14.229,13.868,13.705
4446859,K08246.01,285.60822,39.5793,False Positive,4.2130472e-09,13.855,14.309,13.829,13.661,13.601,12.71,12.39,12.336
4450844,K03168.01,287.31485,39.538181,Confirmed Planet,1.0,10.455,10.846,10.415,10.288,10.283,9.424,9.119,9.033
4464394,K06115.01,291.59775,39.53606,False Positive,3.9486218e-17,13.497,13.841,13.457,13.35,13.279,12.516,12.295,12.204
4466677,K01338.02,292.27612,39.550179,Confirmed Planet,1.0,14.609,15.129,14.564,14.385,14.288,13.391,13.04,13.053
4466677,K01338.03,292.27612,39.550179,Confirmed Planet,0.99924445,14.609,15.129,14.564,14.385,14.288,13.391,13.04,13.053
4471313,K05066.01,293.51175,39.528271,Confirmed Planet,0.99999964,15.792,16.432,15.757,15.518,15.407,14.471,13.986,13.95
4471747,K01656.01,293.62592,39.50631,Confirmed Planet,0.9999969,15.03,15.525,14.992,14.818,14.724,13.872,13.547,13.565
4472818,K03878.02,293.88541,39.51981,Confirmed Planet,1.0,12.72,13.157,12.668,12.532,12.459,11.622,11.324,11.263
4474462,K04452.01,294.30099,39.519058,Confirmed Planet,0.99999464,13.821,14.297,13.794,13.617,13.518,12.681,12.327,12.248
4478142,K05067.01,295.1868,39.575691,Confirmed Planet,0.9654219,14.254,14.787,14.202,14.026,13.917,13.03,12.661,12.609
4478168,K00626.02,295.19339,39.539669,False Positive,2.101011e-08,13.49,13.843,13.447,13.339,13.289,12.514,12.195,12.205
4484179,K05068.01,296.4227,39.579391,False Positive,1.4471224e-15,13.086,13.407,13.055,12.949,12.918,12.082,11.816,11.788
4544670,K00815.01,285.92001,39.624828,False Positive,1.0066542e-06,15.684,16.307,15.646,15.417,15.322,14.363,13.96,13.875
4547603,K02855.01,287.19247,39.626148,Confirmed Planet,0.9999784,14.456,15.044,14.4,14.205,14.114,13.14,12.734,12.706
4548011,K04288.02,287.37125,39.603569,Confirmed Planet,0.82774204,12.4,12.759,12.341,12.246,12.234,11.331,11.106,11.025
4548011,K04288.04,287.37125,39.603569,Confirmed Planet,0.99996626,12.4,12.759,12.341,12.246,12.234,11.331,11.106,11.025
4548098,K04157.02,287.41006,39.65868,False Positive,0.0008492489,12.692,12.965,12.624,12.575,12.576,11.727,11.527,11.473
4552729,K02691.01,289.10992,39.68539,False Positive,6.7382366e-06,14.981,15.892,14.91,14.591,14.379,13.332,12.786,12.69
4566848,K05071.01,293.16476,39.631561,Confirmed Planet,0.99175316,15.656,16.161,15.609,15.44,15.36,14.458,14.185,14.017
4567118,K06425.01,293.23929,39.691681,False Positive,1.2517937e-17,14.163,14.637,14.122,13.959,13.857,13.006,12.669,12.633
4571844,K04353.01,294.42126,39.628471,Confirmed Planet,0.9934075,15.574,16.064,15.551,15.364,15.293,14.362,14.035,14.005
4572728,K08249.01,294.63766,39.655811,False Positive,0.0,12.746,13.113,12.705,12.589,12.542,11.697,11.463,11.416
4587135,K04680.01,297.59964,39.626339,Confirmed Planet,0.9912282,15.487,16.024,15.45,15.256,15.146,14.264,13.871,13.809
4638237,K03811.01,286.15311,39.714901,False Positive,3.235652e-13,13.906,14.429,13.864,13.681,13.58,12.64,12.259,12.166
4645174,K03437.02,288.88333,39.74456,Confirmed Planet,0.99980456,14.606,15.056,14.577,14.414,14.333,13.476,13.149,13.03
4670217,K02560.01,295.70517,39.75684,Confirmed Planet,0.9999999,15.486,16.343,15.415,15.118,14.927,13.915,13.287,13.218
4670361,K07700.01,295.73697,39.740452,False Positive,9.146014e-16,14.0,14.353,13.951,13.848,13.807,12.958,12.69,12.685
4676964,K03069.01,297.03922,39.785259,Confirmed Planet,0.9999957,14.914,15.517,14.849,14.656,14.543,13.689,13.277,13.188
4735826,K03184.03,288.39529,39.872627,Confirmed Planet,0.9999974,11.158,11.805,11.219,,,10.118,9.858,9.792
4736569,K01996.02,288.66891,39.824009,Confirmed Planet,0.99821377,15.629,16.457,15.602,15.274,15.077,14.022,13.44,13.368
4737848,K05079.01,289.09619,39.827278,Confirmed Planet,0.9999889,13.228,13.645,13.192,13.049,12.998,12.189,11.899,11.858
4739229,K06118.01,289.53336,39.836639,False Positive,0.0034052266,12.767,12.948,12.707,12.668,12.67,11.977,11.804,11.805
4739229,K06118.02,289.53336,39.836639,False Positive,9.165838e-05,12.767,12.948,12.707,12.668,12.67,11.977,11.804,11.805
4742188,K07703.01,290.38721,39.829941,False Positive,8.659157e-17,15.106,15.596,15.055,14.895,14.792,13.893,13.588,13.599
4742420,K06120.01,290.45026,39.862011,False Positive,0.0009439174,15.416,15.897,15.368,15.21,15.136,14.261,13.831,13.619
4742420,K06120.02,290.45026,39.862011,False Positive,4.6880486e-11,15.416,15.897,15.368,15.21,15.136,14.261,13.831,13.619
4742452,K07704.01,290.46088,39.837212,Confirmed Planet,0.99993753,14.829,15.307,14.749,14.625,14.653,13.772,13.437,13.479
4750669,K04649.01,292.96661,39.899639,Confirmed Planet,0.99562824,15.446,16.02,15.401,15.2,15.087,14.144,13.819,13.666
4750962,K05083.01,293.05536,39.840069,False Positive,4.1392273e-17,13.809,14.609,13.731,13.467,13.272,12.222,11.696,11.615
4758350,K06447.02,294.93198,39.81242,False Positive,2.6171272e-11,12.964,13.246,12.913,12.843,12.806,12.052,11.874,11.797
4760746,K01455.01,295.4783,39.867722,False Positive,3.2057987e-10,15.95,16.48,15.905,15.723,15.665,14.732,14.398,14.329
4760959,K06449.01,295.52618,39.806839,False Positive,3.44222e-11,15.671,16.263,15.606,15.418,15.262,14.338,13.95,13.958
4761427,K05085.01,295.62579,39.824638,False Positive,0.0,15.941,16.523,15.889,15.691,15.596,14.62,14.22,14.185
4762283,K07706.01,295.79251,39.89257,False Positive,0.0,15.263,16.319,15.202,14.81,14.531,13.401,12.797,12.657
4764969,K06450.01,296.32202,39.856049,False Positive,1.4388911e-24,12.361,12.646,12.32,12.238,12.209,11.399,11.166,11.132
4770174,K02971.01,297.39371,39.829041,False Positive,4.21645e-06,12.742,13.104,12.694,12.586,12.559,11.774,11.512,11.438
4770174,K02971.02,297.39371,39.829041,False Positive,1.7913242e-05,12.742,13.104,12.694,12.586,12.559,11.774,11.512,11.438
4770617,K02243.03,297.47711,39.877239,Confirmed Planet,0.7030688,14.806,15.245,14.76,14.618,14.575,13.706,13.417,13.348
4770798,K05087.01,297.50919,39.88802,False Positive,0.0,12.524,13.042,12.463,12.302,12.249,11.307,11.01,10.918
4773392,K04367.01,298.03305,39.883179,False Positive,1.4740816e-28,13.985,14.342,13.94,13.832,13.802,12.98,12.731,12.687
4813750,K05088.01,283.67819,39.964279,Confirmed Planet,0.9935102,15.527,16.078,15.499,15.291,15.183,14.255,13.939,13.852
4813793,K07708.01,283.69885,39.936642,Confirmed Planet,0.99989164,12.954,13.486,12.931,12.726,12.635,11.675,11.306,11.181
4820550,K03823.01,286.77145,39.983822,False Positive,0.0,13.922,14.399,13.864,13.718,13.653,12.769,12.446,12.382
4830605,K01660.01,290.24103,39.96801,Confirmed Planet,0.9999995,15.614,16.094,15.569,15.409,15.345,14.502,14.145,14.093
4830859,K06454.01,290.31134,39.98069,False Positive,7.421328e-07,15.0,15.415,14.96,14.823,14.736,13.843,13.523,13.439
4831728,K02739.02,290.57672,39.95689,Confirmed Planet,0.99999475,15.017,15.575,14.922,14.778,14.653,13.757,13.423,13.302
4832837,K00605.02,290.92731,39.91415,Confirmed Planet,0.99995244,14.915,15.959,14.843,14.468,14.234,13.153,12.529,12.407
4833409,K05092.01,291.10825,39.955681,False Positive,5.478818e-21,13.887,14.237,13.846,13.737,13.689,12.906,12.693,12.584
4840672,K04813.01,293.24039,39.949444,Confirmed Planet,0.99999785,13.78,,13.78,13.34,,13.931,13.357,13.246
4844367,K04498.01,294.22134,39.989521,Confirmed Planet,0.9999989,14.841,15.299,14.794,14.645,14.581,13.654,13.348,13.24
4844470,K03469.01,294.25037,39.943939,Confirmed Planet,1.0,14.196,14.744,14.138,13.961,13.888,12.928,12.599,12.469
4846856,K02900.01,294.8418,39.91888,Confirmed Planet,0.9998983,15.266,16.001,15.235,14.951,14.805,13.796,13.305,13.23
4851530,K01884.01,295.9024,39.918362,Confirmed Planet,0.99999774,15.462,16.17,15.418,15.158,14.993,14.013,13.572,13.493
4851530,K01884.02,295.9024,39.918362,Confirmed Planet,0.970636,15.462,16.17,15.418,15.158,14.993,14.013,13.572,13.493
4857058,K03061.02,297.04208,39.912231,Confirmed Planet,0.9999999,14.316,15.062,14.252,13.997,13.863,12.852,12.359,12.232
4862625,K06464.03,298.21509,39.955101,False Positive,0.006157622,13.718,14.055,13.665,13.574,13.536,12.714,12.461,12.395
4862924,K07554.01,298.27673,39.903851,False Positive,2.1012267000000003e-27,14.519,14.93,14.472,14.343,14.263,13.438,13.156,13.087
4902202,K04717.01,283.69351,40.018021,False Positive,7.785767e-12,15.58,16.154,15.559,15.334,15.237,14.288,13.91,13.895
4912650,K05098.01,288.34174,40.09639,Confirmed Planet,0.85781676,14.855,15.525,14.799,14.568,14.472,13.449,13.023,12.996
4914221,K05099.01,288.9306,40.057339,False Positive,8.237090700000001e-22,12.709,13.183,12.661,12.506,12.437,11.49,11.199,11.136
4915582,K05101.01,289.35559,40.068352,False Positive,0.0,13.026,13.35,12.996,12.887,12.854,11.996,11.758,11.692
4918303,K05104.01,290.12497,40.098381,Confirmed Planet,0.9982664,15.531,15.995,15.455,15.331,15.25,14.385,14.037,13.96
4918309,K01582.01,290.12857,40.021832,Confirmed Planet,0.99491906,15.402,15.957,15.343,15.164,15.071,14.067,13.651,13.639
4919550,K04766.01,290.46756,40.056438,Confirmed Planet,0.99958116,15.223,15.902,15.165,14.932,14.764,13.812,13.311,13.199
4932442,K01665.02,294.17108,40.055168,False Positive,1.7949539e-07,14.042,14.439,13.954,13.871,13.819,12.978,12.717,12.665
4935172,K02962.01,294.86319,40.007511,Confirmed Planet,0.9579712,14.229,14.66,14.186,14.044,14.013,13.184,12.913,12.832
4939265,K06475.01,295.79138,40.01236,Confirmed Planet,0.99895257,13.731,15.221,13.79,13.093,12.697,11.503,10.848,10.638
4939533,K02899.01,295.84747,40.006721,Confirmed Planet,0.99999964,15.703,16.279,15.63,15.457,15.35,14.444,14.049,14.085
4940203,K07711.01,295.98404,40.043621,False Positive,1.9872121e-33,14.16,14.662,14.107,13.944,13.842,12.898,12.534,12.498
4940376,K05107.01,296.01852,40.087151,False Positive,7.853938e-12,13.743,14.577,13.701,13.386,13.16,12.058,11.473,11.391
4945764,K04377.01,297.16089,40.042858,False Positive,3.0240486e-07,13.543,14.009,13.515,13.344,13.265,12.385,12.193,12.1
4947556,K03936.01,297.57712,40.02771,False Positive,0.0,13.336,14.063,13.257,13.025,12.909,11.882,11.457,11.289
4951877,K00501.01,298.47321,40.075871,Confirmed Planet,1.0,14.612,15.16,14.566,14.377,14.277,13.393,13.053,12.946
4953173,K04676.01,298.74335,40.07214,False Positive,1.9751746e-12,13.931,14.527,13.878,13.676,13.553,12.604,12.303,12.227
4953262,K05110.01,298.76041,40.052792,False Positive,2.5827615e-10,11.653,12.455,11.613,11.309,11.118,10.018,9.48,9.403
4995716,K06484.01,286.54742,40.150539,Confirmed Planet,0.9999937,15.696,16.373,15.659,15.406,15.267,14.326,13.869,13.796
4996057,K07712.01,286.69318,40.170109,False Positive,0.00016425468,11.994,12.692,11.959,11.694,11.573,10.525,10.062,9.97
5003670,K04524.02,289.5484,40.1642,Confirmed Planet,1.0,14.955,15.456,14.917,14.74,14.656,13.773,13.471,13.412
5003670,K04524.03,289.5484,40.1642,Confirmed Planet,0.9996551,14.955,15.456,14.917,14.74,14.656,13.773,13.471,13.412
5004909,K03421.01,289.91971,40.16853,Confirmed Planet,1.0,13.935,14.265,13.872,13.793,13.76,12.952,12.761,12.649
5008245,K03770.01,290.93671,40.12492,Confirmed Planet,0.9999964,14.103,14.516,14.062,13.925,13.902,13.132,12.885,12.835
5008501,K01666.01,291.01971,40.177589,False Positive,0.058532108,14.479,14.814,14.428,14.335,14.329,13.577,13.315,13.256
5021432,K06489.01,294.6561,40.13726,Confirmed Planet,0.99977225,13.697,14.221,13.62,13.473,13.342,12.405,12.074,12.025
5027859,K05117.01,296.01883,40.108009,Confirmed Planet,0.9999864,15.986,16.629,15.932,15.711,15.568,14.629,14.058,14.106
5031857,K01573.02,296.84616,40.138611,Confirmed Planet,0.9999957,14.373,14.813,14.32,14.185,14.1,13.231,12.931,12.911
5033823,K04546.01,297.27325,40.136761,False Positive,0.39111555,13.469,13.85,13.385,13.306,13.233,12.414,12.063,12.022
5036052,K05119.01,297.78833,40.130909,False Positive,1.6017271e-06,12.644,13.494,12.579,12.279,12.079,10.972,10.432,10.346
5039228,K01597.01,298.36884,40.173424,Confirmed Planet,0.9999976,12.681,12.882,12.617,12.598,,11.583,11.409,11.321
5040077,K03065.01,298.53967,40.183659,False Positive,1.3575723e-06,14.603,15.117,14.565,14.383,14.276,13.353,13.025,12.99
5080636,K01843.02,285.01309,40.220749,Confirmed Planet,0.9948696,14.404,16.028,14.677,13.708,13.21,11.951,11.279,11.056
5083138,K06511.01,286.21539,40.203411,Confirmed Planet,0.99634784,15.747,16.275,15.69,15.521,15.43,14.535,14.215,14.096
5087223,K06513.01,287.97455,40.25523,False Positive,0.40770373,15.627,16.994,15.675,15.04,14.691,13.49,12.803,12.687
5091479,K07715.01,289.44324,40.253529,Confirmed Planet,0.9999926,15.183,15.646,15.142,14.985,14.895,14.009,13.683,13.675
5092799,K06516.01,289.84402,40.262741,False Positive,3.7046136e-06,15.929,16.698,15.895,15.6,15.423,14.357,13.863,13.712
5092799,K06516.02,289.84402,40.262741,False Positive,9.591655e-06,15.929,16.698,15.895,15.6,15.423,14.357,13.863,13.712
5094412,K05124.01,290.2984,40.287842,False Positive,7.9861815e-09,15.772,16.375,15.742,15.514,15.379,14.435,13.957,13.973
5095635,K02607.01,290.68469,40.255451,Confirmed Planet,0.9980331,14.482,14.95,14.43,14.282,14.238,13.364,13.041,12.995
5096053,K04331.01,290.81366,40.254875,Confirmed Planet,0.9994839,13.228,13.771,13.179,12.995,,12.183,12.002,11.938
5097856,K07716.01,291.37067,40.216061,False Positive,0.0,14.861,15.37,14.826,14.643,14.55,13.621,13.239,13.161
5098334,K08253.01,291.52951,40.252918,False Positive,9.959518e-22,13.521,14.035,13.465,13.301,13.201,12.314,12.005,11.927
5110453,K05126.01,294.84802,40.240879,False Positive,6.140288e-16,13.637,14.47,13.6,13.28,13.083,11.949,11.443,11.325
5115688,K06526.01,295.94925,40.247829,False Positive,5.882644e-21,13.892,14.747,13.846,13.525,13.277,12.201,11.683,11.546
5115978,K00823.01,296.00699,40.295429,False Positive,1.1180820999999999e-29,15.202,15.662,15.167,15.005,14.892,14.019,13.702,13.598
5126182,K04428.01,298.2934,40.239632,Confirmed Planet,0.9999999,14.634,15.15,14.593,14.413,14.31,13.436,13.072,13.0
5129453,K04208.01,298.98502,40.203709,Confirmed Planet,0.9981438,15.745,16.873,15.73,15.262,14.949,13.785,13.161,13.039
5131180,K00641.01,299.29947,40.235069,Confirmed Planet,1.0,13.583,14.781,13.527,13.069,12.719,11.516,10.845,10.698
5166811,K05130.01,284.46585,40.314941,False Positive,3.5132093e-21,15.612,16.297,15.556,15.318,15.199,14.162,13.7,13.566
5171707,K06532.01,286.74857,40.36544,False Positive,0.31826207,15.567,16.137,15.492,15.324,15.173,14.23,13.929,13.823
5175024,K02563.02,288.09564,40.365971,Confirmed Planet,0.9997296,13.973,14.329,13.924,13.82,13.776,12.901,12.662,12.62
5177859,K04246.02,289.07397,40.366009,False Positive,0.061558995,13.382,13.887,13.322,13.165,13.114,12.197,11.889,11.8
5181299,K05134.01,290.09991,40.386581,False Positive,3.7385254e-23,13.815,14.575,13.769,13.49,13.329,12.22,11.728,11.64
5184144,K05135.01,290.93436,40.358158,Confirmed Planet,0.9973048,15.578,16.268,15.507,15.282,15.116,14.123,13.613,13.599
5184709,K01670.01,291.12006,40.333988,Confirmed Planet,0.9999733,14.572,14.937,14.486,14.416,14.389,13.532,13.24,13.171
5184911,K02719.02,291.18497,40.311211,False Positive,3.895325e-18,15.141,16.055,15.082,14.749,14.564,13.472,12.944,12.834
5193439,K06538.01,293.67682,40.334068,Confirmed Planet,0.99994254,14.52,14.985,14.483,14.321,14.325,13.381,13.053,13.017
5193659,K03323.01,293.73444,40.307201,Confirmed Planet,0.99999595,15.076,15.62,15.025,14.842,14.742,13.876,13.499,13.453
5196864,K02695.01,294.54373,40.313862,False Positive,0.00016909833,15.601,16.355,15.536,15.278,15.108,14.088,13.564,13.417
5197233,K04178.01,294.63516,40.322128,False Positive,0.014730697,14.404,14.709,14.352,14.273,14.241,13.455,13.152,13.103
5208962,K04912.01,297.19199,40.387951,False Positive,2.2300006e-09,14.878,15.311,14.841,14.693,14.643,13.807,13.514,13.431
5211199,K02158.02,297.65143,40.352551,Confirmed Planet,0.99997616,13.052,13.648,12.993,12.796,12.691,11.78,11.387,11.279
5215508,K06542.01,298.49994,40.333672,False Positive,0.0,11.27,11.472,11.202,11.133,11.143,10.316,10.113,10.069
5253802,K04713.01,283.83884,40.421974,False Positive,0.043100663,13.641,14.285,13.595,13.364,,12.741,12.413,12.348
5255259,K05142.01,284.54691,40.468529,False Positive,0.0,15.805,16.505,15.718,15.505,15.249,14.273,13.786,13.695
5257082,K03368.01,285.41266,40.42577,Confirmed Planet,0.99930537,14.889,15.369,14.829,14.684,14.583,13.701,13.339,13.284
5263167,K06546.01,288.03058,40.418301,False Positive,0.22296824,15.42,15.87,15.37,15.227,15.129,14.291,13.872,13.861
5271090,K07558.01,290.56674,40.449902,False Positive,0.00077284384,15.413,16.091,15.358,15.122,14.985,13.937,13.419,13.391
5283458,K01547.01,294.2009,40.455959,Confirmed Planet,0.99998534,15.673,16.138,15.599,15.474,15.353,14.5,14.157,14.127
5283728,K05149.01,294.27399,40.462078,Confirmed Planet,0.99999964,15.649,16.221,15.602,15.404,15.304,14.299,13.859,13.892
5294945,K03463.01,296.87976,40.45536,False Positive,5.2532494e-09,14.564,15.046,14.511,14.358,14.206,13.378,13.056,12.951
5295206,K06557.01,296.92773,40.429661,Confirmed Planet,0.9999536,13.805,14.163,13.754,13.652,13.578,12.778,12.523,12.46
5299459,K01576.03,297.79514,40.417709,Confirmed Planet,0.9999999,14.072,14.646,13.997,13.826,13.714,12.833,12.452,12.321
5306984,K06127.01,299.23679,40.425819,False Positive,5.8606378000000005e-24,13.05,13.505,12.987,12.855,12.797,11.925,11.627,11.568
5308296,K04750.01,299.49188,40.472481,False Positive,0.30951357,15.919,16.502,15.844,15.669,15.5,14.608,14.177,14.177
5308663,K01562.02,299.556,40.456551,Confirmed Planet,0.9999994,15.59,16.112,15.546,15.366,15.252,14.337,13.992,13.948
5342061,K02666.01,284.11978,40.524281,Confirmed Planet,0.99993134,15.341,15.872,15.298,15.113,15.005,14.08,13.729,13.609
5352640,K04467.01,288.72598,40.531631,Confirmed Planet,0.99998784,15.907,16.555,15.837,15.63,15.49,14.512,14.062,13.896
5353938,K06568.01,289.15955,40.51181,Confirmed Planet,0.9673459,15.516,16.871,15.529,14.935,14.604,13.463,12.793,12.637
5360920,K01675.01,291.33719,40.558201,Confirmed Planet,0.99999964,15.789,16.318,15.746,15.562,15.489,14.545,14.166,14.071
5374838,K05155.01,295.21255,40.516911,False Positive,9.2664595e-05,15.469,15.985,15.427,15.248,15.133,14.237,13.969,13.848
5380812,K06570.01,296.56232,40.590939,False Positive,4.407778e-09,10.896,11.083,10.867,,,10.093,9.957,9.931
5384713,K03444.01,297.4292,40.561909,Confirmed Planet,0.99999034,13.693,15.377,13.979,12.971,12.453,11.166,10.523,10.309
5384713,K03444.02,297.4292,40.561909,False Positive,5.695625e-12,13.693,15.377,13.979,12.971,12.453,11.166,10.523,10.309
5384713,K03444.03,297.4292,40.561909,False Positive,0.0015254609,13.693,15.377,13.979,12.971,12.453,11.166,10.523,10.309
5384713,K03444.04,297.4292,40.561909,Confirmed Planet,0.9979133,13.693,15.377,13.979,12.971,12.453,11.166,10.523,10.309
5385304,K02370.01,297.5582,40.541309,False Positive,1.1917543e-10,13.003,13.293,12.955,12.878,12.876,12.091,11.916,11.805
5385410,K04323.01,297.58194,40.5313,Confirmed Planet,0.9999995,13.582,14.007,13.548,13.4,13.353,12.481,12.221,12.136
5389956,K04591.01,298.54257,40.51479,False Positive,5.5208834e-06,15.186,15.711,15.14,14.961,14.884,13.927,13.606,13.493
5394585,K05158.01,299.38071,40.535671,False Positive,2.5337548e-11,11.867,12.136,11.828,11.751,11.726,10.931,10.751,10.688
5425643,K05160.01,282.9101,40.646519,False Positive,7.368125e-19,15.594,16.858,15.628,15.052,14.753,13.529,12.84,12.741
5428199,K05162.01,284.19696,40.641251,False Positive,5.800424e-36,13.347,14.838,13.435,12.708,12.329,11.063,10.44,10.239
5428657,K06130.01,284.44101,40.625,False Positive,3.1277194e-25,15.121,16.031,15.106,14.731,14.521,13.45,12.854,12.726
5431027,K04558.01,285.59543,40.679722,Confirmed Planet,0.99999833,14.598,15.179,14.553,14.35,14.27,13.266,12.885,12.77
5436161,K04351.01,287.75916,40.65704,False Positive,0.0,14.999,15.665,14.983,14.714,14.562,13.527,13.048,12.909
5436455,K05164.01,287.87424,40.630409,False Positive,9.173347e-21,12.489,12.777,12.441,12.365,12.371,11.577,11.295,11.229
5437762,K04907.01,288.39761,40.6269,False Positive,0.49623203,13.778,14.135,13.719,13.626,13.598,12.702,12.426,12.383
5439000,K05165.01,288.85123,40.692589,False Positive,4.0989736000000004e-21,13.976,14.348,13.93,13.816,13.778,12.938,12.605,12.531
5441980,K00607.01,289.80908,40.615841,Confirmed Planet,0.6702043,14.377,14.879,14.332,14.161,14.074,13.15,12.811,12.693
5443320,K05169.01,290.20547,40.66993,False Positive,0.0005531942,15.47,16.181,15.428,15.166,15.03,14.011,13.526,13.375
5443837,K00554.01,290.35114,40.687,False Positive,2.4937922e-14,14.545,14.978,14.487,14.36,14.316,13.428,13.142,13.053
5444276,K07559.01,290.48553,40.630699,False Positive,9.953102e-11,12.798,13.068,12.736,12.683,12.696,11.881,11.639,11.593
5456979,K06579.01,294.28778,40.692741,False Positive,0.0063405074,15.668,16.246,15.6,15.42,15.263,14.37,14.0,13.887
5457326,K04508.01,294.3735,40.65144,Confirmed Planet,0.9967784,15.352,16.275,15.251,14.956,14.752,13.58,13.001,12.93
5460434,K07729.01,295.19501,40.670841,False Positive,2.7894812e-16,10.948,11.157,10.878,10.832,10.848,10.027,9.844,9.803
5466109,K06582.01,296.4718,40.681622,False Positive,1.7872899e-05,15.225,15.663,15.183,15.037,14.944,14.073,13.754,13.707
5471158,K03504.02,297.5798,40.603001,False Positive,6.7601725e-15,15.717,16.319,15.627,15.459,15.384,14.357,14.026,13.876
5475042,K03050.01,298.44647,40.624882,False Positive,0.062234234,15.33,15.929,15.261,15.073,14.979,14.046,13.571,13.55
5475431,K01546.01,298.5137,40.639622,False Positive,1.4661297e-17,14.456,14.969,14.377,14.236,14.208,13.33,12.951,12.848
5511659,K04541.01,283.25119,40.72311,Confirmed Planet,0.9999913,15.377,15.874,15.328,15.164,15.08,14.159,13.775,13.856
5511659,K04541.02,283.25119,40.72311,Confirmed Planet,0.9983658,15.377,15.874,15.328,15.164,15.08,14.159,13.775,13.856
5513648,K01962.01,284.23398,40.79454,Confirmed Planet,1.0,10.77,11.353,10.819,,,9.752,9.484,9.455
5524229,K05174.01,288.87198,40.767059,False Positive,9.1698166e-07,11.4,12.071,11.344,11.113,10.944,9.926,9.439,9.361
5526717,K01677.02,289.67935,40.700459,False Positive,0.1989594,14.279,14.76,14.221,14.073,14.0,13.105,12.789,12.687
5529385,K05176.01,290.43491,40.777241,False Positive,1.3922994e-13,13.372,13.838,13.332,13.173,13.11,12.165,11.779,11.732
5531694,K00647.02,291.19507,40.702702,Confirmed Planet,0.96980625,13.55,13.869,13.497,13.413,13.371,12.511,12.22,12.16
5531953,K01681.01,291.285,40.730049,Confirmed Planet,0.99999094,15.855,17.402,16.014,15.192,14.74,13.465,12.847,12.58
5531953,K01681.03,291.285,40.730049,Confirmed Planet,0.9998665,15.855,17.402,16.014,15.192,14.74,13.465,12.847,12.58
5531953,K01681.04,291.285,40.730049,False Positive,3.0901983e-08,15.855,17.402,16.014,15.192,14.74,13.465,12.847,12.58
5542466,K01590.01,294.36487,40.720879,Confirmed Planet,0.9999974,15.674,16.487,15.592,15.326,15.064,14.036,13.48,13.452
5542466,K01590.03,294.36487,40.720879,False Positive,0.009930642,15.674,16.487,15.592,15.326,15.064,14.036,13.48,13.452
5544450,K03226.02,294.89734,40.798168,Confirmed Planet,0.8888652,12.209,12.422,12.139,12.096,12.097,11.364,11.123,11.126
5546761,K02160.02,295.48123,40.731979,False Positive,0.01834376,14.874,15.364,14.826,14.664,14.606,13.694,13.31,13.243
5551672,K03119.01,296.58719,40.722988,Confirmed Planet,0.9998853,16.946,18.695,17.254,16.196,15.684,14.377,13.838,13.539
5552562,K04495.01,296.77414,40.793282,Confirmed Planet,0.99980074,15.466,16.05,15.413,15.216,15.119,14.149,13.883,13.797
5552808,K06598.01,296.82327,40.757229,Confirmed Planet,0.9988938,11.969,12.122,11.917,11.948,11.931,11.189,11.046,11.015
5553959,K03377.01,297.05066,40.717419,Confirmed Planet,0.9999962,15.318,16.349,15.281,14.876,14.587,13.493,12.89,12.763
5563300,K03309.01,298.96829,40.797352,Confirmed Planet,0.9878369,14.71,15.41,14.651,14.41,14.26,13.233,12.785,12.691
5564082,K06600.01,299.11465,40.748619,Confirmed Planet,0.9872371,10.715,11.081,10.66,10.559,10.527,9.685,9.397,9.368
5596440,K00648.01,282.72067,40.899181,False Positive,3.2286307e-09,13.22,13.534,13.183,13.086,13.071,12.207,12.013,11.929
5597361,K06601.01,283.13373,40.852421,Confirmed Planet,0.9999572,14.604,15.096,14.571,14.392,14.362,13.462,13.117,13.057
5602588,K02369.02,285.72079,40.85696,False Positive,3.5209997e-08,15.832,16.315,15.794,15.625,15.566,14.753,14.325,14.318
5602588,K02369.03,285.72079,40.85696,Confirmed Planet,0.999882,15.832,16.315,15.794,15.625,15.566,14.753,14.325,14.318
5612697,K03206.01,289.57462,40.807594,Confirmed Planet,0.7652987,11.843,12.405,11.791,11.601,,15.567,13.828,13.591
5613330,K00649.02,289.77325,40.80072,Confirmed Planet,0.99953806,13.31,13.666,13.238,13.157,13.058,12.235,11.959,11.903
5613821,K02915.01,289.91742,40.828606,Confirmed Planet,0.9999999,13.346,13.534,13.3,,,12.33,11.986,11.956
5617259,K07733.01,290.96094,40.896198,False Positive,4.5407234e-07,11.86,11.946,11.831,11.841,11.876,11.1,10.995,10.942
5617510,K06605.01,291.04001,40.84993,False Positive,2.3690129e-33,11.319,11.489,11.262,11.158,11.107,10.34,10.097,10.05
5621333,K03341.01,292.22977,40.808949,False Positive,0.0028285398,14.886,15.341,14.83,14.692,14.625,13.75,13.465,13.394
5621333,K03341.02,292.22977,40.808949,Confirmed Planet,0.9999707,14.886,15.341,14.83,14.692,14.625,13.75,13.465,13.394
5629353,K06132.01,294.55789,40.850498,Confirmed Planet,0.9592097,14.624,15.124,14.579,14.41,14.344,13.49,13.263,13.079
5629353,K06132.03,294.55789,40.850498,Confirmed Planet,0.9999999,14.624,15.124,14.579,14.41,14.344,13.49,13.263,13.079
5633259,K06610.01,295.55298,40.877991,False Positive,0.0,15.341,15.939,15.304,15.084,14.965,13.939,13.477,13.48
5642620,K02882.01,297.59085,40.81496,False Positive,4.1178082e-11,15.398,16.408,15.336,14.966,14.788,13.685,13.066,12.971
5642688,K04705.01,297.60236,40.803219,False Positive,1.3450401e-09,15.078,15.649,15.042,14.833,14.693,13.776,13.388,13.37
5645170,K04837.01,298.12167,40.81358,Confirmed Planet,0.99996483,15.347,15.915,15.314,15.103,14.975,14.058,13.631,13.506
5650930,K05188.01,299.28336,40.834389,False Positive,8.7831255e-17,12.376,12.677,12.338,12.247,12.231,11.431,11.215,11.192
5651846,K04827.01,299.46869,40.82999,False Positive,0.29956576,15.401,15.984,15.373,15.151,15.034,14.064,13.66,13.641
5683219,K08257.01,282.96545,40.922619,False Positive,1.8471827e-07,13.413,13.964,13.391,13.177,13.095,12.112,11.781,11.677
5687700,K04587.01,285.22415,40.958931,Confirmed Planet,0.9986143,15.567,16.051,15.525,15.36,15.3,14.385,14.052,13.949
5687986,K07735.01,285.36993,40.907429,False Positive,0.0,13.104,13.572,13.065,12.903,12.849,11.943,11.61,11.553
5688683,K04097.02,285.69,40.99453,Confirmed Planet,0.9504611,13.435,14.531,13.374,12.965,12.733,11.614,10.958,10.841
5695396,K00283.03,288.53082,40.942299,Confirmed Planet,0.999998,11.525,11.969,11.466,11.334,11.309,10.418,10.127,10.079
5695615,K04756.01,288.61057,40.92474,False Positive,0.00014103673,15.411,15.822,15.365,15.235,15.172,14.326,14.042,13.906
5697395,K05192.01,289.22729,40.94949,Confirmed Planet,0.9999865,14.867,15.649,14.811,14.532,14.364,13.293,12.814,12.678
5702770,K06617.01,290.91504,40.988499,Confirmed Planet,0.99990356,15.032,15.534,14.966,14.817,14.718,13.819,13.475,13.413
5706592,K06618.01,292.17029,40.907162,False Positive,0.00027523658,15.173,15.567,15.125,15.004,14.949,14.121,13.821,13.723
5706595,K02183.03,292.17114,40.916309,Confirmed Planet,0.9998349,15.198,15.712,15.143,14.978,14.888,13.977,13.65,13.55
5710069,K03396.01,293.2244,40.931931,Confirmed Planet,0.9989779,15.553,16.066,15.504,15.334,15.254,14.345,14.007,13.985
5716763,K00272.01,295.10114,40.986679,False Positive,0.0,12.107,12.506,12.061,11.937,11.884,11.071,10.723,10.655
5730445,K02189.01,298.07474,40.94899,Confirmed Planet,0.99999607,15.253,16.079,15.187,14.9,14.742,13.646,13.114,13.02
5731623,K01793.01,298.31674,40.996101,Confirmed Planet,0.92050135,15.28,15.764,15.237,15.072,14.952,14.074,13.697,13.775
5734702,K05196.01,298.92667,40.970451,False Positive,9.02798e-15,12.361,12.615,12.311,12.252,12.262,11.462,11.209,11.204
5769810,K04913.01,283.6788,41.096882,Confirmed Planet,0.99996877,13.36,13.651,13.293,13.234,13.209,12.404,12.173,12.126
5769810,K04913.02,283.6788,41.096882,Confirmed Planet,0.99994993,13.36,13.651,13.293,13.234,13.209,12.404,12.173,12.126
5769943,K03810.01,283.7504,41.08601,False Positive,5.242046e-14,16.758,18.273,16.865,16.109,15.692,14.425,13.817,13.557
5780855,K04443.01,288.56729,41.09013,Confirmed Planet,0.9999566,13.802,14.098,13.755,13.675,13.657,12.839,12.64,12.561
5785279,K04259.01,290.01245,41.089989,False Positive,0.0061139576,15.195,15.836,15.135,14.92,14.796,13.822,13.443,13.348
5787131,K02927.01,290.54007,41.09304,Confirmed Planet,0.9999999,15.849,16.302,15.798,15.655,15.595,14.769,14.33,14.308
5792202,K00841.04,292.23676,41.08588,False Positive,0.0,15.855,16.516,15.753,15.571,15.491,14.484,14.026,14.118
5792202,K00841.05,292.23676,41.08588,False Positive,1.9803408e-33,15.855,16.516,15.753,15.571,15.491,14.484,14.026,14.118
5793275,K05202.01,292.55951,41.090012,False Positive,3.5659149999999995e-26,14.679,15.152,14.615,14.476,14.395,13.481,13.195,13.153
5802205,K08107.01,295.08749,41.037395,False Positive,1.5362842e-17,11.402,11.602,11.376,,,10.082,9.832,9.772
5802637,K04398.01,295.21127,41.086971,False Positive,0.0057696817,15.486,16.048,15.4,15.245,15.124,14.22,13.794,13.708
5816144,K06137.01,298.19412,41.029331,Confirmed Planet,0.99999917,14.191,14.625,14.136,14.005,13.926,13.049,12.79,12.706
5819801,K04686.01,298.90576,41.04261,Confirmed Planet,0.9999969,12.327,12.871,12.254,12.094,12.022,11.061,10.742,10.674
5856571,K01839.02,284.09457,41.182819,False Positive,5.2877374e-07,13.237,13.808,13.195,12.992,12.87,11.905,11.5,11.422
5857656,K05205.01,284.66022,41.10894,False Positive,2.8983485e-34,12.842,13.206,12.777,12.686,12.645,11.818,11.534,11.471
5858919,K08109.01,285.29388,41.1026,False Positive,5.671087e-20,12.429,13.686,12.406,11.889,,9.49,8.623,8.421
5859725,K05207.01,285.68912,41.18961,Confirmed Planet,0.99943286,13.048,13.485,13.002,12.861,12.788,11.919,11.573,11.526
5860347,K06631.01,285.95218,41.14439,Confirmed Planet,0.9993544,13.273,13.859,13.202,13.022,12.912,11.994,11.548,11.475
5877292,K07744.01,292.13049,41.165749,False Positive,0.42524654,15.171,15.626,15.117,14.976,14.904,14.009,13.729,13.63
5878506,K07562.01,292.5253,41.197231,False Positive,5.0718863e-06,15.327,16.476,15.263,14.835,14.594,13.444,12.813,12.698
5881307,K07746.01,293.38049,41.151901,False Positive,7.551389e-24,15.622,16.064,15.577,15.433,15.354,14.5,14.166,14.104
5881813,K02744.02,293.52756,41.111439,Confirmed Planet,0.99999654,15.162,15.694,15.101,14.933,14.837,13.886,13.521,13.406
5888187,K07749.01,295.27301,41.168282,False Positive,0.256588,13.623,14.288,13.55,13.338,13.22,12.303,11.857,11.785
5894182,K07750.01,296.67538,41.164768,False Positive,2.7499924e-37,12.088,12.518,12.055,11.903,11.853,11.01,10.773,10.713
5897826,K00126.02,297.47586,41.114288,False Positive,1.4013539e-05,13.109,13.585,13.044,12.905,12.846,11.977,11.656,11.635
5898983,K03422.01,297.71487,41.104279,Confirmed Planet,1.0,13.201,13.641,13.135,13.012,12.896,12.053,11.711,11.666
5900235,K03426.01,298.00089,41.196991,Confirmed Planet,0.99999976,14.324,14.765,14.292,14.135,14.054,13.174,12.861,12.882
5903749,K03029.01,298.75836,41.159882,False Positive,0.014114311,14.948,15.606,14.899,14.666,14.574,13.599,13.162,13.149
5903749,K03029.02,298.75836,41.159882,False Positive,0.19744751,14.948,15.606,14.899,14.666,14.574,13.599,13.162,13.149
5906426,K02377.01,299.29227,41.15308,Confirmed Planet,0.99944395,14.782,15.399,14.545,14.518,14.188,13.222,12.782,12.716
5946568,K05211.01,287.00836,41.289101,Confirmed Planet,0.9999989,12.936,13.49,12.879,12.698,12.649,11.683,11.364,11.267
5954001,K04633.01,289.77954,41.214409,Confirmed Planet,0.9999187,13.848,14.352,13.817,13.632,13.557,12.725,12.379,12.307
5954894,K05213.01,290.0495,41.250359,False Positive,0.00056195015,12.429,12.964,12.378,12.2,12.121,11.189,10.859,10.759
5955197,K08111.01,290.14304,41.27755,False Positive,0.0,15.825,16.514,15.801,15.529,15.405,14.408,13.97,13.773
5956171,K08259.01,290.4519,41.22551,False Positive,0.0,14.619,15.015,14.593,14.45,14.414,13.579,13.246,13.221
5956656,K01053.02,290.60794,41.201092,False Positive,1.3227951e-07,15.376,15.972,15.332,15.121,15.034,14.128,13.656,13.535
5965629,K05216.01,293.46365,41.290939,False Positive,0.0,15.495,16.025,15.444,15.268,15.16,14.324,13.85,13.775
5966732,K06641.01,293.7937,41.204491,False Positive,8.8925975e-05,15.514,15.922,15.481,15.34,15.264,14.412,14.125,14.09
5966810,K03909.01,293.8183,41.21146,Confirmed Planet,0.9999964,14.948,15.329,14.915,14.784,14.732,13.883,13.608,13.596
5972334,K00191.03,295.28723,41.221958,False Positive,6.845713e-14,14.991,15.562,14.955,14.747,14.68,13.732,13.326,13.25
5978559,K02321.02,296.70724,41.203651,Confirmed Planet,0.9995633,14.71,15.12,14.662,14.533,14.466,13.631,13.392,13.409
5981058,K05219.01,297.26181,41.255508,False Positive,4.0290818e-10,15.197,15.806,15.183,14.936,14.798,13.814,13.358,13.248
5985713,K03190.01,298.26816,41.251663,Confirmed Planet,0.99999964,11.458,12.275,11.427,11.109,,11.254,11.0,10.956
6019971,K06646.01,282.58801,41.347092,Confirmed Planet,0.99998176,15.125,15.949,15.07,14.772,14.648,13.534,13.125,12.97
6021840,K05222.01,283.51559,41.335819,False Positive,1.5770597e-17,15.343,15.802,15.298,15.146,15.129,14.253,13.972,13.803
6023571,K05223.01,284.3486,41.319389,False Positive,2.198782e-16,13.682,14.593,13.612,13.291,13.104,11.94,11.362,11.248
6025124,K03411.01,285.1478,41.388908,Confirmed Planet,0.9979888,14.426,14.847,14.367,14.246,14.267,13.349,13.049,12.956
6025174,K05224.01,285.17563,41.342499,False Positive,2.1398410000000003e-25,14.892,15.36,14.86,14.691,14.652,13.719,13.396,13.376
6026737,K02949.01,285.87579,41.332432,Confirmed Planet,0.95343053,13.313,13.728,13.264,13.135,13.079,12.222,11.973,11.903
6026737,K02949.02,285.87579,41.332432,False Positive,0.009447833,13.313,13.728,13.264,13.135,13.079,12.222,11.973,11.903
6029239,K00304.02,287.08997,41.373878,Confirmed Planet,0.97840035,12.549,12.951,12.499,12.377,12.33,11.472,11.192,11.109
6032730,K06141.01,288.5929,41.307339,False Positive,7.744684e-07,8.655,8.742,8.626,8.723,8.766,8.043,7.979,7.95
6034379,K05226.01,289.18372,41.343376,False Positive,2.7458367e-14,13.931,14.737,13.893,13.585,,15.657,15.024,15.1
6034834,K05227.01,289.34515,41.36478,False Positive,0.0,14.058,14.562,14.013,13.842,13.736,12.81,12.426,12.317
6036286,K05228.01,289.81567,41.396439,False Positive,0.0,15.347,17.074,15.693,14.607,14.02,12.766,12.115,11.942
6038152,K05229.01,290.39862,41.351559,False Positive,2.0926784000000002e-16,14.425,14.771,14.37,14.278,14.231,13.414,13.151,13.105
6041734,K02167.02,291.60449,41.309361,Confirmed Planet,0.9999101,15.28,15.738,15.256,15.084,15.01,14.173,13.804,13.783
6043490,K05230.01,292.16544,41.329342,False Positive,2.1287268e-28,13.381,14.023,13.326,13.106,12.97,11.906,11.464,11.362
6043538,K07759.01,292.18057,41.31554,Confirmed Planet,0.8616555,14.918,15.334,14.857,14.739,14.686,13.82,13.557,13.428
6043562,K04764.01,292.18646,41.328041,Confirmed Planet,0.99999976,15.809,16.488,15.734,15.517,15.35,14.314,13.835,13.761
6045093,K06653.01,292.64594,41.353039,Confirmed Planet,0.9999918,14.927,15.534,14.845,14.667,14.57,13.576,13.155,13.145
6045404,K05231.01,292.74023,41.37896,False Positive,0.071193114,15.819,16.332,15.779,15.6,15.508,14.555,14.248,14.134
6057750,K06657.01,296.104,41.36927,False Positive,1.174754e-22,13.7,13.952,13.631,13.592,13.564,12.809,12.645,12.557
6058816,K03500.02,296.35461,41.33556,False Positive,2.015998e-09,13.214,13.624,13.169,13.038,12.998,12.161,11.87,11.826
6070337,K04632.01,299.01312,41.329311,Confirmed Planet,0.523289,15.618,16.265,15.586,15.341,15.19,14.205,13.819,13.831
6103377,K03004.02,283.94244,41.4716,False Positive,3.825607e-06,14.935,15.392,14.869,14.739,14.657,13.848,13.525,13.489
6106046,K07762.01,285.23715,41.497532,Confirmed Planet,0.99961936,15.33,15.848,15.286,15.109,15.042,14.128,13.803,13.657
6111011,K06664.01,287.46738,41.47163,False Positive,0.00017337807,15.559,16.122,15.519,15.318,15.229,14.282,13.883,13.816
6115356,K05237.01,289.20016,41.430752,False Positive,1.181601e-18,15.326,15.838,15.292,15.107,14.998,14.108,13.733,13.642
6116172,K06142.01,289.48145,41.49942,False Positive,6.614229e-06,13.735,13.995,13.674,13.623,,13.478,13.401,13.287
6116172,K06142.02,289.48145,41.49942,False Positive,1.4263891e-06,13.735,13.995,13.674,13.623,,13.478,13.401,13.287
6116172,K06142.03,289.48145,41.49942,False Positive,1.7197428e-09,13.735,13.995,13.674,13.623,,13.478,13.401,13.287
6119141,K02343.01,290.37512,41.43375,Confirmed Planet,1.0,14.409,14.931,14.349,14.185,14.078,13.177,12.823,12.695
6124137,K07764.01,292.0105,41.467098,False Positive,5.412389e-20,13.845,14.174,13.781,13.704,13.63,12.786,12.556,12.492
6128245,K06666.01,293.2793,41.403679,False Positive,6.826235e-09,14.796,15.282,14.755,14.588,14.524,13.627,13.277,13.279
6131130,K03307.01,294.13626,41.456692,Confirmed Planet,0.99999845,15.654,16.371,15.616,15.346,15.24,14.216,13.759,13.673
6140059,K04123.01,296.3566,41.455391,Confirmed Planet,0.99999964,13.519,13.934,13.48,13.341,13.283,12.407,12.165,12.098
6144039,K04602.01,297.23273,41.433411,False Positive,8.911034e-06,14.636,15.193,14.584,14.41,14.315,13.423,13.017,12.954
6185476,K00227.01,284.35202,41.519199,Confirmed Planet,0.999992,14.267,15.526,14.256,13.727,13.453,12.28,11.605,11.493
6186182,K04496.01,284.68292,41.592411,Confirmed Planet,0.9999851,15.602,16.119,15.533,15.381,15.304,14.419,14.05,13.874
6187508,K06672.01,285.33963,41.539749,Confirmed Planet,0.9697641,15.181,15.801,15.124,14.915,14.779,13.897,13.426,13.302
6197344,K04463.01,289.41428,41.51004,Confirmed Planet,0.9999938,15.598,15.483,15.637,14.638,14.451,12.895,12.549,12.545
6197658,K05247.01,289.5257,41.500488,False Positive,0.0,14.81,15.227,14.767,14.631,14.616,13.757,13.424,13.302
6198182,K02636.02,289.68671,41.588928,Confirmed Planet,0.99324363,12.32,12.745,12.263,12.138,,10.986,10.775,10.666
6198670,K05248.01,289.82709,41.524811,False Positive,1.03444466e-22,15.142,15.683,15.103,14.909,14.786,13.871,13.389,13.377
6200810,K03397.01,290.44928,41.535789,Confirmed Planet,0.9999995,15.353,15.712,15.302,15.199,15.147,14.329,14.09,14.003
6203955,K05249.01,291.50589,41.550388,Confirmed Planet,0.99999094,14.518,14.903,14.489,14.353,14.337,13.486,13.179,13.147
6209225,K06676.01,293.16168,41.538158,False Positive,1.8292628999999999e-37,13.993,14.287,13.964,13.868,13.85,13.067,12.811,12.779
6209677,K01750.02,293.30023,41.523338,Confirmed Planet,0.97758055,14.8,15.335,14.76,14.57,14.481,13.624,13.23,13.186
6220312,K04793.01,296.12253,41.561138,False Positive,5.9536947e-06,15.374,15.932,15.325,15.134,15.047,14.114,13.742,13.604
6221385,K06145.03,296.35944,41.574532,Confirmed Planet,0.99998784,14.263,14.682,14.261,14.083,14.059,13.161,12.862,12.735
6223324,K04274.01,296.81158,41.51569,False Positive,2.6545956e-13,15.276,15.779,15.236,15.061,14.965,14.051,13.774,13.74
6231721,K07773.01,298.68607,41.521069,False Positive,0.00015330197,15.673,16.379,15.611,15.37,15.217,14.232,13.787,13.751
6264750,K04715.01,283.57269,41.695728,Confirmed Planet,0.99999726,13.98,14.465,13.928,13.771,,12.908,12.621,12.536
6265961,K06680.01,284.12134,41.633072,Confirmed Planet,0.99995613,13.692,14.17,13.617,13.487,13.419,12.529,12.229,12.127
6266866,K05254.01,284.59164,41.639271,False Positive,6.428992000000001e-17,10.926,11.376,10.86,10.733,10.7,9.81,9.499,9.39
6268648,K01613.02,285.47659,41.632717,Confirmed Planet,0.99999964,11.049,11.985,11.167,,,10.588,10.316,10.282
6268648,K01613.03,285.47659,41.632717,Confirmed Planet,0.9999989,11.049,11.985,11.167,,,10.588,10.316,10.282
6276791,K04477.01,289.10422,41.69014,False Positive,0.0003184887,15.466,16.008,15.41,15.234,15.147,14.196,13.838,13.727
6277410,K07774.01,289.33551,41.683449,Confirmed Planet,0.99998665,15.421,15.949,15.363,15.195,15.07,14.117,13.701,13.671
6278670,K07775.01,289.72791,41.612289,Confirmed Planet,1.0,13.64,14.377,13.587,13.324,13.152,12.121,11.611,11.482
6289650,K00415.01,293.30606,41.606369,False Positive,0.00016680174,14.11,14.568,14.08,13.914,13.847,13.049,12.671,12.661
6290935,K04302.01,293.68127,41.611969,Confirmed Planet,1.0,13.591,13.917,13.554,13.451,13.409,12.588,12.365,12.336
6300348,K00212.01,296.1398,41.60318,Confirmed Planet,0.99999964,14.858,15.311,14.804,14.663,14.559,13.682,13.369,13.335
6307000,K06687.01,297.61307,41.672829,False Positive,3.501353e-22,15.79,16.653,15.721,15.42,15.311,14.158,13.632,13.498
6307083,K02050.02,297.63519,41.641869,Confirmed Planet,0.99875736,12.218,12.893,12.132,11.929,11.845,10.771,10.386,10.279
6309307,K05262.01,298.19696,41.650452,Confirmed Planet,0.9895365,12.356,13.264,12.306,11.967,11.722,10.595,10.046,9.933
6309763,K00611.01,298.29404,41.6838,False Positive,0.04806212,14.022,14.385,13.964,13.866,13.803,12.979,12.7,12.708
6311891,K04627.01,298.75836,41.631031,Confirmed Planet,0.9759689,15.029,15.629,14.993,14.772,14.643,13.706,13.277,13.215
6345758,K06689.01,284.57642,41.705971,Confirmed Planet,0.9976805,15.03,15.613,14.963,14.78,14.672,13.741,13.379,13.239
6346809,K02775.01,285.09872,41.775921,Confirmed Planet,0.9999999,14.94,15.486,14.892,14.705,14.596,13.69,13.306,13.186
6346894,K05264.01,285.14172,41.711552,Confirmed Planet,0.999998,12.358,12.774,12.299,12.18,12.116,11.221,10.932,10.815
6347890,K05266.01,285.62076,41.73806,False Positive,7.1792194e-10,15.294,15.79,15.26,15.081,15.03,14.101,13.726,13.662
6350031,K05267.01,286.65286,41.756142,Confirmed Planet,0.99976987,14.326,14.707,14.274,14.163,14.066,13.277,12.977,12.903
6350882,K04410.01,287.04236,41.752209,Confirmed Planet,0.99999833,15.744,16.228,15.678,15.537,15.417,14.531,14.111,14.129
6356400,K07776.01,289.28772,41.799938,False Positive,0.0,15.671,16.743,15.568,15.212,14.885,13.729,13.121,13.011
6356506,K08263.01,289.32593,41.749939,False Positive,1.0443675e-25,15.16,15.572,15.1,14.983,14.918,14.015,13.694,13.653
6357290,K03040.01,289.56802,41.771561,Confirmed Planet,0.9998677,15.667,16.139,15.611,15.464,15.409,14.545,14.084,13.987
6358937,K04794.01,290.09427,41.742779,False Positive,7.219592e-05,14.375,15.031,14.306,14.094,13.961,12.942,12.518,12.419
6359320,K01127.03,290.21518,41.77597,False Positive,2.3172731e-06,15.808,16.324,15.706,15.587,15.481,14.438,14.14,13.961
6359881,K05268.01,290.38223,41.757408,False Positive,2.584351e-22,15.322,15.853,15.249,15.094,15.017,14.073,13.738,13.684
6359926,K04391.01,290.39505,41.78157,Confirmed Planet,1.0,14.955,15.442,14.903,14.747,14.643,13.708,13.327,13.294
6359929,K05269.01,290.39795,41.75079,False Positive,1.3329898999999999e-37,15.392,15.966,15.321,15.145,15.023,14.07,13.694,13.594
6364215,K02404.01,291.87799,41.769581,False Positive,4.7426238e-07,15.656,16.22,15.607,15.415,15.366,14.3,13.992,14.076
6364582,K03456.02,292.00204,41.786961,False Positive,0.0,12.988,13.402,12.913,12.81,12.697,11.83,11.497,11.406
6366559,K05274.01,292.633,41.749222,False Positive,1.3476299e-10,12.746,13.376,12.694,12.476,12.328,11.344,10.902,10.811
6367663,K05275.01,292.99493,41.712749,False Positive,3.9178166e-13,14.531,14.943,14.502,14.354,14.26,13.435,13.137,13.102
6368222,K06697.01,293.16202,41.735229,False Positive,2.5794630000000003e-22,13.678,13.847,13.622,13.597,13.576,12.858,12.668,12.623
6368905,K05276.01,293.36475,41.788891,False Positive,6.079148e-11,15.827,16.545,15.785,15.519,15.341,14.414,13.849,13.811
6369131,K04554.01,293.43478,41.716881,Confirmed Planet,0.9999633,14.579,15.006,14.553,14.397,14.348,13.514,13.196,13.133
6372194,K05278.01,294.33594,41.747532,False Positive,0.0037596414,15.87,16.53,15.832,15.588,15.442,14.536,14.051,13.935
6372268,K06698.01,294.35617,41.777206,False Positive,6.4029495e-13,11.446,12.417,11.571,,,9.604,8.986,8.868
6387557,K05279.01,298.11356,41.712749,Confirmed Planet,0.99412024,14.775,15.322,14.731,14.54,14.439,13.454,13.137,13.078
6423922,K06705.01,284.2399,41.819042,False Positive,1.0470227e-12,15.673,16.728,15.649,15.22,,12.239,11.648,11.383
6424561,K04900.01,284.57806,41.890259,Confirmed Planet,0.999979,15.134,15.599,15.09,14.935,14.903,13.995,13.641,13.633
6425377,K05281.01,284.98364,41.881351,False Positive,1.3565614e-22,13.485,14.276,13.433,13.146,12.971,11.872,11.38,11.253
6425597,K04861.01,285.09976,41.874378,Confirmed Planet,0.99999416,15.536,16.072,15.496,15.306,15.221,14.338,13.947,13.906
6436029,K02828.02,289.53882,41.892818,False Positive,0.0,15.768,16.7,15.693,15.369,15.168,14.042,13.507,13.43
6436505,K06707.01,289.70703,41.84354,False Positive,4.744335e-05,15.857,16.451,15.81,15.602,15.515,14.542,14.064,14.056
6438099,K02976.01,290.22067,41.868721,Confirmed Planet,1.0,15.862,16.485,15.829,15.595,15.473,14.517,14.077,13.93
6441738,K01246.01,291.42755,41.878159,Confirmed Planet,1.0,14.898,15.318,14.86,14.718,14.649,13.787,13.407,13.391
6442735,K05283.01,291.76413,41.86013,Confirmed Planet,0.9998629,14.043,14.517,13.989,13.84,13.767,12.936,12.588,12.548
6443093,K05284.01,291.89035,41.816818,False Positive,2.3888296e-07,14.57,15.115,14.521,14.337,14.262,13.295,12.971,12.933
6443274,K07567.01,291.95438,41.826969,False Positive,0.0,15.059,16.094,15.008,14.616,14.368,13.271,12.65,12.496
6451368,K07780.01,294.48404,41.869171,Confirmed Planet,0.96044815,12.691,12.891,12.624,12.569,12.591,11.838,11.596,11.619
6467363,K02840.01,298.35361,41.820068,False Positive,0.00021245566,13.884,14.401,13.84,13.663,13.563,12.658,12.314,12.261
6467363,K02840.02,298.35361,41.820068,Confirmed Planet,0.9999963,13.884,14.401,13.84,13.663,13.563,12.658,12.314,12.261
6507334,K08122.01,286.47037,41.994789,False Positive,1.7604306e-13,14.84,15.247,14.78,14.666,14.597,13.706,13.466,13.322
6507433,K03815.01,286.50876,41.922741,Confirmed Planet,0.9505121,15.432,15.894,15.378,15.235,15.208,14.31,14.013,14.063
6508221,K00416.03,286.86548,41.989079,Confirmed Planet,0.99998975,14.29,14.922,14.223,14.019,13.908,12.853,12.488,12.301
6508221,K00416.04,286.86548,41.989079,Confirmed Planet,0.9991523,14.29,14.922,14.223,14.019,13.908,12.853,12.488,12.301
6509282,K05287.01,287.33041,41.974899,Confirmed Planet,0.9997484,13.56,14.387,13.483,13.206,12.995,11.839,11.296,11.172
6511182,K05288.01,288.12735,41.952801,Confirmed Planet,0.9956416,15.684,16.274,15.63,15.432,15.319,14.377,13.983,13.783
6516185,K02445.01,289.88446,41.906551,Confirmed Planet,0.99999976,15.817,16.405,15.776,15.565,15.479,14.533,14.052,13.963
6517064,K05289.01,290.15829,41.98978,False Positive,1.2035825999999998e-18,14.94,15.407,14.901,14.74,14.682,13.792,13.459,13.459
6517200,K05290.01,290.20068,41.946289,False Positive,9.906972000000001e-17,15.667,16.203,15.608,15.437,15.351,14.473,14.076,14.08
6517255,K05291.01,290.21606,41.954571,False Positive,1.8315816000000001e-16,13.795,14.655,13.732,13.426,13.228,12.1,11.53,11.431
6520519,K04749.01,291.21164,41.9856,False Positive,1.4500942e-05,15.608,16.172,15.542,15.366,15.3,14.292,13.904,13.822
6520753,K04504.01,291.2941,41.91283,False Positive,2.784334e-05,15.956,16.58,15.894,15.688,15.55,14.496,14.091,13.986
6520753,K04504.02,291.2941,41.91283,Confirmed Planet,0.9999989,15.956,16.58,15.894,15.688,15.55,14.496,14.091,13.986
6523058,K04549.01,292.02621,41.984119,False Positive,0.16521366,15.98,16.551,15.94,15.735,15.647,14.698,14.309,14.294
6523351,K03117.01,292.1218,41.927029,False Positive,0.0025666195,13.163,13.692,13.116,12.937,12.871,11.958,11.576,11.508
6525946,K02093.01,292.95416,41.934799,Confirmed Planet,1.0,15.357,15.737,15.314,15.194,15.136,14.305,13.936,13.997
6525946,K02093.02,292.95416,41.934799,Confirmed Planet,0.999959,15.357,15.737,15.314,15.194,15.136,14.305,13.936,13.997
6525946,K02093.03,292.95416,41.934799,False Positive,1.1416843e-24,15.357,15.737,15.314,15.194,15.136,14.305,13.936,13.997
6526710,K00856.01,293.17929,41.969238,False Positive,2.3241398e-15,15.344,15.804,15.287,15.147,15.06,14.131,13.824,13.767
6527078,K04657.01,293.29279,41.997589,Confirmed Planet,0.99921334,13.241,13.827,13.184,12.99,12.932,11.946,11.483,11.424
6527078,K04657.02,293.29279,41.997589,Confirmed Planet,0.99999964,13.241,13.827,13.184,12.99,12.932,11.946,11.483,11.424
6531617,K07785.01,294.62714,41.933182,False Positive,1.748046e-11,14.546,15.245,14.512,14.247,14.122,13.07,12.596,12.51
6543192,K05297.01,297.42578,41.932991,False Positive,5.6318153e-05,14.441,15.049,14.38,14.181,14.093,13.116,12.771,12.744
6543893,K01627.03,297.58313,41.952431,Confirmed Planet,0.9999201,15.767,16.407,15.702,15.493,15.378,14.361,13.523,13.477
6551106,K06731.01,299.07507,41.94223,False Positive,2.1527167e-06,15.256,15.736,15.214,15.05,14.982,14.057,13.785,13.746
6584278,K06733.01,283.77316,42.070862,False Positive,1.4671402000000002e-22,13.897,14.224,13.855,13.757,13.736,12.874,12.592,12.562
6590726,K06734.01,286.60938,42.063229,False Positive,0.0,15.477,16.075,15.374,15.22,15.128,14.133,13.769,13.591
6593150,K03037.01,287.60223,42.075741,Confirmed Planet,0.9999925,15.861,16.442,15.795,15.612,15.485,14.459,14.116,13.951
6594945,K05300.01,288.28122,42.072079,False Positive,4.8416937e-15,13.039,13.366,12.986,12.899,12.884,11.993,11.762,11.735
6599919,K00858.01,289.89777,42.009151,Confirmed Planet,0.9999987,15.06,15.607,14.999,14.825,14.697,13.702,13.307,13.245
6603765,K06739.01,291.09485,42.002918,Confirmed Planet,0.99999213,15.455,16.128,15.4,15.166,15.03,14.007,13.557,13.473
6607286,K01239.01,292.17859,42.005909,False Positive,2.915417e-14,15.005,15.458,14.939,14.812,14.773,13.848,13.504,13.517
6607286,K01239.02,292.17859,42.005909,Confirmed Planet,0.9999989,15.005,15.458,14.939,14.812,14.773,13.848,13.504,13.517
6607447,K01242.01,292.22839,42.03537,False Positive,0.004292839,13.75,14.074,13.68,13.611,13.588,12.734,12.525,12.473
6614748,K06745.01,294.28693,42.032791,False Positive,1.03748935e-23,15.232,15.561,15.186,15.091,15.051,14.272,13.983,13.954
6620003,K01225.01,295.62222,42.09288,False Positive,2.4126595e-07,15.686,17.047,15.733,15.103,14.678,13.394,12.771,12.61
6628926,K06746.01,297.62299,42.09882,False Positive,0.0005963051,14.121,14.553,14.083,13.936,13.822,12.957,12.689,12.585
6634112,K05308.01,298.64252,42.092831,False Positive,0.0036751693,14.099,14.775,14.05,13.809,13.691,12.718,12.266,12.172
6664842,K06750.01,281.5202,42.169472,False Positive,0.0061054802,14.43,14.883,14.378,14.235,14.223,13.339,12.943,12.898
6665064,K06751.01,281.64999,42.132061,Confirmed Planet,0.9985965,15.183,15.611,15.107,14.999,14.873,13.933,13.58,13.441
6665860,K04840.01,282.09314,42.160271,False Positive,1.5879104e-06,14.486,14.939,14.443,14.291,14.231,13.379,13.056,12.948
6670610,K06752.01,284.27499,42.123779,False Positive,0.20896614,15.537,16.813,15.512,14.99,14.719,13.523,12.863,12.75
6670742,K06753.01,284.33261,42.12709,False Positive,7.106198e-15,9.277,9.32,9.263,9.372,9.402,8.713,8.675,8.588
6675757,K05310.01,286.52942,42.167511,Confirmed Planet,0.9995116,13.993,14.49,13.955,13.78,13.696,12.772,12.427,12.316
6679295,K02862.01,287.94861,42.156139,Confirmed Planet,0.9998853,15.907,17.355,16.031,15.286,14.872,13.656,12.976,12.762
6690171,K03320.01,291.42685,42.164082,False Positive,1.6763064e-12,15.954,16.727,15.883,15.623,15.495,14.435,13.974,13.835
6691169,K04890.01,291.72189,42.117298,Confirmed Planet,0.94971657,15.765,16.136,15.705,15.606,15.589,14.752,14.458,14.474
6697605,K02851.02,293.56635,42.13258,False Positive,3.322924e-14,15.472,16.117,15.397,15.196,15.088,14.068,13.67,13.556
6697817,K03508.01,293.62357,42.129639,False Positive,1.1275257e-23,14.322,14.701,14.293,14.159,14.137,13.28,12.991,12.9
6697976,K06759.01,293.6633,42.113079,False Positive,0.0,14.936,15.55,14.883,14.673,14.592,13.622,13.271,13.149
6705026,K03374.02,295.40979,42.150829,Confirmed Planet,0.99995995,14.44,14.834,14.411,14.272,14.24,13.397,13.12,13.077
6705142,K01758.01,295.43436,42.166321,Confirmed Planet,0.99995804,15.969,16.554,15.911,15.718,15.641,14.65,14.27,14.218
6715997,K06762.01,297.83545,42.11039,Confirmed Planet,0.9999968,14.45,14.983,14.396,14.222,14.084,13.168,12.846,12.75
6716021,K02679.01,297.84125,42.118252,False Positive,0.07015971,13.455,13.764,13.379,13.322,13.277,12.397,12.101,12.113
6716545,K02906.02,297.94476,42.191879,False Positive,1.3704321e-13,13.716,14.116,13.692,13.545,13.495,12.65,12.364,12.319
6716545,K02906.03,297.94476,42.191879,Confirmed Planet,0.99999595,13.716,14.116,13.692,13.545,13.495,12.65,12.364,12.319
6717252,K04651.01,298.08716,42.164349,False Positive,0.01476041,13.818,14.389,13.785,13.574,13.519,12.581,12.194,12.128
6719052,K05320.01,298.45322,42.1101,False Positive,1.5432992e-17,13.723,13.895,13.666,13.664,13.677,12.894,12.774,12.711
6719086,K01357.01,298.45953,42.187431,Confirmed Planet,0.9999939,15.673,16.488,15.597,15.325,15.176,14.163,13.702,13.534
6721603,K05321.01,298.95654,42.156315,False Positive,0.000108064494,13.793,14.156,13.737,13.637,,12.138,11.86,11.782
6756369,K05322.01,283.97293,42.276588,False Positive,6.840473e-09,13.907,14.729,13.852,13.555,13.402,12.253,11.712,11.616
6763884,K06763.01,287.23486,42.263309,False Positive,0.00016967153,12.16,12.576,12.109,11.982,11.944,11.034,10.69,10.676
6765135,K02592.01,287.75229,42.244781,False Positive,5.1783454999999996e-20,15.054,15.474,15.003,14.874,14.816,13.926,13.646,13.62
6765563,K05324.01,287.90686,42.208721,False Positive,2.9428035999999997e-18,13.705,14.426,13.68,13.396,13.252,12.199,11.692,11.622
6767227,K04871.01,288.52902,42.27626,Confirmed Planet,0.99997115,13.05,13.341,13.004,12.925,12.896,12.067,11.82,11.778
6767227,K04871.02,288.52902,42.27626,False Positive,0.041962426,13.05,13.341,13.004,12.925,12.896,12.067,11.82,11.778
6768394,K02086.04,288.96124,42.265011,False Positive,2.3904936e-21,13.959,14.389,13.913,13.776,13.717,12.804,12.569,12.516
6768616,K06765.01,289.04434,42.280022,Confirmed Planet,0.99999857,15.154,15.626,15.118,14.952,14.895,13.967,13.625,13.504
6776555,K05327.01,291.55667,42.214169,Confirmed Planet,0.99997056,15.808,17.713,16.235,14.992,14.388,12.927,12.397,12.236
6779260,K02678.02,292.38855,42.233261,False Positive,6.219784e-09,11.799,12.377,11.755,11.551,11.463,10.522,10.13,10.088
6786224,K04850.01,294.33328,42.26413,False Positive,6.4835855e-05,14.147,14.643,14.097,13.935,13.864,12.961,12.585,12.533
6790592,K07791.01,295.43973,42.209061,False Positive,4.8643415e-05,10.028,13.479,11.077,8.549,6.702,4.097,3.014,2.311
6792908,K04341.01,295.96259,42.200256,Confirmed Planet,0.99998426,13.264,13.678,13.207,13.087,,12.268,12.114,12.032
6805414,K05329.01,298.64493,42.285831,Confirmed Planet,0.99996364,15.392,15.895,15.34,15.176,15.093,14.125,13.832,13.766
6837146,K01362.01,281.60541,42.390419,Confirmed Planet,1.0,15.406,16.027,15.352,15.14,14.98,13.962,13.538,13.447
6837283,K02914.01,281.69159,42.397549,Confirmed Planet,0.99985313,12.199,12.486,12.141,12.076,12.054,11.239,11.041,11.006
6839010,K04674.01,282.58282,42.346352,Confirmed Planet,0.99996364,13.59,14.087,13.541,13.377,13.327,12.374,12.085,12.026
6842345,K06774.01,284.13208,42.350441,False Positive,1.5846463e-15,15.567,16.012,15.515,15.376,15.269,14.372,13.997,13.954
6842807,K02921.01,284.35434,42.388371,Confirmed Planet,0.9999944,15.46,16.116,15.389,15.179,15.019,14.042,13.658,13.495
6853172,K06776.01,288.73029,42.334011,Confirmed Planet,0.9999926,15.426,15.85,15.353,15.244,15.168,14.337,14.068,14.046
6859546,K06777.01,290.72195,42.391571,Confirmed Planet,0.99769574,15.256,16.033,15.196,14.924,14.796,13.74,13.168,13.102
6862328,K00865.01,291.58377,42.36816,False Positive,1.0215574e-12,15.085,15.601,15.024,14.864,14.78,13.858,13.476,13.398
6863158,K07793.01,291.85205,42.343361,False Positive,4.475411e-08,15.846,17.291,15.932,15.226,14.85,13.55,12.891,12.746
6864706,K06781.01,292.30566,42.302479,Confirmed Planet,0.9955831,14.953,15.634,14.899,14.662,14.516,13.449,12.97,12.906
6867155,K00868.01,293.00797,42.307201,False Positive,5.5618547e-15,15.172,16.343,15.122,14.67,14.421,13.251,12.678,12.515
6867219,K06783.01,293.02472,42.325089,Confirmed Planet,0.99999046,15.472,15.959,15.429,15.264,15.182,14.339,13.962,13.934
6867555,K02439.02,293.12738,42.320099,False Positive,0.18336786,15.438,15.87,15.374,15.253,15.196,14.34,14.122,14.354
6867588,K02571.01,293.13705,42.350479,False Positive,1.7934731e-06,14.434,15.108,14.359,14.146,14.032,13.061,12.556,12.532
6869373,K05331.01,293.66772,42.320541,Confirmed Planet,0.9508501,15.164,15.792,15.101,14.894,14.773,13.786,13.324,13.275
6871071,K02220.04,294.13791,42.370499,False Positive,1.3921855e-05,14.686,15.167,14.65,14.48,14.389,13.503,13.181,13.136
6871071,K02220.05,294.13791,42.370499,Confirmed Planet,0.9999964,14.686,15.167,14.65,14.48,14.389,13.503,13.181,13.136
6875342,K05332.01,295.23825,42.322361,Confirmed Planet,0.99999976,14.296,14.718,14.222,14.115,14.021,13.145,12.872,12.838
6876575,K07572.01,295.51334,42.31879,False Positive,3.9349825e-12,9.748,9.663,9.776,9.92,10.012,9.399,9.408,9.378
6878408,K06786.01,295.93283,42.39669,False Positive,4.1934800000000003e-32,15.975,16.542,15.935,15.732,15.632,14.667,14.368,14.142
6879183,K05333.01,296.10648,42.354279,Confirmed Planet,1.0,15.529,16.104,15.473,15.283,15.192,14.225,13.92,13.785
6879865,K00417.01,296.24954,42.33548,False Positive,0.00045811635,14.847,15.357,14.797,14.628,14.545,13.62,13.29,13.177
6887030,K07795.01,297.8728,42.303291,False Positive,8.521704e-07,14.81,15.4,14.774,14.557,14.463,13.506,13.143,13.074
6891124,K07796.01,298.72821,42.372631,Confirmed Planet,0.9998054,14.46,14.888,14.409,14.276,14.194,13.354,13.073,13.006
6922203,K02578.01,281.26013,42.40329,Confirmed Planet,0.9997998,14.847,15.313,14.794,14.647,14.592,13.595,13.287,13.247
6934045,K05336.01,286.79755,42.42091,False Positive,0.0,13.491,13.799,13.429,13.359,13.358,12.453,12.281,12.23
6934986,K02294.01,287.1532,42.421612,Confirmed Planet,0.9719587,14.895,15.369,14.832,14.691,14.611,13.728,13.415,13.329
6937529,K04382.02,288.16397,42.481079,False Positive,0.0022148136,14.144,14.451,14.089,14.013,14.004,13.241,12.965,12.927
6939913,K05337.01,289.04572,42.446758,False Positive,9.691491999999999e-37,15.07,15.549,15.026,14.865,14.82,13.881,13.55,13.494
6946199,K01359.02,291.02069,42.46244,Confirmed Planet,0.68593043,15.229,15.705,15.188,15.025,14.921,14.013,13.65,13.532
6946681,K06150.01,291.19293,42.49445,False Positive,1.8626858e-06,12.182,12.24,12.163,12.205,12.257,11.577,11.462,11.444
6946708,K06151.01,291.20096,42.449989,False Positive,2.3410333e-17,14.401,14.898,14.352,14.188,14.109,13.206,12.858,12.785
6947623,K06793.01,291.49585,42.47813,Confirmed Planet,0.8264713,14.835,15.434,14.738,14.578,14.391,13.443,13.025,12.919
6947668,K03455.01,291.50708,42.429878,Confirmed Planet,0.9999937,15.802,16.336,15.726,15.573,15.452,14.448,14.131,13.983
6949898,K03031.01,292.22739,42.451969,Confirmed Planet,0.99997723,15.267,15.832,15.203,15.025,14.932,13.995,13.59,13.655
6952971,K07798.01,293.17212,42.483238,False Positive,4.498863699999999e-18,14.706,15.084,14.668,14.544,14.525,13.683,13.471,13.414
6955671,K03329.01,293.94241,42.4259,Confirmed Planet,0.9999043,15.813,16.26,15.752,15.622,15.517,14.645,14.347,14.308
6956176,K06798.01,294.07739,42.402241,Confirmed Planet,0.9999368,13.533,14.266,13.52,13.219,13.047,11.968,11.451,11.369
6964929,K02756.02,296.23282,42.47279,Confirmed Planet,0.9999796,14.758,15.241,14.702,14.551,14.476,13.563,13.279,13.24
6974658,K02925.01,298.29819,42.434368,Confirmed Planet,0.9918955,13.458,14.017,13.385,13.218,13.106,12.151,11.801,11.729
6975129,K01628.03,298.39575,42.459751,Confirmed Planet,0.9919956,12.949,13.355,12.895,12.775,12.729,11.902,11.664,11.596
7009548,K05341.01,282.29132,42.545509,Confirmed Planet,0.99995375,12.493,12.832,12.458,12.348,12.353,11.496,11.275,11.243
7017274,K03209.01,285.92322,42.54985,False Positive,0.00041188733,11.915,12.125,11.845,11.778,11.798,11.02,10.75,10.745
7017274,K03209.02,285.92322,42.54985,Confirmed Planet,0.9999989,11.915,12.125,11.845,11.778,11.798,11.02,10.75,10.745
7017372,K03689.01,285.9718,42.545712,False Positive,1.3872149e-06,14.014,14.368,13.982,13.862,13.871,12.971,12.694,12.627
7018210,K05344.01,286.35242,42.58577,False Positive,7.0339627e-13,13.735,13.924,13.672,13.655,13.665,12.86,12.69,12.617
7021681,K00255.02,287.85812,42.542629,Confirmed Planet,0.76522964,15.108,16.484,15.193,14.519,14.143,12.912,12.236,12.08
7022573,K03112.01,288.21072,42.556808,Confirmed Planet,0.9990281,15.855,16.367,15.749,15.636,15.596,14.581,14.135,14.085
7031517,K00871.01,291.11969,42.507069,Confirmed Planet,0.71515864,15.215,15.674,15.167,15.018,14.948,14.079,13.715,13.633
7033233,K02339.02,291.66928,42.59071,Confirmed Planet,0.99999356,15.13,16.08,15.068,14.723,14.56,13.47,12.91,12.814
7047922,K01899.02,295.75412,42.537479,Confirmed Planet,0.9982041,14.563,14.878,14.315,14.428,14.009,13.053,12.625,12.502
7051180,K00064.01,296.51059,42.54744,False Positive,1.786703e-08,13.143,13.791,13.099,12.866,12.738,11.759,11.324,11.23
7051984,K02879.01,296.7019,42.508652,False Positive,2.862962e-13,12.771,13.344,12.716,12.526,12.429,11.553,11.167,11.099
7093401,K03433.01,282.34613,42.60891,Confirmed Planet,0.98141897,15.417,16.135,15.354,15.109,15.001,13.945,13.527,13.344
7094944,K04859.01,283.06223,42.629002,Confirmed Planet,0.9998778,15.562,16.443,15.482,15.185,14.971,13.9,13.317,13.276
7098255,K04762.01,284.61008,42.687431,Confirmed Planet,0.6679889,15.674,16.661,15.594,15.251,15.066,13.891,13.293,13.207
7100673,K04032.05,285.72849,42.65453,False Positive,0.07316388,12.639,13.122,12.586,12.432,12.373,11.421,11.034,10.989
7101726,K05352.01,286.19986,42.61301,False Positive,6.313105e-24,15.059,15.591,15.002,14.831,14.767,13.736,13.427,13.28
7103300,K06819.01,286.84534,42.67696,Confirmed Planet,0.9998491,11.429,11.678,11.365,11.322,11.32,10.467,10.253,10.206
7106173,K03083.01,287.97885,42.679359,Confirmed Planet,0.99999976,12.857,13.281,12.793,12.675,12.642,11.74,11.449,11.401
7106173,K03083.02,287.97885,42.679359,Confirmed Planet,0.95674866,12.857,13.281,12.793,12.675,12.642,11.74,11.449,11.401
7106173,K03083.03,287.97885,42.679359,False Positive,0.16453089,12.857,13.281,12.793,12.675,12.642,11.74,11.449,11.401
7107802,K02420.02,288.58835,42.605659,False Positive,0.0004969902,14.746,15.249,14.691,14.53,14.459,13.55,13.238,13.175
7119481,K00566.02,292.31601,42.626251,False Positive,0.00044831168,14.718,15.15,14.656,14.533,14.458,13.553,13.201,13.19
7119481,K00566.03,292.31601,42.626251,Confirmed Planet,0.99999964,14.718,15.15,14.656,14.533,14.458,13.553,13.201,13.19
7125794,K05358.01,294.15234,42.61898,False Positive,2.3890211999999997e-19,12.968,13.254,12.93,12.845,12.828,12.012,11.782,11.738
7130612,K05359.01,295.41357,42.663071,Confirmed Planet,0.99995947,16.56,17.859,16.557,16.003,15.692,14.406,13.841,13.591
7132462,K05360.01,295.8591,42.642189,False Positive,3.1279278e-12,13.67,14.164,13.631,13.459,13.345,12.433,12.169,12.067
7134626,K07818.01,296.40149,42.651058,Confirmed Planet,0.9452233,13.063,13.397,13.026,12.919,12.902,12.066,11.822,11.762
7135549,K06835.01,296.6192,42.674931,False Positive,6.4066865e-07,13.903,14.311,13.861,13.728,13.659,12.835,12.552,12.469
7186436,K05365.01,287.01953,42.751282,False Positive,0.0,14.644,15.153,14.569,14.426,14.355,13.351,13.043,12.97
7191523,K05367.01,289.03937,42.701439,False Positive,0.0,14.03,14.495,13.965,13.83,13.765,12.832,12.503,12.482
7191646,K04358.01,289.08313,42.70414,False Positive,6.9209605e-08,15.716,16.197,15.662,15.51,15.444,14.473,14.128,14.022
7198587,K05369.01,291.26584,42.739491,False Positive,1.3060918e-06,12.888,13.669,12.812,12.553,12.384,11.257,10.764,10.683
7199060,K04152.01,291.38602,42.709129,Confirmed Planet,0.9999974,12.972,13.181,12.903,12.871,12.887,12.059,11.914,11.888
7199397,K00075.01,291.49722,42.728481,Confirmed Planet,1.0,10.775,11.144,10.722,10.617,10.574,9.692,9.443,9.387
7199906,K01739.01,291.65009,42.700779,False Positive,1.1984521e-13,15.129,15.613,15.078,14.922,14.837,13.909,13.548,13.479
7204233,K05371.01,293.00269,42.708851,False Positive,8.005149e-07,14.733,15.577,14.634,14.371,14.232,13.198,12.638,12.575
7205717,K05372.01,293.44861,42.744911,False Positive,5.8388368000000005e-27,14.01,14.531,13.935,13.786,13.692,12.758,12.443,12.32
7206422,K05373.01,293.64182,42.736019,False Positive,1.4751568e-14,11.509,12.264,11.437,11.186,11.043,9.929,9.436,9.326
7213311,K05375.01,295.51764,42.758942,False Positive,1.1750312e-09,13.863,14.625,13.845,13.537,13.329,12.21,11.702,11.596
7215678,K02354.01,296.06625,42.768219,False Positive,6.96523e-05,14.519,14.968,14.471,14.327,14.252,13.339,13.042,12.949
7217088,K06849.01,296.39548,42.78014,Confirmed Planet,0.9999808,15.082,15.673,15.046,14.829,14.68,13.673,13.329,13.277
7219825,K00238.03,296.99863,42.78196,False Positive,1.367942e-23,14.061,14.458,14.013,13.891,13.819,12.982,12.725,12.655
7256914,K04136.01,281.82318,42.811169,Confirmed Planet,0.99998677,13.955,14.437,13.901,13.749,13.699,12.812,12.473,12.416
7256914,K04136.02,281.82318,42.811169,Confirmed Planet,0.9999956,13.955,14.437,13.901,13.749,13.699,12.812,12.473,12.416
7266212,K04737.01,286.21729,42.86092,Confirmed Planet,0.9999622,14.726,15.156,14.679,14.542,14.515,13.667,13.35,13.21
7272132,K04466.01,288.63861,42.857288,Confirmed Planet,0.94057316,15.015,15.42,14.99,14.841,14.807,13.967,13.682,13.585
7282470,K05379.01,291.9227,42.892921,False Positive,5.872097e-14,12.518,13.216,12.48,12.218,12.063,11.036,10.572,10.485
7285757,K03271.02,292.95819,42.854889,Confirmed Planet,0.99987304,15.717,16.314,15.688,15.461,15.349,14.386,13.914,13.908
7287028,K07832.01,293.35861,42.80666,False Positive,0.43821856,13.534,13.944,13.469,13.358,13.293,12.422,12.127,12.083
7287677,K04815.01,293.54733,42.828442,Confirmed Planet,0.9990119,14.965,15.452,14.926,14.756,14.668,13.78,13.375,13.377
7287683,K01622.01,293.54889,42.888859,Confirmed Planet,0.9999999,12.02,12.112,11.989,12.033,12.089,11.389,11.296,11.242
7289139,K05380.01,293.96146,42.806419,False Positive,0.0,15.524,16.027,15.495,15.309,15.29,14.37,13.984,13.907
7289317,K02450.02,294.00946,42.880772,Confirmed Planet,0.99999833,14.834,15.373,14.794,14.603,14.526,13.603,13.245,13.168
7289338,K03420.01,294.01529,42.824371,False Positive,0.0008158466,15.589,16.077,15.54,15.38,15.335,14.415,14.085,13.982
7289338,K03420.02,294.01529,42.824371,Confirmed Planet,0.9994091,15.589,16.077,15.54,15.38,15.335,14.415,14.085,13.982
7294743,K02516.01,295.45367,42.858799,False Positive,9.3666705e-07,13.388,14.009,13.339,13.122,13.015,12.065,11.667,11.582
7296438,K00364.01,295.87231,42.881149,Confirmed Planet,0.99000764,10.087,10.51,10.017,9.906,9.874,8.989,8.706,8.645
7300182,K07833.01,296.78555,42.880291,False Positive,0.0,14.321,14.723,14.275,14.149,14.087,13.252,12.971,12.931
7335514,K06860.01,280.77686,42.924541,False Positive,0.00032594512,13.291,14.416,13.25,12.809,12.591,11.397,10.813,10.687
7345248,K04864.01,285.45886,42.931049,Confirmed Planet,0.99867344,13.221,13.682,13.188,13.024,12.974,12.027,11.731,11.659
7345335,K06862.01,285.50293,42.911789,Confirmed Planet,0.99999917,14.804,15.379,14.775,14.557,14.477,13.564,13.156,13.078
7363829,K01356.01,292.1199,42.931679,False Positive,3.1964793e-09,15.206,15.738,15.161,14.978,14.909,13.96,13.659,13.606
7366501,K07834.01,292.94757,42.904308,Confirmed Planet,0.9971928,15.051,15.506,15.001,14.857,14.788,13.889,13.512,13.496
7367164,K07835.01,293.13828,42.965141,Confirmed Planet,0.9995925,14.688,15.172,14.627,14.48,14.395,13.542,13.223,13.197
7375348,K00266.02,295.40433,42.981422,False Positive,1.0550812e-21,11.472,12.453,11.599,,,10.674,10.425,10.379
7377343,K05384.01,295.90891,42.988209,Confirmed Planet,0.98203516,14.406,14.861,14.364,14.21,14.138,13.275,13.042,12.923
7380537,K00883.01,296.68307,42.967869,Confirmed Planet,0.91882163,15.766,16.587,15.72,15.414,15.22,14.178,13.631,13.522
7381580,K06872.01,296.91513,42.905079,Confirmed Planet,0.9975691,15.087,15.69,15.041,14.828,14.716,13.735,13.342,13.317
7383840,K05385.01,297.39856,42.991539,False Positive,1.587537e-31,15.54,16.227,15.377,15.245,15.127,14.026,13.511,13.528
7416016,K05387.01,280.35452,43.056671,False Positive,0.0,14.587,15.801,14.547,14.066,13.814,12.652,11.974,11.862
7416306,K05388.01,280.52133,43.077068,Confirmed Planet,0.9896236,13.668,14.286,13.603,13.403,13.255,12.245,11.815,11.74
7416646,K05389.01,280.72287,43.065472,False Positive,1.0136673e-21,12.962,13.541,12.899,12.714,12.633,11.627,11.216,11.158
7429287,K04260.04,286.39584,43.075821,False Positive,9.359983e-05,11.443,11.879,11.406,11.257,11.219,10.29,9.97,9.92
7440715,K05390.01,290.50705,43.015041,False Positive,1.5753107e-08,14.457,15.22,14.423,14.13,13.976,12.886,12.358,12.268
7446631,K02598.01,292.32419,43.033451,Confirmed Planet,0.9999654,14.162,14.625,14.111,13.964,13.94,13.054,12.824,12.781
7447895,K06878.01,292.72079,43.076809,Confirmed Planet,0.9999763,14.709,15.312,14.643,14.45,14.359,13.412,13.036,12.921
7449554,K02357.01,293.20377,43.057011,False Positive,0.005670456,15.61,16.119,15.575,15.392,15.303,14.415,14.062,13.934
7449554,K02357.02,293.20377,43.057011,Confirmed Planet,0.99999654,15.61,16.119,15.575,15.392,15.303,14.415,14.062,13.934
7458743,K05393.01,295.64517,43.065338,False Positive,6.448543e-37,13.586,14.512,13.533,13.189,12.944,11.793,11.198,11.087
7461521,K06882.01,296.28384,43.033981,False Positive,8.061721e-08,14.752,15.207,14.72,14.557,14.477,13.603,13.32,13.189
7466270,K02959.01,297.27222,43.098721,Confirmed Planet,0.9996946,15.771,16.782,15.739,15.338,15.092,13.981,13.402,13.25
7499398,K01473.01,280.36023,43.12368,Confirmed Planet,0.9697748,15.573,16.189,15.507,15.309,15.239,14.363,13.971,13.779
7501646,K02572.01,281.59235,43.177879,Confirmed Planet,0.99986506,15.522,16.063,15.387,15.29,15.22,14.273,13.93,13.876
7504328,K00458.01,282.88269,43.191952,False Positive,9.786486e-08,14.708,15.217,14.661,14.49,14.41,13.486,13.133,13.113
7512982,K01480.02,286.74188,43.190102,Confirmed Planet,0.99906284,15.887,16.619,15.845,15.573,15.452,14.424,13.946,13.858
7515336,K04663.01,287.67059,43.197239,Confirmed Planet,0.9999826,12.715,13.236,12.655,12.491,12.418,11.524,11.16,11.093
7517261,K03496.02,288.4212,43.179794,Confirmed Planet,0.99945825,13.932,14.291,13.87,13.778,,12.713,12.544,12.471
7537660,K06884.01,294.6015,43.159935,False Positive,8.165565e-31,13.583,14.309,13.54,13.27,,12.281,12.032,11.952
7539277,K05398.01,295.02985,43.129421,False Positive,0.0,14.465,15.017,14.405,14.228,14.153,13.244,12.912,12.791
7582691,K04419.01,281.11646,43.28244,False Positive,7.358880000000001e-29,15.174,16.499,15.164,14.607,14.288,13.044,12.417,12.272
7583650,K04614.01,281.73087,43.282341,Confirmed Planet,0.9997813,13.784,14.106,13.736,13.646,13.644,12.771,12.596,12.476
7592529,K06889.01,286.14291,43.236351,False Positive,0.03143697,11.649,12.0,11.6,11.498,11.472,10.58,10.303,10.297
7592922,K06890.01,286.33069,43.267929,False Positive,0.02969393,15.377,15.994,15.314,15.112,14.996,14.007,13.543,13.456
7601665,K07842.01,289.88666,43.233879,False Positive,2.1557541e-07,13.396,13.728,13.345,13.253,13.236,12.358,12.15,12.068
7602351,K06892.01,290.12088,43.24361,Confirmed Planet,0.99993503,14.989,15.415,14.946,14.806,14.752,13.858,13.543,13.467
7609553,K02924.02,292.4404,43.209431,Confirmed Planet,0.9965246,14.589,15.368,14.532,14.256,14.111,13.06,12.57,12.514
7609674,K03128.01,292.47977,43.227024,Confirmed Planet,0.99999976,13.371,13.782,13.315,13.196,,12.236,11.995,11.9
7613620,K07843.01,293.67114,43.217609,False Positive,3.7108808e-25,15.775,16.482,15.705,15.473,15.377,14.369,13.949,13.858
7619236,K00682.01,295.198,43.269508,False Positive,4.1406678000000005e-22,13.916,14.438,13.856,13.692,13.614,12.688,12.379,12.261
7620413,K02103.02,295.50269,43.232792,Confirmed Planet,0.99980897,14.736,15.277,14.708,14.504,14.431,13.479,13.101,13.07
7625138,K05406.01,296.65967,43.27029,False Positive,7.923892e-07,11.331,11.652,11.281,11.193,11.171,10.348,10.114,10.06
7625143,K05407.01,296.6608,43.275089,False Positive,1.2236703e-14,13.048,13.369,13.005,12.91,12.871,12.059,11.827,11.737
7630229,K00683.01,297.82431,43.258381,False Positive,2.868185e-31,13.714,14.189,13.668,13.511,13.455,12.606,12.294,12.242
7631138,K05408.01,298.03403,43.228271,False Positive,0.0,14.03,14.712,13.973,13.738,13.608,12.605,12.204,12.119
7661893,K04296.01,282.63617,43.3661,Confirmed Planet,0.7520529,13.03,13.404,12.977,12.87,12.84,11.901,11.59,11.559
7662502,K05410.01,282.98114,43.300407,Confirmed Planet,1.0,13.664,14.14,13.608,13.459,,12.471,12.224,12.162
7663405,K01519.02,283.47818,43.383781,Confirmed Planet,0.9999882,15.369,16.086,15.292,15.062,14.939,13.925,13.437,13.354
7668416,K03089.01,286.14804,43.369202,False Positive,8.254472e-08,15.247,15.927,15.164,14.956,14.803,13.77,13.382,13.28
7671950,K07846.01,287.81284,43.362549,Confirmed Planet,0.9990411,15.284,15.696,15.202,15.107,15.045,14.17,13.825,13.816
7672215,K05411.01,287.93747,43.377659,Confirmed Planet,0.995861,13.335,13.484,13.286,13.289,13.309,12.553,12.39,12.344
7673192,K02722.05,288.37024,43.35461,Confirmed Planet,0.99999917,13.268,13.567,13.221,13.14,13.127,12.303,12.082,11.993
7673841,K02585.03,288.66077,43.36808,Confirmed Planet,0.99995327,13.455,13.791,13.421,13.311,13.31,12.414,12.151,12.121
7687365,K06904.01,293.41785,43.34285,False Positive,0.0017973172,15.425,16.125,15.365,15.125,14.97,13.96,13.479,13.292
7690782,K05413.01,294.51031,43.322319,False Positive,1.5000446e-34,14.105,14.673,14.061,13.862,13.759,12.77,12.444,12.379
7692093,K03337.01,294.90594,43.381889,Confirmed Planet,0.99999833,15.927,16.544,15.863,15.663,15.55,14.6,14.075,14.106
7692248,K04886.01,294.95074,43.324341,Confirmed Planet,0.9927878,15.822,16.347,15.768,15.598,15.479,14.553,14.284,14.206
7697103,K03430.01,296.38269,43.386589,Confirmed Planet,0.9997117,15.712,16.354,15.673,15.438,15.296,14.328,13.926,13.817
7700500,K06907.01,297.24039,43.397678,Confirmed Planet,0.7718258,15.93,16.702,15.888,15.599,15.424,14.441,13.885,13.753
7730747,K00684.01,281.29028,43.413342,Confirmed Planet,0.78981864,13.831,14.429,13.762,13.575,13.496,12.493,12.092,12.003
7733731,K04022.01,283.12854,43.45686,Confirmed Planet,0.99999785,13.269,13.664,13.232,13.1,13.07,12.223,11.944,11.888
7746958,K02324.01,289.67786,43.458134,Confirmed Planet,0.9990823,11.671,12.544,11.63,11.293,,15.576,12.698,14.532
7747091,K05418.01,289.72818,43.488239,Confirmed Planet,0.9999999,15.181,15.796,15.108,14.917,14.814,13.886,13.414,13.367
7747103,K07847.01,289.7308,43.497368,False Positive,2.6172297000000003e-28,13.281,13.421,13.217,13.217,,14.303,14.108,13.937
7748487,K03394.01,290.23602,43.47065,Confirmed Planet,0.99217415,15.491,15.931,15.439,15.303,15.255,14.351,14.076,13.961
7749002,K04325.01,290.39172,43.440338,False Positive,1.0335459e-11,15.682,16.207,15.62,15.457,15.382,14.397,14.107,14.076
7750419,K01708.01,290.88232,43.47176,Confirmed Planet,0.9999944,14.758,15.246,14.704,14.549,14.473,13.591,13.273,13.227
7755741,K06913.02,292.78702,43.416039,False Positive,3.785149e-14,13.752,13.402,13.869,14.199,14.494,14.222,14.255,14.468
7757620,K05422.01,293.41537,43.41761,False Positive,8.141186e-14,13.579,13.964,13.517,13.413,13.366,12.534,12.244,12.183
7758018,K04105.01,293.53253,43.406151,False Positive,2.706652e-16,15.445,15.942,15.388,15.232,15.145,14.268,13.926,13.864
7762153,K05423.01,294.81995,43.471111,False Positive,7.568491e-25,15.2,15.781,15.135,14.951,14.873,13.948,13.572,13.422
7765528,K01840.02,295.8287,43.425491,Confirmed Planet,0.9874084,14.915,15.399,14.869,14.708,14.616,13.777,13.462,13.373
7767162,K02869.02,296.29355,43.403271,False Positive,8.0046544e-25,13.749,14.146,13.691,13.579,13.5,12.66,12.459,12.362
7767781,K05425.01,296.47906,43.409382,False Positive,8.384706e-06,15.72,16.339,15.684,15.455,15.318,14.304,13.917,13.783
7768451,K01527.01,296.6713,43.49839,False Positive,0.0014030539,14.879,15.482,14.826,14.621,14.497,13.575,13.176,13.125
7770901,K05426.01,297.29047,43.467789,False Positive,5.783524e-10,13.701,14.14,13.669,13.513,13.438,12.461,12.095,12.098
7771181,K04797.01,297.34842,43.421219,False Positive,4.519074e-07,15.693,16.577,15.671,15.314,15.149,14.0,13.437,13.334
7772914,K03339.01,297.75192,43.447578,Confirmed Planet,0.99999166,14.656,15.222,14.626,14.413,14.3,13.331,12.965,12.901
7778427,K04482.01,299.09537,43.439098,Confirmed Planet,0.9957113,12.642,12.986,12.581,12.494,12.47,11.578,11.444,11.347
7778664,K07849.01,299.14664,43.459831,False Positive,0.0014179192,14.877,15.435,14.838,14.638,14.542,13.579,13.237,13.221
7778767,K02523.02,299.16953,43.44109,False Positive,0.4213605,15.829,16.475,15.764,15.552,15.422,14.411,14.092,13.937
7801070,K04361.01,282.16364,43.510132,False Positive,0.032056294,15.183,15.771,15.131,14.93,14.877,13.873,13.438,13.365
7811211,K06918.01,287.57062,43.531738,False Positive,5.0230770000000004e-27,14.596,15.079,14.554,14.389,14.306,13.423,13.048,13.002
7811397,K01477.01,287.65396,43.505718,False Positive,8.948833400000001e-32,15.917,16.528,15.86,15.655,15.554,14.615,14.233,13.996
7812893,K06919.01,288.37213,43.591221,Confirmed Planet,0.99949527,15.86,17.09,15.871,15.333,15.003,13.845,13.161,13.017
7812990,K05431.01,288.41895,43.534599,False Positive,5.854151e-08,13.782,14.176,13.726,13.614,13.57,12.73,12.396,12.393
7813039,K03787.01,288.43912,43.505249,False Positive,1.3106305e-07,13.891,14.35,13.837,13.694,13.63,12.757,12.425,12.363
7816935,K06921.01,290.00784,43.502129,False Positive,0.40925393,15.099,15.522,15.058,14.917,14.887,13.966,13.7,13.646
7820699,K04555.01,291.22043,43.574268,False Positive,7.924930999999999e-24,14.816,15.416,14.768,14.559,14.457,13.459,13.022,12.92
7825899,K00896.03,293.0614,43.58136,Confirmed Planet,0.9997087,15.258,15.919,15.187,14.974,14.868,13.911,13.442,13.357
7829836,K05433.01,294.30466,43.509701,False Positive,1.3088765e-33,14.573,15.012,14.522,14.385,14.325,13.465,13.179,13.114
7830953,K05434.01,294.6467,43.577499,False Positive,0.0,15.738,16.285,15.68,15.504,15.447,14.533,14.185,14.055
7832787,K08270.01,295.22299,43.590439,False Positive,3.374629e-09,15.023,15.575,14.964,14.786,14.667,13.766,13.403,13.315
7833305,K04528.01,295.37476,43.500431,Confirmed Planet,0.99999654,13.019,13.61,12.978,12.765,12.656,11.688,11.245,11.2
7834045,K04630.01,295.59735,43.596401,Confirmed Planet,0.99652445,14.875,15.387,14.837,14.656,14.521,13.612,13.192,13.05
7834712,K07850.01,295.79788,43.570389,False Positive,2.42941e-06,15.978,16.575,15.913,15.722,15.631,14.689,14.321,14.125
7835312,K06164.01,295.97079,43.52969,Confirmed Planet,0.99999976,15.334,15.891,15.302,15.095,15.0,14.073,13.687,13.609
7836096,K05435.01,296.18665,43.581379,Confirmed Planet,0.9999783,15.951,16.813,15.86,15.581,15.419,14.311,13.753,13.639
7841925,K01499.02,297.72427,43.527431,False Positive,1.265829e-06,14.48,15.106,14.44,14.211,14.105,13.154,12.736,12.684
7868967,K06925.01,281.35678,43.658352,False Positive,0.27351192,15.663,17.022,15.739,15.08,14.7,13.574,12.918,12.718
7881464,K05437.01,288.14142,43.685799,False Positive,3.0422616e-23,13.885,14.69,13.828,13.54,13.37,12.246,11.688,11.586
7887791,K01964.01,290.7037,43.607208,Confirmed Planet,0.99999046,10.687,11.208,10.645,10.464,10.401,9.398,9.038,8.95
7888863,K05440.01,291.07666,43.61208,Confirmed Planet,0.99956816,15.335,15.774,15.299,15.146,15.088,14.199,13.877,13.834
7891294,K04699.01,291.88797,43.649811,False Positive,0.0009303365,12.889,13.221,12.838,12.746,12.739,11.917,11.676,11.621
7899070,K02683.01,294.53934,43.60778,Confirmed Planet,1.0,15.5,16.036,15.44,15.27,15.167,14.245,13.851,13.766
7901016,K04257.01,295.1333,43.631432,Confirmed Planet,0.99999917,13.34,13.896,13.312,13.102,13.045,12.097,11.716,11.643
7902003,K03236.01,295.43915,43.676311,Confirmed Planet,0.9999832,12.31,12.608,12.26,12.183,12.183,11.319,11.081,11.047
7902204,K06931.01,295.50229,43.609871,False Positive,2.1596787e-05,15.921,16.498,15.861,15.674,15.567,14.64,14.318,14.145
7905106,K04582.01,296.33688,43.60009,False Positive,1.4822267e-05,11.756,12.183,11.71,11.573,11.536,10.622,10.28,10.224
7906882,K00686.01,296.84076,43.647121,False Positive,3.6491203e-09,13.579,14.123,13.52,13.346,13.255,12.27,11.931,11.847
7906892,K04773.01,296.8432,43.697441,False Positive,0.40826708,13.556,13.988,13.522,13.371,13.312,12.385,12.09,12.044
7906892,K04773.02,296.8432,43.697441,Confirmed Planet,0.99874085,13.556,13.988,13.522,13.371,13.312,12.385,12.09,12.044
7907808,K04109.01,297.08301,43.679951,False Positive,5.486709e-12,14.511,15.351,14.443,14.151,13.964,12.952,12.423,12.369
7917068,K05446.01,299.34103,43.643162,False Positive,1.6401758e-34,12.692,13.244,12.655,12.455,12.353,11.409,11.065,10.983
7918478,K04209.01,299.66617,43.619469,False Positive,0.29651725,15.96,16.623,15.927,15.676,15.521,14.497,14.117,13.993
7918652,K02984.01,299.707,43.622601,Confirmed Planet,0.9999987,13.066,13.516,13.034,12.873,12.821,11.972,11.718,11.637
7939761,K06934.01,282.67258,43.788311,Confirmed Planet,0.9907012,14.156,14.809,14.084,13.877,13.707,12.633,12.2,12.12
7949593,K04759.01,287.77301,43.73391,Confirmed Planet,0.9999969,14.971,15.443,14.918,14.769,14.664,13.737,13.413,13.28
7950158,K05451.01,288.03607,43.796139,False Positive,3.4539844e-29,13.156,13.824,13.109,12.87,12.739,11.702,11.211,11.145
7954278,K07859.01,289.82599,43.725231,False Positive,0.0,15.229,15.899,15.195,14.941,14.835,13.819,13.396,13.298
7974634,K06168.01,296.58698,43.766918,False Positive,5.4295457e-18,12.236,12.526,12.162,12.111,12.09,11.259,11.061,10.998
7974634,K06168.02,296.58698,43.766918,False Positive,8.973664e-28,12.236,12.526,12.162,12.111,12.09,11.259,11.061,10.998
7976520,K00687.01,297.11713,43.71143,Confirmed Planet,0.99999976,13.813,14.278,13.743,13.613,13.508,12.545,12.113,12.118
7979297,K05455.01,297.75494,43.789261,False Positive,0.0,15.003,15.474,14.95,14.801,14.719,13.837,13.516,13.422
7983117,K03214.02,298.67377,43.795479,Confirmed Planet,0.9999999,12.014,12.494,11.974,11.809,11.737,10.865,10.617,10.521
7984047,K01552.01,298.92593,43.75037,False Positive,0.0056300913,15.915,16.845,15.846,15.516,15.303,14.254,13.65,13.588
7984574,K02400.01,299.06168,43.720329,Confirmed Planet,0.9999999,15.664,16.201,15.622,15.433,15.325,14.388,14.047,13.978
8005002,K05457.01,280.34219,43.83334,False Positive,0.0,11.619,12.334,11.559,11.313,11.309,10.32,9.856,9.808
8007174,K05458.01,281.8277,43.808689,Confirmed Planet,0.99997413,15.602,16.37,15.498,15.273,15.094,14.12,13.551,13.52
8007675,K06949.01,282.15485,43.867352,False Positive,8.805483e-07,12.047,12.234,11.984,11.944,11.977,11.192,11.023,10.99
8009811,K05459.01,283.37384,43.801361,False Positive,9.196077e-15,11.47,11.823,11.41,11.318,11.309,10.456,10.195,10.143
8013419,K00901.01,285.16748,43.876339,Confirmed Planet,0.5742754,15.75,16.872,15.715,15.269,15.028,13.909,13.326,13.182
8016650,K05461.01,286.92426,43.82943,False Positive,1.3512496e-06,13.468,14.383,13.384,13.076,12.856,11.725,11.208,11.061
8016692,K06954.01,286.9454,43.899139,False Positive,6.1194335e-08,13.109,13.512,13.049,12.936,12.903,12.032,11.766,11.704
8018547,K00902.01,287.85239,43.897991,Confirmed Planet,1.0,15.754,16.789,15.679,15.311,15.116,14.0,13.359,13.215
8022520,K08272.01,289.66574,43.879459,False Positive,1.4961253e-12,13.814,14.181,13.765,13.657,13.618,12.815,12.47,12.442
8040308,K05467.01,295.65958,43.85825,False Positive,0.0,15.195,15.786,15.136,14.942,14.839,13.87,13.487,13.382
8040457,K05468.01,295.70108,43.825218,False Positive,1.4863845e-19,14.794,15.248,14.761,14.6,14.499,13.594,13.252,13.189
8042644,K06957.01,296.35956,43.86676,False Positive,7.1778095e-06,15.189,15.644,15.15,14.994,14.892,14.024,13.718,13.662
8043638,K00460.02,296.63684,43.802792,Confirmed Planet,0.99636877,14.743,15.354,14.67,14.48,14.35,13.429,13.031,12.977
8044083,K05470.01,296.76855,43.862,False Positive,9.45802e-17,15.584,16.039,15.539,15.39,15.333,14.436,14.13,14.025
8046659,K01560.01,297.41965,43.876579,False Positive,1.695322e-10,15.042,15.659,15.023,14.778,14.63,13.9,13.491,13.523
8053552,K01549.01,299.05585,43.897202,False Positive,6.3327783e-09,15.135,15.735,15.106,14.878,14.744,13.772,13.375,13.351
8054719,K04776.01,299.34955,43.8503,False Positive,1.5272935e-06,14.84,15.34,14.82,14.625,14.528,13.603,13.216,13.203
8074328,K02486.01,280.69046,43.919182,Confirmed Planet,0.9999995,13.047,13.413,12.985,12.89,,11.969,11.766,11.707
8076215,K05472.01,281.95456,43.98061,False Positive,0.070769295,12.603,13.195,12.56,12.35,12.239,11.258,10.809,10.727
8091197,K06960.01,289.60522,43.952831,Confirmed Planet,0.9999554,13.873,14.286,13.823,13.696,13.655,12.808,12.521,12.497
8094120,K04881.01,290.55087,43.994362,Confirmed Planet,0.9998491,12.892,13.374,12.837,12.686,,12.661,12.448,12.389
8094942,K05473.01,290.84729,43.962742,False Positive,0.0,14.654,15.129,14.588,14.451,14.394,13.494,13.211,13.123
8096395,K07587.01,291.35892,43.93681,False Positive,5.8977387e-31,11.616,12.512,11.726,,,10.338,10.045,9.981
8098212,K04487.01,292.02829,43.946362,Confirmed Planet,0.99959487,14.371,15.011,14.311,14.096,13.993,13.003,12.573,12.48
8098960,K06966.01,292.30338,43.98381,Confirmed Planet,0.9999968,15.381,15.933,15.325,15.144,15.046,14.095,13.742,13.725
8099517,K05474.01,292.50958,43.957169,False Positive,4.1429034e-06,13.761,14.518,13.717,13.437,13.265,12.164,11.666,11.586
8105398,K05475.02,294.49487,43.91362,False Positive,4.5860247e-06,13.093,13.474,13.055,12.93,12.873,12.033,11.731,11.66
8105719,K05476.01,294.60629,43.937141,False Positive,1.3430859999999998e-19,15.563,16.059,15.5,15.35,15.249,14.288,13.956,13.807
8107150,K07863.01,295.0809,43.953239,False Positive,0.00016068738,13.695,14.172,13.653,13.49,13.418,12.485,12.177,12.084
8107611,K04656.01,295.24191,43.972599,Confirmed Planet,0.9968863,13.821,14.129,13.769,13.689,13.667,12.617,12.444,12.37
8110757,K07865.01,296.18478,43.980751,False Positive,1.0579321000000001e-24,14.463,15.121,14.428,14.181,14.012,12.973,12.482,12.389
8115647,K06970.01,297.46857,43.98201,Confirmed Planet,0.9458697,14.908,15.438,14.866,14.681,14.609,13.716,13.344,13.305
8120820,K06971.01,298.70001,43.97649,False Positive,9.992171e-18,14.784,15.607,14.731,14.431,14.265,13.16,12.655,12.572
8121310,K00317.02,298.81638,43.998039,Confirmed Planet,0.99999726,12.885,13.199,12.852,12.751,12.734,11.915,11.745,11.67
8121328,K03486.01,298.82062,43.909859,Confirmed Planet,0.9998596,14.371,15.015,14.334,14.095,13.962,13.023,12.641,12.513
8125917,K05479.01,299.98801,43.917721,Confirmed Planet,0.99976367,14.261,14.948,14.216,13.966,13.84,12.849,12.428,12.391
8129333,K05480.01,300.87204,43.973541,Confirmed Planet,0.99999964,16.558,17.244,16.559,16.265,15.929,15.116,14.631,14.512
8145958,K06978.01,282.84103,44.049728,False Positive,1.554754e-06,13.359,13.817,13.307,13.163,13.113,12.248,11.92,11.885
8155654,K06980.01,287.94165,44.008018,Confirmed Planet,0.997575,15.186,15.623,15.124,14.999,14.941,14.092,13.822,13.687
8158127,K01015.03,289.09689,44.004379,Confirmed Planet,0.9999982,14.5,14.854,14.452,14.349,14.334,13.463,13.212,13.103
8158429,K05482.01,289.2291,44.09166,False Positive,4.606903e-12,15.197,15.701,15.143,14.981,14.896,13.933,13.61,13.465
8160953,K01858.02,290.14432,44.04995,Confirmed Planet,0.9999186,14.767,15.32,14.703,14.53,14.432,13.537,13.163,13.019
8162789,K00521.02,290.73517,44.09132,False Positive,0.16283001,14.633,,14.578,14.463,14.437,13.559,12.893,13.193
8163784,K06172.01,291.06699,44.071201,False Positive,0.00010130386,14.458,15.022,14.397,14.216,14.104,13.167,12.758,12.648
8165617,K06173.01,291.74231,44.074871,False Positive,0.0,12.445,12.661,12.372,12.323,12.342,11.517,11.336,11.303
8167504,K06983.01,292.46378,44.090111,Confirmed Planet,0.99998426,14.32,14.793,14.269,14.117,14.037,13.113,12.78,12.759
8168187,K02209.02,292.71445,44.082329,False Positive,0.35470802,14.31,14.825,14.271,14.089,14.005,13.031,12.672,12.648
8168509,K07589.01,292.8259,44.098389,False Positive,0.0,13.913,14.149,13.842,13.812,13.767,12.914,12.723,12.711
8176564,K02720.01,295.43967,44.039162,Confirmed Planet,0.99999976,10.338,10.677,10.288,10.193,10.188,9.309,9.023,8.996
8180290,K06985.01,296.56937,44.01722,Confirmed Planet,0.99998176,14.347,14.775,14.29,14.164,14.115,13.273,12.932,12.881
8182107,K07870.01,297.0672,44.0676,False Positive,5.170474e-27,14.452,15.032,14.394,14.203,14.12,13.227,12.881,12.783
8189801,K02480.01,298.92639,44.00219,False Positive,4.177145e-05,15.745,17.04,15.714,15.19,14.905,13.726,13.061,12.875
8196226,K04634.01,300.6496,44.05574,False Positive,0.4070171,13.685,14.104,13.647,13.506,13.452,12.627,12.317,12.251
8197176,K05485.01,300.88522,44.081329,Confirmed Planet,0.9987444,17.054,18.022,17.096,16.64,16.211,15.178,14.717,14.37
8197406,K05486.01,300.94186,44.023651,Confirmed Planet,0.9082841,12.572,12.769,12.506,12.474,12.454,11.742,11.478,11.463
8197793,K03123.01,301.04813,44.037689,Confirmed Planet,0.99996996,15.029,15.483,14.986,14.835,14.766,13.877,13.615,13.507
8212002,K02593.02,281.83533,44.155918,False Positive,0.010850558,11.714,12.108,11.726,,,10.785,10.503,10.484
8216763,K04838.01,284.26859,44.19754,Confirmed Planet,0.998757,15.073,16.199,15.036,14.59,14.366,13.256,12.654,12.468
8216763,K04838.02,284.26859,44.19754,Confirmed Planet,0.9998148,15.073,16.199,15.036,14.59,14.366,13.256,12.654,12.468
8216763,K04838.03,284.26859,44.19754,Confirmed Planet,0.9996325,15.073,16.199,15.036,14.59,14.366,13.256,12.654,12.468
8218379,K01920.02,285.12204,44.1106,False Positive,1.2895771e-06,14.64,15.212,14.581,14.394,14.291,13.37,12.937,12.898
8222395,K07873.01,287.37039,44.187988,False Positive,4.011992e-08,13.5,13.95,13.44,13.307,13.249,12.364,12.068,12.016
8222627,K04098.01,287.50375,44.167259,False Positive,0.00011421167,13.875,14.694,13.833,13.524,13.374,12.453,11.904,11.785
8223445,K05487.01,287.91861,44.1213,False Positive,2.5721498e-08,15.861,16.309,15.816,15.669,15.634,14.744,14.453,14.318
8223568,K06176.01,287.9856,44.147202,False Positive,1.9460847e-19,11.538,11.704,11.483,11.461,11.485,10.729,10.59,10.552
8223568,K06176.02,287.9856,44.147202,False Positive,0.0006898651,11.538,11.704,11.483,11.461,11.485,10.729,10.59,10.552
8226050,K01910.02,289.19263,44.149319,Confirmed Planet,0.9996692,14.685,15.326,14.614,14.411,14.266,13.293,12.878,12.771
8227086,K06993.01,289.62292,44.104431,Confirmed Planet,0.99999046,15.567,16.158,15.525,15.314,15.185,14.213,13.74,13.794
8227464,K06994.01,289.77121,44.139969,Confirmed Planet,0.6921963,12.832,13.312,12.78,12.627,12.55,11.69,11.33,11.288
8233326,K04834.01,291.79465,44.193531,Confirmed Planet,0.69659877,13.096,13.876,13.018,12.762,12.589,11.54,11.07,10.958
8240617,K02474.01,294.39749,44.124199,False Positive,0.0,14.182,14.744,14.138,13.941,13.847,12.913,12.485,12.424
8240790,K04426.01,294.45038,44.166779,False Positive,1.42031055e-27,13.665,14.076,13.633,13.488,13.449,12.553,12.283,12.242
8240904,K01070.03,294.48438,44.166908,False Positive,1.5610041e-15,15.59,16.153,15.533,15.348,15.269,14.3,13.907,13.811
8241079,K03020.01,294.54041,44.190979,Confirmed Planet,0.9999883,13.534,13.947,13.503,13.357,13.322,12.408,12.088,12.019
8242769,K07875.01,295.06631,44.162449,Confirmed Planet,0.99998987,15.57,16.155,15.49,15.32,15.253,14.215,13.905,13.796
8247770,K02569.01,296.603,44.14082,False Positive,4.5518664e-06,14.273,14.83,14.199,14.034,13.942,13.002,12.643,12.572
8248103,K07002.01,296.69574,44.150761,Confirmed Planet,0.99999917,14.991,15.572,14.939,14.743,14.635,13.773,13.366,13.339
8256882,K07003.01,298.88669,44.11586,Confirmed Planet,0.9997702,14.106,14.634,14.059,13.879,13.758,12.861,12.5,12.435
8259713,K02935.01,299.6611,44.112381,Confirmed Planet,0.99999917,13.603,13.949,13.565,13.454,13.414,12.589,12.36,12.367
8260218,K01066.01,299.78632,44.16954,Confirmed Planet,0.96674913,15.623,16.237,15.596,15.36,15.256,14.295,13.888,13.856
8261920,K02174.01,300.24222,44.141399,Confirmed Planet,0.9999628,15.673,16.819,15.608,15.181,14.939,13.732,13.106,12.397
8261920,K02174.04,300.24222,44.141399,Confirmed Planet,0.9998661,15.673,16.819,15.608,15.181,14.939,13.732,13.106,12.397
8263187,K07878.01,300.63809,44.156269,Confirmed Planet,0.9998599,17.195,18.148,17.244,16.787,16.511,15.544,14.908,14.78
8264402,K04037.01,300.94568,44.164688,False Positive,2.3505792e-19,12.853,13.167,12.812,12.718,12.692,11.91,11.672,11.625
8265218,K00522.01,301.14789,44.104542,Confirmed Planet,0.9999982,14.406,14.864,14.354,14.209,14.144,13.306,12.968,12.867
8266276,K01731.01,301.4693,44.159649,Confirmed Planet,0.99876356,15.72,16.696,15.672,15.302,15.126,14.024,13.488,13.362
8278073,K04799.01,281.55267,44.228531,Confirmed Planet,0.9997484,14.216,14.699,14.213,14.008,13.991,13.056,12.673,12.62
8278685,K04435.01,281.95569,44.261532,Confirmed Planet,0.9999988,13.517,13.832,13.456,13.382,13.358,12.572,12.29,12.221
8278685,K04435.02,281.95569,44.261532,False Positive,0.00042372438,13.517,13.832,13.456,13.382,13.358,12.572,12.29,12.221
8279146,K05497.01,282.24631,44.28228,False Positive,5.6181926e-20,10.926,11.1,10.869,10.842,10.878,10.097,9.936,9.899
8280511,K01151.04,283.00296,44.284229,Confirmed Planet,0.9999945,13.404,13.883,13.367,13.198,13.111,12.198,11.819,11.745
8280511,K01151.05,283.00296,44.284229,Confirmed Planet,0.84169334,13.404,13.883,13.367,13.198,13.111,12.198,11.819,11.745
8282651,K02193.02,284.10779,44.245811,Confirmed Planet,0.99940133,15.658,16.701,15.62,15.211,14.921,13.869,13.225,13.174
8283875,K07007.01,284.77267,44.249371,Confirmed Planet,0.9124874,15.695,16.772,15.588,15.233,14.968,13.799,13.21,13.094
8294683,K05499.01,290.01547,44.205582,False Positive,6.2334077e-10,15.443,16.19,15.408,15.123,14.966,13.887,13.364,13.26
8295087,K05500.01,290.15518,44.254017,False Positive,6.447528e-09,13.67,14.227,13.621,13.432,,12.42,12.16,12.108
8297017,K07879.01,290.80057,44.270512,False Positive,1.4464211e-24,11.036,11.167,10.993,10.985,11.035,10.29,10.134,10.093
8297319,K07591.01,290.90695,44.291779,False Positive,4.65483e-06,14.937,15.706,14.893,14.607,14.444,13.34,12.858,12.742
8301878,K03301.01,292.62964,44.283119,Confirmed Planet,0.9998797,14.18,14.727,14.125,13.945,13.883,12.904,12.532,12.507
8307489,K05502.01,294.61761,44.216881,False Positive,0.0,12.338,12.554,12.266,12.207,12.229,11.406,11.279,11.2
8308347,K03761.01,294.89749,44.21579,False Positive,9.062633e-34,15.473,16.201,15.475,15.161,14.971,13.867,13.312,13.212
8308516,K07880.01,294.95258,44.207909,False Positive,9.178610500000001e-17,13.379,13.671,13.354,13.254,13.248,12.43,12.18,12.141
8313667,K01145.01,296.54861,44.264671,Confirmed Planet,1.0,14.143,14.581,14.09,13.956,13.89,13.028,12.723,12.685
8320630,K04846.01,298.28214,44.27206,Confirmed Planet,0.7651868,15.23,15.79,15.147,14.99,14.879,13.939,13.564,13.499
8320630,K04846.02,298.28214,44.27206,Confirmed Planet,0.9999858,15.23,15.79,15.147,14.99,14.879,13.939,13.564,13.499
8323764,K03767.01,299.08057,44.29501,Confirmed Planet,0.99999297,17.376,,17.327,17.011,16.628,15.654,15.166,14.894
8324518,K04393.01,299.27658,44.291981,Confirmed Planet,0.9999572,15.295,15.954,15.236,15.013,14.903,13.916,13.459,13.416
8326342,K02680.01,299.7915,44.281231,Confirmed Planet,0.99999726,14.599,15.18,14.556,14.35,14.251,13.286,12.935,12.851
8328916,K04790.01,300.58502,44.2131,Confirmed Planet,0.91418356,14.458,14.94,14.425,14.251,14.195,13.295,12.987,12.905
8329346,K08275.01,300.69672,44.298409,False Positive,0.0,15.953,16.677,15.898,15.644,15.506,14.494,14.029,14.003
8330207,K04390.01,300.92484,44.24968,False Positive,0.0004142228,16.494,17.45,16.493,16.084,15.804,14.685,14.122,13.94
8331612,K03318.02,301.27869,44.25053,False Positive,2.9258135e-07,15.842,16.426,15.814,15.592,15.508,14.521,14.175,14.039
8332521,K04567.01,301.56284,44.240391,Confirmed Planet,0.99999416,13.775,14.202,13.738,13.592,13.551,12.716,12.431,12.33
8332521,K04567.02,301.56284,44.240391,Confirmed Planet,0.99997914,13.775,14.202,13.738,13.592,13.551,12.716,12.431,12.33
8345384,K04399.01,282.12888,44.303162,Confirmed Planet,0.9999995,11.965,12.463,11.941,11.752,11.682,10.781,10.426,10.353
8349399,K04763.01,284.38248,44.308231,Confirmed Planet,1.0,14.046,14.494,13.981,13.854,13.768,12.817,12.569,12.516
8352009,K05506.01,285.79572,44.35051,False Positive,2.81238e-37,14.152,14.507,14.076,14.0,13.966,13.112,12.782,12.752
8355131,K04711.01,287.50766,44.31424,False Positive,0.4890346,15.642,16.184,15.599,15.41,15.311,14.329,13.9,13.765
8355178,K06178.01,287.53177,44.30801,Confirmed Planet,0.9999999,15.863,16.321,15.812,15.667,15.61,14.683,14.362,14.304
8355178,K06178.02,287.53177,44.30801,Confirmed Planet,0.99991417,15.863,16.321,15.812,15.667,15.61,14.683,14.362,14.304
8359569,K04667.01,289.63535,44.379711,False Positive,2.0057576e-10,15.408,15.787,15.365,15.245,15.209,14.352,14.029,14.054
8360041,K04854.01,289.80804,44.362518,False Positive,0.0014273984,14.342,14.943,14.288,14.085,13.994,12.995,12.578,12.511
8362974,K07023.01,290.85971,44.350922,False Positive,8.3682566e-14,14.52,15.159,14.466,14.246,14.128,13.092,12.676,12.574
8364232,K07882.01,291.31281,44.38192,Confirmed Planet,0.9999999,15.559,16.715,15.513,15.064,14.831,13.648,13.034,12.92
8365739,K03722.01,291.88754,44.345619,False Positive,2.7929327e-25,15.366,15.969,15.323,15.108,14.987,14.049,13.65,13.669
8374077,K06179.01,294.8566,44.322041,Confirmed Planet,0.9920501,15.735,16.233,15.669,15.521,15.465,14.486,14.159,14.03
8376848,K04007.01,295.74899,44.37476,Confirmed Planet,0.9993237,15.472,15.932,15.433,15.275,15.201,14.319,13.965,13.978
8378278,K05509.01,296.18494,44.342991,False Positive,2.5401545e-13,15.423,15.92,15.396,15.209,15.138,14.196,13.822,13.763
8391983,K07884.01,299.77228,44.363022,False Positive,1.3684492e-09,15.444,16.089,15.419,15.168,15.071,14.067,13.742,13.624
8394475,K07032.01,300.42432,44.343601,Confirmed Planet,0.9998497,12.646,13.074,12.591,12.463,12.417,11.554,11.216,11.162
8395870,K05511.01,300.93237,44.34454,False Positive,2.0632848e-07,12.395,12.869,12.349,12.191,12.124,11.194,10.871,10.809
8396288,K05512.01,301.05518,44.306229,Confirmed Planet,0.9437213,16.565,17.265,16.503,16.266,16.068,15.057,14.703,14.633
8396405,K01733.01,301.08572,44.380192,Confirmed Planet,0.99999785,15.73,16.391,15.718,15.446,15.296,14.325,13.891,13.754
8396660,K04407.01,301.15656,44.379532,False Positive,0.0026262244,11.179,11.502,11.157,11.04,11.054,10.15,9.881,9.778
8397947,K04772.01,301.57855,44.31218,False Positive,4.6700106e-13,15.514,16.063,15.48,15.279,15.162,14.21,13.868,13.735
8415353,K05514.01,284.7644,44.485004,False Positive,1.3889858e-06,13.845,14.231,13.783,13.679,,12.751,12.505,12.473
8423344,K07592.01,288.96823,44.448341,False Positive,4.5009322999999996e-35,15.494,16.963,15.679,14.865,14.483,13.196,12.533,12.354
8429817,K05515.01,291.45227,44.431751,False Positive,0.0028938947,13.952,14.342,13.909,13.785,13.682,12.787,12.444,12.378
8430053,K04603.01,291.53922,44.44706,Confirmed Planet,0.999992,13.629,13.961,13.574,13.487,13.439,12.647,12.408,12.365
8432249,K05517.01,292.39389,44.476212,False Positive,5.557692999999999e-38,13.938,14.721,13.889,13.603,13.409,12.306,11.817,11.699
8439618,K05518.01,295.06573,44.477032,False Positive,1.2373382e-31,15.326,15.848,15.282,15.102,15.024,14.134,13.788,13.719
8439949,K08156.01,295.16364,44.422211,False Positive,6.6560772e-21,14.324,14.682,14.259,14.17,14.099,13.257,12.98,12.958
8442795,K07040.01,296.05728,44.461079,False Positive,1.4978493e-13,14.948,15.381,14.924,14.763,14.69,13.831,13.518,13.432
8443527,K03197.01,296.29056,44.42326,Confirmed Planet,0.971327,11.531,11.852,11.49,11.393,11.388,10.545,10.299,10.253
8443812,K07041.01,296.38422,44.433418,Confirmed Planet,0.99943775,15.122,15.73,15.095,14.861,14.747,13.779,13.387,13.27
8444868,K07593.01,296.70224,44.449451,False Positive,1.8674586e-13,13.667,14.005,13.622,13.522,13.482,12.646,12.44,12.369
8482059,K04247.01,285.85315,44.57222,False Positive,0.0,15.346,15.831,15.276,15.138,15.079,14.196,13.859,13.719
8488381,K07888.01,289.20331,44.505138,False Positive,0.34180018,13.922,14.351,13.868,13.739,13.693,12.811,12.517,12.466
8489260,K07889.01,289.57452,44.519939,False Positive,4.810314e-08,15.991,16.616,15.934,15.723,15.638,14.694,14.246,14.257
8493354,K04505.01,291.09943,44.545689,Confirmed Planet,0.99999976,13.615,13.924,13.579,13.483,13.487,12.635,12.389,12.361
8494263,K01255.01,291.44522,44.52869,False Positive,0.0001813009,15.913,16.456,15.843,15.68,15.569,14.618,14.199,14.221
8494783,K06180.01,291.63733,44.56422,False Positive,2.0297577e-08,12.044,12.2,11.992,11.989,12.002,11.278,11.093,11.067
8494783,K06180.02,291.63733,44.56422,False Positive,1.2558846e-15,12.044,12.2,11.992,11.989,12.002,11.278,11.093,11.067
8505215,K00099.01,295.43433,44.53112,False Positive,3.8158253e-23,12.96,13.613,12.901,12.68,12.539,11.503,11.083,10.977
8507586,K05528.01,296.19122,44.542122,False Positive,0.0,15.169,15.69,15.128,14.946,14.857,13.912,13.541,13.474
8509442,K02992.01,296.73724,44.50148,Confirmed Planet,1.0,15.995,17.333,15.99,15.421,15.085,13.906,13.206,13.039
8525101,K05532.01,300.83527,44.560661,False Positive,1.611228e-10,13.434,14.329,13.41,13.051,12.831,11.689,11.141,11.017
8525286,K05533.01,300.90146,44.597328,Confirmed Planet,0.999951,13.43,13.588,13.377,13.349,13.372,12.621,12.489,12.405
8527297,K08157.01,301.6618,44.577499,False Positive,1.1627102e-07,14.01,14.449,13.957,13.822,13.76,12.886,12.643,12.55
8546542,K03073.01,285.7485,44.632462,Confirmed Planet,0.9999951,14.449,15.047,14.388,14.192,14.149,13.204,12.794,12.679
8547213,K05536.01,286.11234,44.657581,False Positive,1.4069568e-20,15.033,15.553,14.973,14.811,14.679,13.668,13.265,13.138
8547537,K05539.01,286.29144,44.658772,False Positive,5.4579303999999994e-18,15.583,16.235,15.532,15.303,15.225,14.175,13.734,13.57
8548454,K05541.01,286.80566,44.63987,False Positive,6.372907000000001e-33,14.699,15.207,14.647,14.481,14.417,13.501,13.185,13.157
8552202,K00914.01,288.72665,44.60751,Confirmed Planet,0.99999905,15.371,15.88,15.329,15.153,15.075,14.153,13.764,13.648
8554498,K00005.01,289.73972,44.647419,Confirmed Planet,0.9546798,11.665,12.085,11.601,11.485,11.458,10.542,10.257,10.213
8555967,K07894.01,290.3031,44.678089,False Positive,0.0,14.648,15.099,14.6,14.455,14.394,13.468,13.121,13.026
8570210,K05545.01,295.59698,44.613892,False Positive,2.9667278e-28,13.607,14.06,13.556,13.413,13.341,12.422,12.097,12.032
8571421,K05546.01,295.97278,44.645088,False Positive,2.7047602000000002e-21,14.848,15.226,14.787,14.686,14.636,13.777,13.502,13.489
8574794,K05547.01,296.9707,44.61042,False Positive,0.0,14.851,15.405,14.769,14.614,14.523,13.605,13.252,13.162
8581240,K03111.01,298.57687,44.621609,False Positive,0.46162266,12.863,13.339,12.827,12.659,12.613,11.691,11.433,11.353
8581240,K03111.02,298.57687,44.621609,Confirmed Planet,0.9998882,12.863,13.339,12.827,12.659,12.613,11.691,11.433,11.353
8590149,K06182.01,300.90247,44.61261,Confirmed Planet,0.9999757,15.099,15.805,15.055,14.796,14.671,13.654,13.192,13.084
8590149,K06182.02,300.90247,44.61261,False Positive,1.1235385e-06,15.099,15.805,15.055,14.796,14.671,13.654,13.192,13.084
8608544,K08159.02,284.19217,44.762112,False Positive,1.6673945e-12,13.971,14.292,13.911,13.833,13.807,12.984,12.731,12.686
8613446,K07069.01,286.91599,44.704529,False Positive,3.357003e-05,15.572,16.018,15.504,15.382,15.289,14.344,14.06,14.004
8613535,K02263.03,286.97128,44.708302,False Positive,3.03196e-08,14.456,14.838,14.386,14.292,14.255,13.362,13.08,13.07
8613769,K05550.01,287.08969,44.792,False Positive,5.193742e-35,15.959,16.495,15.894,15.73,15.639,14.676,14.294,14.295
8616873,K01251.01,288.70087,44.70768,False Positive,1.3287103999999998e-29,15.237,15.769,15.184,15.008,14.913,13.985,13.665,13.528
8620565,K01250.02,290.26767,44.712849,False Positive,2.115788e-15,14.912,15.365,14.861,14.717,14.655,13.707,13.397,13.361
8624520,K01816.01,291.68329,44.75164,False Positive,0.048846953,15.408,16.066,15.404,15.126,14.98,13.957,13.45,13.339
8624860,K07072.01,291.79575,44.746181,Confirmed Planet,1.0,13.808,14.115,13.757,13.677,13.662,12.842,12.592,12.527
8625408,K07073.01,292.01733,44.713268,False Positive,7.348601600000001e-22,13.054,13.388,13.004,12.911,12.902,12.055,11.786,11.773
8626325,K04775.01,292.40323,44.782009,False Positive,0.0538914,12.999,13.66,12.897,12.715,12.577,11.564,11.143,11.07
8628665,K03434.01,293.34521,44.700642,Confirmed Planet,0.99914813,14.951,15.402,14.912,14.758,14.672,13.865,13.568,13.542
8628761,K04580.01,293.37381,44.727982,Confirmed Planet,0.99986446,13.01,13.215,12.942,12.803,12.622,11.76,11.476,11.426
8631160,K01271.01,294.2655,44.7943,Confirmed Planet,0.9989116,13.632,13.94,13.585,13.5,13.448,12.654,12.424,12.349
8631751,K02453.01,294.46848,44.75396,Confirmed Planet,0.99999344,15.63,,15.85,14.939,14.471,13.185,12.651,12.423
8636539,K02656.01,296.00543,44.71851,Confirmed Planet,0.9997681,15.024,15.418,14.976,14.855,14.797,13.929,13.649,13.654
8637903,K08276.01,296.40787,44.77364,False Positive,1.0284596e-23,13.993,14.309,13.936,13.858,13.824,12.986,12.758,12.693
8639908,K02700.01,297.00354,44.775089,False Positive,0.037924226,15.381,16.441,15.298,14.927,14.694,13.578,12.993,12.84
8644365,K03384.01,298.09543,44.737061,Confirmed Planet,0.9997677,13.204,13.66,13.153,13.008,12.941,12.022,11.757,11.724
8644545,K05552.01,298.13864,44.744061,False Positive,3.8997355999999994e-18,13.344,13.963,13.314,13.079,12.951,12.013,11.594,11.525
8644911,K05553.01,298.23279,44.756432,False Positive,7.2278965e-15,15.54,16.191,15.496,15.261,15.104,14.109,13.707,13.64
8652997,K05554.01,300.39194,44.78532,False Positive,0.0,11.189,11.539,11.138,11.039,10.981,10.152,9.865,9.825
8656535,K05556.01,301.50656,44.711842,False Positive,1.2398781000000001e-32,13.415,14.017,13.374,13.157,,11.795,11.375,11.345
8673511,K08277.01,284.29565,44.895859,False Positive,1.3431211e-11,14.024,14.569,13.94,13.791,13.727,12.75,12.351,12.304
8677057,K07903.01,286.31052,44.838188,False Positive,6.762981e-19,15.7,16.674,15.628,15.282,15.073,13.977,13.366,13.261
8682094,K07596.01,289.0155,44.88205,False Positive,5.4380034e-29,15.733,16.621,15.659,15.352,15.188,14.041,13.501,13.385
8684730,K00319.01,290.11752,44.87294,Confirmed Planet,0.7246266,12.711,12.897,12.682,,,11.093,10.818,10.753
8686442,K07074.01,290.75494,44.851589,Confirmed Planet,0.99919015,14.958,15.429,14.914,14.756,14.695,13.822,13.452,13.442
8693536,K07076.01,293.53033,44.832771,Confirmed Planet,0.9999218,14.299,14.639,14.247,14.153,14.123,13.307,13.059,13.013
8695311,K03042.01,294.16644,44.886311,Confirmed Planet,0.9999999,15.959,16.45,15.912,15.751,15.699,14.835,14.506,14.479
8700895,K04523.01,296.04425,44.80529,False Positive,0.29677585,14.878,15.43,14.828,14.642,14.549,13.628,13.236,13.116
8702537,K07905.01,296.5477,44.898041,False Positive,4.9705686e-05,13.075,13.649,13.04,12.83,12.725,11.787,11.451,11.352
8703129,K02758.01,296.7236,44.853142,False Positive,5.41548e-16,11.893,12.643,11.833,11.572,11.419,10.376,9.964,9.839
8708961,K08163.01,298.21265,44.80479,False Positive,6.88883e-13,13.936,14.437,13.9,13.721,13.614,12.7,12.43,12.346
8709688,K03019.02,298.40137,44.838181,False Positive,3.9831135e-05,14.927,15.551,14.876,14.659,14.544,13.586,13.206,13.104
8715589,K05563.01,300.00098,44.828499,Confirmed Planet,0.9999912,13.629,14.389,13.6,13.303,13.134,12.155,11.699,11.551
8741367,K05566.01,286.29129,44.920082,False Positive,5.336874e-08,12.551,12.86,12.481,12.42,,11.548,11.322,11.29
8741470,K04251.01,286.35339,44.961182,Confirmed Planet,0.99888855,13.795,14.309,13.734,13.575,13.504,12.552,12.241,12.123
8747910,K05570.01,289.62814,44.942421,False Positive,4.990708e-29,14.789,15.353,14.743,14.548,14.471,13.492,13.081,13.027
8752940,K04730.01,291.58875,44.907509,Confirmed Planet,0.99992025,14.383,15.175,14.315,14.044,13.907,12.857,12.38,12.306
8760040,K02963.02,294.33646,44.918289,Confirmed Planet,0.9999987,14.544,14.962,14.507,14.365,14.326,13.492,13.194,13.173
8760760,K07088.01,294.59918,44.927689,Confirmed Planet,0.99987257,15.563,16.096,15.518,15.335,15.226,14.301,13.914,13.761
8765560,K03891.01,296.15601,44.92009,Confirmed Planet,0.9997652,13.731,14.455,13.707,13.421,13.266,12.295,11.761,11.668
8773015,K04301.02,298.20261,44.925831,Confirmed Planet,0.99979323,13.096,13.528,13.065,12.911,12.848,11.964,11.713,11.643
8780959,K03741.02,300.33237,44.986141,Confirmed Planet,0.99997044,13.306,13.669,13.274,13.151,13.11,12.309,12.101,12.058
8803757,K04904.01,284.72797,45.064968,Confirmed Planet,0.99928313,15.033,15.528,14.987,14.82,14.763,13.838,13.501,13.454
8804455,K02159.01,285.13831,45.004539,Confirmed Planet,0.9949686,13.482,13.921,13.417,13.293,13.236,12.32,12.006,11.982
8806985,K04588.01,286.51355,45.038044,Confirmed Planet,0.9993672,12.912,13.211,12.842,12.784,,12.165,11.922,11.909
8807057,K07093.01,286.55365,45.002338,False Positive,2.8451083000000003e-21,13.65,13.959,13.591,13.517,13.504,12.639,12.407,12.33
8807988,K05572.01,287.06146,45.03043,Confirmed Planet,0.9999875,13.596,14.253,13.518,13.315,13.215,12.219,11.813,11.71
8811490,K04811.01,288.85754,45.097691,Confirmed Planet,0.99999905,13.816,14.347,13.765,13.589,13.507,12.542,12.187,12.144
8812045,K03481.01,289.09845,45.02309,Confirmed Planet,1.0,14.462,14.877,14.426,14.284,14.228,13.342,13.047,13.016
8813698,K01268.01,289.88962,45.005669,False Positive,5.799507e-07,14.814,15.209,14.752,14.645,14.589,13.669,13.407,13.278
8814872,K05574.01,290.30774,45.01141,False Positive,0.0,15.85,17.088,15.826,15.319,15.063,13.926,13.211,13.071
8815279,K07094.01,290.45645,45.003231,Confirmed Planet,0.99950194,15.561,16.088,15.527,15.335,15.263,14.299,13.939,13.79
8822421,K06188.01,293.24701,45.056461,False Positive,0.0,15.517,16.128,15.472,15.255,15.143,14.245,13.838,13.666
8827575,K03052.01,295.09027,45.081181,Confirmed Planet,0.99999464,13.573,14.151,13.516,13.325,13.239,12.262,11.849,11.767
8827930,K03801.01,295.20694,45.09819,False Positive,0.0002807988,15.999,16.577,15.928,15.752,15.665,14.725,14.314,14.188
8836888,K02508.01,297.90738,45.03231,Confirmed Planet,0.99999976,15.164,15.77,15.118,14.905,14.778,13.843,13.518,13.373
8838950,K02421.01,298.41931,45.071442,Confirmed Planet,0.9996655,14.363,15.168,14.347,14.017,13.849,12.855,12.332,12.264
8838950,K02421.02,298.41931,45.071442,False Positive,1.1189882e-05,14.363,15.168,14.347,14.017,13.849,12.855,12.332,12.264
8841297,K05577.01,299.07831,45.05481,False Positive,5.604028500000001e-38,13.5,13.986,13.463,13.292,13.211,12.324,11.993,11.951
8845552,K07099.01,300.30533,45.093418,Confirmed Planet,0.999998,15.534,16.533,15.482,15.107,14.876,13.787,13.176,12.968
8868481,K05578.01,284.31519,45.132259,False Positive,3.8282699999999995e-20,11.084,11.525,11.008,10.895,10.806,9.919,9.576,9.519
8872048,K02323.01,286.07202,45.136711,Confirmed Planet,0.9484503,15.484,16.151,15.45,15.199,15.069,14.037,13.507,13.431
8873090,K02968.01,286.58014,45.163822,Confirmed Planet,1.0,11.912,11.906,11.845,,,10.543,10.349,10.293
8873873,K08174.01,286.94946,45.142139,False Positive,4.4818543e-13,11.922,12.505,11.877,11.672,11.566,10.587,10.212,10.122
8874090,K01404.02,287.05453,45.18037,Confirmed Planet,0.99987257,15.931,16.95,15.864,15.494,15.298,14.167,13.601,13.484
8880317,K07915.01,289.92197,45.10392,False Positive,8.6946065e-23,13.678,14.053,13.656,13.517,13.558,12.686,12.366,12.384
8881169,K07106.01,290.21255,45.134991,Confirmed Planet,0.8640597,14.541,14.958,14.492,14.362,14.307,13.418,13.15,13.137
8888745,K05579.01,293.01563,45.16674,False Positive,0.0010840796,15.592,16.42,15.543,15.237,15.072,14.06,13.531,13.385
8890417,K05580.01,293.61044,45.160938,False Positive,6.452015e-15,13.957,14.463,13.896,13.74,13.676,12.774,12.44,12.393
8890924,K04269.02,293.79684,45.160728,False Positive,1.3311194e-06,13.263,14.01,13.204,12.943,12.773,11.718,11.249,11.136
8892157,K02224.02,294.18927,45.151581,False Positive,4.0435907e-08,14.966,15.488,14.913,14.742,14.645,13.739,13.412,13.301
8894646,K02641.01,294.99585,45.119579,Confirmed Planet,0.999775,13.845,14.346,13.8,13.63,13.565,12.713,12.329,12.306
8905246,K03473.01,298.0759,45.18903,Confirmed Planet,0.9999999,13.851,14.607,13.798,13.527,13.361,12.341,11.929,11.821
8915379,K05583.01,300.9559,45.11108,False Positive,0.286612,15.306,15.924,15.281,15.041,14.883,13.914,13.512,13.458
8934103,K04009.02,283.3457,45.27446,False Positive,9.589606e-10,15.245,15.665,15.189,15.065,15.024,14.122,13.829,13.751
8937555,K05585.01,285.09998,45.23811,False Positive,8.2213e-10,12.397,13.089,12.335,12.1,11.975,10.908,10.424,10.345
8946267,K05588.01,289.3334,45.242641,False Positive,0.0,15.373,15.937,15.304,15.131,15.008,14.005,13.678,13.603
8949925,K02972.01,290.73447,45.297791,Confirmed Planet,0.9999292,15.085,15.578,15.019,14.873,14.775,13.845,13.543,13.464
8949925,K02972.02,290.73447,45.297791,Confirmed Planet,0.9999987,15.085,15.578,15.019,14.873,14.775,13.845,13.543,13.464
8951215,K00924.01,291.20804,45.244389,Confirmed Planet,1.0,15.229,15.656,15.17,15.045,14.986,14.062,13.769,13.713
8953278,K07111.01,291.92896,45.231838,False Positive,2.3703678e-05,15.365,15.958,15.346,15.111,14.973,14.008,13.58,13.434
8958811,K07116.01,293.96545,45.273571,Confirmed Planet,0.9974788,13.564,14.007,13.525,13.374,13.322,12.414,12.121,12.06
8958939,K07117.01,294.00787,45.232689,Confirmed Planet,0.9999726,15.382,15.809,15.334,15.199,15.133,14.29,13.903,13.859
8958939,K07117.02,294.00787,45.232689,Confirmed Planet,0.99999547,15.382,15.809,15.334,15.199,15.133,14.29,13.903,13.859
8959240,K05591.01,294.09128,45.21767,False Positive,2.5687955e-33,13.555,14.346,13.481,13.216,13.043,11.977,11.466,11.356
8971044,K05592.01,297.48312,45.291142,False Positive,0.0,15.054,15.47,15.003,14.876,14.823,13.942,13.621,13.518
8973285,K04782.01,297.9487,45.255039,False Positive,7.0632177e-06,15.85,16.367,15.789,15.628,15.509,14.604,14.337,14.198
8973285,K04782.02,297.9487,45.255039,False Positive,1.9299854e-08,15.85,16.367,15.789,15.628,15.509,14.604,14.337,14.198
9002538,K03196.01,283.35046,45.339111,Confirmed Planet,0.9999839,11.525,11.806,11.467,11.405,11.424,10.547,10.335,10.276
9002538,K03196.02,283.35046,45.339111,Confirmed Planet,0.9991154,11.525,11.806,11.467,11.405,11.424,10.547,10.335,10.276
9005321,K04848.01,284.76764,45.341228,False Positive,3.8010576e-24,15.677,16.926,15.662,15.142,14.881,13.711,13.088,12.997
9006186,K02169.04,285.20749,45.38435,Confirmed Planet,0.9999875,12.404,12.944,12.326,12.172,12.092,11.137,10.735,10.662
9007151,K04583.01,285.66843,45.374771,False Positive,0.0,15.77,16.34,15.713,15.525,15.428,14.497,14.063,14.0
9008103,K03283.02,286.08908,45.369011,Confirmed Planet,0.99999774,15.322,16.108,15.254,14.986,14.834,13.752,13.226,13.138
9008103,K03283.03,286.08908,45.369011,False Positive,2.481298e-10,15.322,16.108,15.254,14.986,14.834,13.752,13.226,13.138
9008220,K00466.01,286.15198,45.332561,Confirmed Planet,0.66412944,14.663,15.061,14.607,14.492,14.458,13.62,13.336,13.208
9011877,K05597.01,287.82678,45.331322,False Positive,0.09468899,13.725,14.433,13.613,13.422,13.299,12.255,11.864,11.761
9011955,K08279.01,287.86737,45.321289,False Positive,2.7171961e-15,15.267,15.686,15.205,15.088,15.066,14.137,13.879,13.802
9012244,K05598.01,287.99823,45.396439,False Positive,1.6503123e-38,13.797,14.215,13.753,13.618,13.546,12.659,12.323,12.241
9015738,K01616.02,289.50635,45.370998,Confirmed Planet,0.99998343,11.538,11.872,11.485,11.396,11.387,10.586,10.327,10.274
9017682,K01630.01,290.25964,45.388409,Confirmed Planet,0.9999957,15.152,15.708,15.115,14.913,14.879,13.957,13.57,13.475
9018021,K05600.01,290.39032,45.389992,False Positive,0.009619427,14.498,15.27,14.448,14.166,13.993,12.928,12.422,12.313
9019191,K02604.01,290.82437,45.355019,Confirmed Planet,0.9999993,15.323,16.105,15.246,14.988,14.81,13.762,13.182,13.128
9020114,K03088.02,291.16437,45.318291,Confirmed Planet,0.99962604,14.953,15.429,14.889,14.749,14.664,13.756,13.481,13.31
9025739,K07125.01,293.20148,45.354691,Confirmed Planet,0.76408917,14.758,15.246,14.694,14.548,14.491,13.569,13.252,13.237
9026007,K05602.01,293.29337,45.342541,False Positive,0.0,14.624,15.053,14.575,14.44,14.368,13.524,13.228,13.18
9026248,K05603.01,293.37994,45.31385,False Positive,1.1786331e-12,12.472,13.196,12.429,12.161,12.026,10.96,10.457,10.39
9026749,K02564.02,293.57394,45.384541,Confirmed Planet,0.9998927,14.074,14.456,14.005,13.91,13.865,12.966,12.717,12.602
9031703,K04520.01,295.21426,45.324509,Confirmed Planet,0.99997723,14.276,14.893,14.228,14.012,13.884,12.924,12.525,12.461
9043947,K07920.01,298.25204,45.396641,False Positive,3.7470555e-19,13.292,13.788,13.243,13.08,12.993,12.088,11.803,11.737
9044060,K05604.01,298.28308,45.373589,False Positive,3.435056e-15,12.952,13.343,12.897,12.785,12.716,11.85,11.671,11.594
9047416,K05605.01,299.19171,45.34354,Confirmed Planet,0.9999974,14.321,14.967,14.261,14.044,13.913,12.965,12.591,12.52
9072639,K04198.01,283.85291,45.48526,False Positive,3.5240462e-36,12.638,13.047,12.573,12.464,,11.648,11.401,11.356
9073549,K05608.01,284.32489,45.482319,Confirmed Planet,0.97150147,15.212,15.68,15.129,15.012,14.916,14.027,13.784,13.71
9079671,K05609.01,287.76385,45.482159,False Positive,0.0,12.706,13.279,12.639,12.461,12.36,11.416,11.045,10.977
9079767,K05610.01,287.81815,45.404732,False Positive,1.1877421e-15,13.825,14.177,13.758,13.674,13.663,12.861,12.584,12.548
9084569,K07923.01,290.19992,45.419998,False Positive,0.0017370813,12.642,13.196,12.589,12.404,,11.028,10.58,10.478
9084778,K01631.01,290.28094,45.46426,False Positive,1.02786364e-13,15.653,16.414,15.639,15.326,15.147,14.068,13.58,13.441
9085039,K07129.01,290.38025,45.445419,Confirmed Planet,0.9998958,13.839,14.254,13.79,13.662,13.559,12.706,12.396,12.331
9086154,K04060.01,290.83389,45.43565,False Positive,7.280639e-26,13.841,14.278,13.789,13.653,13.589,12.664,12.346,12.295
9087580,K07924.01,291.37222,45.468102,False Positive,7.929443e-10,15.132,15.856,15.058,14.822,14.674,13.639,13.175,13.088
9087853,K05612.01,291.46518,45.47007,False Positive,0.0,15.871,16.497,15.803,15.603,15.475,14.528,14.126,13.966
9088780,K02640.01,291.80984,45.435478,False Positive,9.0605356e-33,13.226,13.998,13.171,12.896,12.69,11.609,11.077,10.987
9093086,K06191.01,293.40323,45.493809,False Positive,0.47748286,14.752,15.172,14.715,14.573,14.531,13.677,13.346,13.302
9093086,K06191.02,293.40323,45.493809,Confirmed Planet,0.8139603,14.752,15.172,14.715,14.573,14.531,13.677,13.346,13.302
9097470,K05613.01,294.82776,45.469952,False Positive,1.9183214e-32,15.612,16.203,15.562,15.359,15.28,14.31,13.967,13.778
9099607,K07925.01,295.50128,45.433979,False Positive,0.34235087,14.272,14.732,14.214,14.075,14.001,13.11,12.798,12.727
9099773,K07133.01,295.55292,45.473431,Confirmed Planet,0.9997105,14.909,15.447,14.886,14.679,14.587,13.626,13.283,13.173
9100484,K01399.01,295.76083,45.45739,Confirmed Planet,0.99999845,15.92,16.787,15.845,15.549,15.36,14.339,13.869,13.736
9100953,K04500.03,295.90503,45.40543,Confirmed Planet,0.9999764,15.85,16.55,15.787,15.551,15.401,14.307,13.912,13.905
9109857,K02833.01,298.21527,45.406891,False Positive,0.005691123,12.599,13.042,12.552,12.409,12.356,11.428,11.181,11.123
9110610,K04839.01,298.40958,45.461639,Confirmed Planet,0.9999994,13.547,14.023,13.53,13.343,13.27,12.365,12.083,12.025
9111849,K02042.01,298.75018,45.4664,Confirmed Planet,0.9999999,13.089,13.434,13.05,12.941,12.871,12.039,11.837,11.764
9114614,K05616.01,299.56708,45.47356,False Positive,0.0,14.497,15.56,14.426,14.042,13.769,12.719,12.074,11.943
9116510,K05618.01,300.08292,45.411072,False Positive,2.6451126e-16,14.582,14.993,14.312,14.405,13.917,13.062,12.772,12.716
9117416,K03425.03,300.31619,45.49538,Confirmed Planet,0.99999917,13.266,13.985,13.232,12.957,,11.897,11.61,11.514
9119458,K00525.01,300.90778,45.45787,Confirmed Planet,0.99999857,14.539,15.106,14.486,14.295,14.176,13.229,12.903,12.795
9140402,K00928.01,284.75943,45.599129,Confirmed Planet,0.99988794,15.251,15.793,15.211,15.019,14.929,13.945,13.542,13.589
9142714,K07928.01,286.04276,45.511211,False Positive,7.7014484e-08,15.375,17.016,15.602,14.672,14.191,12.906,12.293,12.066
9145861,K06194.01,287.84042,45.599751,False Positive,0.002409781,12.057,12.908,11.994,11.692,11.534,10.397,9.919,9.758
9147012,K05625.01,288.42819,45.566269,Confirmed Planet,0.99999917,16.017,16.743,15.992,15.706,15.571,14.455,13.917,13.876
9147029,K05626.01,288.43582,45.519852,False Positive,5.6358065e-12,15.312,15.695,15.258,15.148,15.143,14.278,13.976,13.937
9149789,K02874.01,289.85889,45.503841,False Positive,0.0,14.867,15.438,14.816,14.622,14.535,13.611,13.191,13.183
9150870,K07136.01,290.30801,45.598412,False Positive,0.0,15.632,16.202,15.537,15.389,15.251,14.272,13.888,13.893
9153823,K06195.01,291.48495,45.54567,False Positive,1.6028852999999998e-19,15.356,16.271,15.336,14.964,14.756,13.676,13.101,12.967
9157030,K05628.01,292.81415,45.546501,False Positive,0.000105292165,15.712,16.586,15.681,15.337,15.227,14.073,13.495,13.405
9157523,K05629.01,293.01486,45.577831,False Positive,2.8158076e-19,12.534,12.968,12.481,12.348,12.319,11.461,11.179,11.124
9159288,K08280.01,293.68979,45.549332,False Positive,4.745715e-05,14.634,14.973,14.575,14.489,14.414,13.618,13.355,13.324
9166700,K05632.01,296.33813,45.545109,False Positive,4.6261727e-17,11.154,11.423,11.112,11.039,11.053,10.289,10.089,10.031
9173014,K05633.01,298.11365,45.563419,False Positive,0.00017641904,11.141,11.505,11.107,10.986,10.982,10.153,9.957,9.904
9178894,K05635.01,299.74387,45.586361,False Positive,1.2858617e-23,11.176,11.242,11.155,11.266,11.23,10.485,10.45,10.378
9202151,K01393.01,283.55554,45.614262,Confirmed Planet,0.9999287,15.804,17.212,15.915,15.201,14.855,13.623,12.94,12.768
9202434,K04253.01,283.72552,45.676849,False Positive,2.3327899e-05,14.201,14.547,14.151,14.053,14.051,13.236,13.007,12.908
9203154,K07144.01,284.12521,45.628052,False Positive,1.0503389e-10,15.695,16.458,15.634,15.369,15.257,14.2,13.674,13.589
9209981,K05638.01,288.01117,45.68716,False Positive,5.938327000000001e-23,14.737,15.09,14.694,14.585,14.574,13.748,13.48,13.392
9210738,K05639.01,288.40182,45.677029,False Positive,0.0039341818,13.845,14.577,13.795,13.531,13.368,12.305,11.782,11.653
9210820,K07930.01,288.43912,45.68721,False Positive,1.9761128e-17,15.18,15.876,15.143,14.881,14.713,13.678,13.141,13.062
9214176,K05640.01,290.15314,45.635471,False Positive,1.6238950999999998e-19,12.038,12.723,12.008,11.744,11.607,10.543,10.073,9.976
9214713,K00422.01,290.38983,45.665329,False Positive,6.8654793e-09,14.74,15.156,14.7,14.562,14.501,13.608,13.386,13.304
9217583,K05642.01,291.57455,45.618389,False Positive,3.8430924e-17,12.401,12.686,12.354,12.278,12.276,11.437,11.277,11.219
9220614,K05643.01,292.79358,45.687859,False Positive,0.0,14.441,14.985,14.381,14.207,14.127,13.163,12.794,12.74
9221517,K02281.02,293.1311,45.663551,False Positive,0.0,13.829,14.515,13.748,13.535,13.403,12.416,11.977,11.884
9221528,K03355.01,293.13409,45.626869,Confirmed Planet,0.9999896,15.11,15.535,15.047,14.927,14.837,13.932,13.605,13.523
9221627,K07148.01,293.17194,45.677391,Confirmed Planet,0.9998474,15.02,15.388,14.966,14.863,14.798,13.971,13.708,13.557
9224514,K05644.01,294.26019,45.69408,False Positive,0.0,15.316,16.785,15.397,14.686,14.342,13.112,12.458,12.274
9227215,K07931.01,295.22937,45.624889,False Positive,1.1608364999999998e-37,15.055,15.56,15.028,14.839,14.789,14.043,13.622,13.565
9229807,K05645.01,296.12985,45.681862,False Positive,2.749219e-19,15.927,16.481,15.861,15.689,15.616,14.656,14.302,14.216
9230021,K03429.01,296.19614,45.634331,Confirmed Planet,0.99860436,15.364,15.926,15.324,15.123,15.058,14.134,13.756,13.699
9230021,K03429.04,296.19614,45.634331,Confirmed Planet,0.9999604,15.364,15.926,15.324,15.123,15.058,14.134,13.756,13.699
9267996,K03431.01,285.22256,45.70874,Confirmed Planet,0.9999994,13.874,14.29,13.811,13.696,13.65,12.793,12.471,12.39
9268159,K08180.01,285.32791,45.753738,False Positive,6.966462000000001e-23,10.554,10.66,10.519,10.548,10.593,9.844,9.705,9.67
9274092,K05649.01,288.78986,45.727459,False Positive,0.0,15.218,15.892,15.166,14.928,14.758,13.757,13.3,13.188
9278216,K04710.01,290.7377,45.725368,Confirmed Planet,0.9999981,15.58,16.055,15.533,15.376,15.28,14.415,14.038,13.965
9278575,K07932.01,290.89395,45.71664,False Positive,1.496689e-11,13.339,13.843,13.304,13.123,13.048,12.13,11.772,11.733
9282853,K05651.01,292.64258,45.732342,Confirmed Planet,0.9999999,15.726,16.457,15.661,15.412,15.213,14.129,13.659,13.641
9283156,K02657.01,292.76175,45.727242,Confirmed Planet,0.9998902,12.869,13.369,12.812,12.655,12.578,11.652,11.287,11.236
9286088,K04318.01,293.93832,45.719021,Confirmed Planet,1.0,12.583,12.834,12.534,12.476,12.483,11.704,11.506,11.46
9288237,K03114.01,294.71677,45.781269,Confirmed Planet,0.9998592,12.277,12.626,12.23,12.127,12.103,11.32,11.051,10.964
9289704,K02222.01,295.24734,45.757401,Confirmed Planet,0.99999905,12.963,13.172,12.898,12.875,,12.049,11.948,11.909
9292100,K05652.01,296.05667,45.76976,False Positive,6.604427e-11,14.969,15.724,14.95,14.645,14.469,13.377,12.783,12.72
9300066,K05653.01,298.3862,45.764229,False Positive,6.1189864000000004e-27,15.545,16.415,15.495,15.173,14.951,13.836,13.273,13.159
9301564,K07157.01,298.80557,45.759998,False Positive,0.0011922395,13.863,14.412,13.794,13.627,13.478,12.553,12.22,12.112
9304976,K05654.01,299.81772,45.709164,Confirmed Planet,0.99998,13.823,13.827,13.745,13.822,,14.997,14.547,14.414
9330740,K05656.01,286.12247,45.84251,False Positive,4.1844388000000004e-16,12.687,13.1,12.654,12.51,12.46,11.596,11.281,11.209
9334027,K05657.01,288.02945,45.800098,False Positive,6.4936116999999995e-37,14.403,14.841,14.325,14.215,14.108,13.226,12.913,12.828
9334893,K02298.01,288.45605,45.80212,Confirmed Planet,0.9999914,13.831,14.593,13.815,13.505,13.355,12.323,11.826,11.735
9334893,K02298.03,288.45605,45.80212,False Positive,4.3179703e-06,13.831,14.593,13.815,13.505,13.355,12.323,11.826,11.735
9340411,K07162.01,291.0527,45.835129,False Positive,2.0315399e-07,13.031,13.756,12.983,12.721,12.567,11.614,11.079,11.004
9345933,K03264.01,293.25903,45.837448,Confirmed Planet,0.99984956,15.961,16.804,15.922,15.6,15.416,14.324,13.735,13.66
9347899,K00935.04,294.02301,45.853081,False Positive,1.3576063e-06,15.237,15.592,15.199,15.086,15.071,14.233,13.984,13.871
9349757,K03348.02,294.69406,45.86684,Confirmed Planet,0.8021864,15.246,15.77,15.201,15.022,14.958,14.027,13.709,13.621
9363944,K05660.01,299.03528,45.869289,False Positive,0.0,13.66,14.555,13.633,13.276,13.053,11.933,11.386,11.264
9389245,K06202.01,284.14114,45.944641,False Positive,2.8981178e-06,11.543,11.928,11.503,11.377,11.344,10.494,10.17,10.114
9390228,K07934.01,284.67227,45.97382,Confirmed Planet,0.99999535,15.581,16.092,15.548,15.362,15.311,14.411,14.046,14.037
9391817,K05663.01,285.60675,45.990318,False Positive,3.163943e-19,13.06,13.407,13.01,12.911,12.893,12.104,11.834,11.794
9394953,K05665.01,287.3548,45.948662,False Positive,5.272495e-10,11.484,11.879,11.45,11.315,11.317,10.367,10.087,9.983
9397862,K05666.01,289.02255,45.926022,False Positive,1.5189684e-23,13.872,14.26,13.831,13.705,13.651,12.829,12.547,12.464
9397900,K07169.01,289.04196,45.977081,False Positive,0.00015703567,12.931,13.229,12.861,12.803,,11.941,11.766,11.698
9411166,K01922.02,294.61365,45.984619,Confirmed Planet,0.99988496,15.356,15.817,15.287,15.159,15.065,14.179,13.843,13.728
9413156,K04700.01,295.36145,45.914841,False Positive,0.12415352,15.972,16.61,15.937,15.699,15.564,14.672,14.16,14.111
9413156,K04700.02,295.36145,45.914841,False Positive,9.980985e-11,15.972,16.61,15.937,15.699,15.564,14.672,14.16,14.111
9414417,K00974.01,295.80267,45.988079,Confirmed Planet,0.9999999,9.582,9.862,9.518,9.462,9.487,8.661,8.457,8.407
9417931,K05671.01,296.97369,45.995209,False Positive,1.4419278e-13,13.574,13.998,13.518,13.393,13.336,12.308,11.932,11.976
9418619,K06068.01,297.18176,45.988441,False Positive,6.3390575e-25,10.622,10.559,10.643,10.793,10.889,10.281,10.263,10.241
9419020,K04808.01,297.2905,45.955029,False Positive,0.0002539767,15.737,17.317,15.898,15.06,14.646,13.406,12.683,12.507
9425139,K01411.01,298.99509,45.909512,Confirmed Planet,0.8381973,13.377,13.967,13.332,13.125,13.051,12.088,11.772,11.689
9427402,K01397.01,299.6777,45.972328,Confirmed Planet,0.99999976,15.369,16.683,15.36,14.805,14.458,13.25,12.59,12.427
9452897,K03391.01,285.84387,46.015911,False Positive,3.8704192e-07,15.903,16.972,15.872,15.445,15.192,14.01,13.432,13.219
9456281,K04207.01,287.80502,46.00116,False Positive,8.5002546e-05,15.397,16.615,15.346,14.875,14.584,13.411,12.789,12.664
9456887,K05677.01,288.13684,46.03838,Confirmed Planet,0.99999964,14.9,15.465,14.847,14.658,14.563,13.603,13.176,13.164
9457728,K04637.01,288.59967,46.031712,False Positive,2.3146358e-05,10.438,10.698,10.387,10.327,10.337,9.52,9.254,9.227
9457948,K04694.01,288.70859,46.018188,Confirmed Planet,0.9999988,14.851,15.25,14.797,14.68,14.633,13.759,13.452,13.397
9458266,K07174.01,288.87769,46.059139,Confirmed Planet,0.99968684,13.742,14.907,13.681,13.243,13.022,11.85,11.247,11.129
9459162,K04818.01,289.3483,46.05468,False Positive,0.00021170803,13.008,13.217,12.939,12.902,12.922,12.129,11.95,11.91
9466486,K05680.01,292.50098,46.037479,False Positive,0.0,13.263,13.816,13.239,13.025,12.902,11.886,11.471,11.372
9468848,K08183.01,293.43494,46.03944,Confirmed Planet,0.9986889,13.811,14.23,13.754,13.631,13.576,12.678,12.383,12.329
9469494,K07938.01,293.68533,46.095737,False Positive,2.5922882e-35,11.663,12.436,11.749,,,10.747,10.472,10.412
9472328,K05681.01,294.69092,46.06662,False Positive,4.5748435e-35,15.677,16.474,15.653,15.335,15.124,14.103,13.543,13.383
9472341,K05682.01,294.69489,46.077,False Positive,7.036456e-15,16.224,16.937,16.195,15.918,15.714,14.676,14.108,14.02
9474756,K03495.01,295.55374,46.02911,False Positive,0.12807252,15.135,15.644,15.093,14.917,14.831,13.902,13.506,13.42
9474756,K03495.02,295.55374,46.02911,False Positive,0.03386776,15.135,15.644,15.093,14.917,14.831,13.902,13.506,13.42
9475697,K05684.01,295.87292,46.014462,False Positive,2.3735443e-17,11.128,11.931,11.061,10.784,10.636,9.536,8.993,8.864
9478990,K00423.02,296.96027,46.034302,False Positive,4.1874373e-12,14.327,14.742,14.279,14.149,14.076,13.236,12.999,12.918
9479306,K04906.01,297.05664,46.08353,Confirmed Planet,0.99994934,15.933,16.556,15.898,15.666,15.544,14.614,14.177,14.138
9480398,K07179.01,297.37427,46.054806,False Positive,0.0,13.31,13.544,13.244,13.21,,11.535,11.211,11.156
9481235,K05685.01,297.59805,46.04377,False Positive,9.577678e-06,13.814,14.725,13.788,13.423,13.172,12.051,11.472,11.341
9489524,K02029.04,299.89651,46.051971,False Positive,0.002691951,12.957,13.57,12.898,12.694,12.613,11.61,11.178,11.132
9490342,K07180.01,300.13855,46.061691,False Positive,0.0,13.728,14.385,13.683,13.446,13.297,12.278,11.899,11.791
9491832,K04226.01,300.56241,46.037819,Confirmed Planet,0.9993814,12.83,13.373,12.766,12.597,12.51,11.618,11.317,11.197
9509343,K04346.01,282.76062,46.177841,Confirmed Planet,0.99998295,14.93,15.545,14.852,14.666,14.54,13.574,13.151,13.083
9512981,K01466.01,284.84988,46.13895,False Positive,1.2846699e-05,15.962,16.833,15.877,15.588,15.397,14.422,13.949,13.945
9513168,K07182.01,284.95761,46.14381,False Positive,0.19443594,16.538,17.866,16.682,15.969,15.632,14.349,13.786,13.532
9514372,K04242.01,285.66006,46.143471,False Positive,5.4264035e-07,14.41,14.863,14.327,14.215,14.138,13.296,12.916,12.897
9521317,K07940.01,289.67508,46.131882,False Positive,1.7602457e-27,12.85,13.245,12.783,12.681,12.65,11.764,11.502,11.447
9532603,K05688.01,294.35034,46.14957,Confirmed Planet,0.99999845,16.897,17.628,16.835,16.584,16.402,15.349,14.882,14.675
9532710,K02364.01,294.3847,46.157841,Confirmed Planet,1.0,15.83,16.531,15.806,15.53,15.345,14.312,13.891,13.759
9534832,K05689.01,295.18097,46.179401,Confirmed Planet,0.80547833,15.983,16.923,15.91,15.58,15.377,14.234,13.747,13.454
9536108,K03472.01,295.63855,46.132549,Confirmed Planet,0.99999344,14.412,14.797,14.366,14.248,14.207,13.379,13.104,12.991
9536727,K05690.01,295.85934,46.117008,False Positive,6.566114e-20,13.582,14.481,13.532,13.197,12.996,11.848,11.249,11.131
9541295,K03132.01,297.32971,46.136089,False Positive,6.716518e-08,12.649,13.072,12.589,12.468,12.455,11.593,11.265,11.244
9551430,K04030.02,300.18863,46.185768,False Positive,1.0591191e-28,15.553,16.137,15.527,15.303,15.157,14.206,13.762,13.706
9552608,K00080.01,300.53757,46.10434,False Positive,8.275716e-11,11.31,11.366,11.291,11.377,11.36,10.698,10.594,10.586
9571186,K03313.01,283.04764,46.265331,Confirmed Planet,0.9999267,14.767,15.589,14.671,14.415,14.28,13.216,12.657,12.598
9574158,K02512.01,284.71988,46.25079,Confirmed Planet,0.9999999,15.523,16.099,15.481,15.276,15.198,14.326,13.843,13.856
9574179,K02637.01,284.72894,46.206478,Confirmed Planet,0.9911114,15.016,15.475,14.968,14.82,14.79,13.857,13.488,13.483
9574614,K01745.01,284.9671,46.27626,False Positive,2.8753047e-10,15.933,16.528,15.904,15.678,15.535,14.508,14.126,14.047
9575728,K05692.01,285.63629,46.247269,Confirmed Planet,0.90694004,14.137,15.492,14.188,13.556,13.218,12.0,11.32,11.179
9579208,K03165.01,287.6376,46.204411,False Positive,0.0046166014,10.335,10.602,10.296,10.221,10.248,9.445,9.239,9.191
9579606,K05694.01,287.86899,46.26936,False Positive,9.916512500000001e-17,14.295,14.817,14.236,14.072,13.977,13.078,12.682,12.567
9579641,K00115.03,287.88733,46.276241,False Positive,5.149989e-06,12.791,13.111,12.732,12.654,12.648,11.811,11.555,11.503
9580167,K02548.01,288.18198,46.246181,False Positive,1.9716077e-05,14.992,15.753,14.846,14.666,14.461,13.273,12.72,12.658
9580992,K02217.01,288.64252,46.21566,Confirmed Planet,0.99963963,15.191,15.845,15.118,14.91,14.825,13.826,13.359,13.285
9581589,K04877.01,288.97183,46.265202,False Positive,0.0060494207,14.423,14.785,14.366,14.268,14.235,13.378,13.136,13.101
9588822,K04388.02,292.13428,46.202419,False Positive,0.006577958,12.045,12.63,11.993,11.793,11.714,10.749,10.363,10.31
9588862,K07195.01,292.15543,46.204529,Confirmed Planet,0.9987477,14.742,15.138,14.699,14.572,14.543,13.692,13.411,13.368
9592621,K08286.01,293.6839,46.265541,False Positive,5.583728e-10,16.652,17.378,16.566,16.341,16.27,15.234,14.726,14.744
9596064,K07197.01,294.95062,46.242149,Confirmed Planet,0.9992409,16.269,16.984,16.208,15.962,15.82,14.809,14.307,14.202
9596820,K05698.01,295.22586,46.22015,False Positive,3.5204708e-17,13.49,13.7,13.42,13.349,13.345,12.542,12.347,12.302
9596892,K07199.01,295.25565,46.2164,False Positive,1.0595044e-05,15.919,16.451,15.845,15.691,15.577,14.608,14.292,14.205
9602613,K02612.02,297.14883,46.296951,Confirmed Planet,0.9073638,11.83,12.363,11.766,11.602,11.529,10.615,10.275,10.185
9604563,K07949.01,297.69662,46.264679,False Positive,1.3232519e-10,14.985,15.54,14.946,14.747,14.655,13.743,13.372,13.26
9605514,K00945.03,297.9516,46.264721,False Positive,8.022229e-22,15.083,15.491,15.033,14.908,14.836,13.96,13.682,13.629
9605552,K03102.01,297.96048,46.227921,Confirmed Planet,0.99974793,15.983,17.348,15.905,15.398,15.123,13.864,13.207,13.104
9634821,K02037.02,284.34274,46.316551,Confirmed Planet,0.99998796,15.213,16.038,15.092,14.859,14.696,13.661,13.175,13.016
9634821,K02037.03,284.34274,46.316551,False Positive,0.074726544,15.213,16.038,15.092,14.859,14.696,13.661,13.175,13.016
9635520,K07205.01,284.69968,46.375092,False Positive,2.6969503000000003e-16,14.106,14.694,14.012,13.854,13.766,12.867,12.521,12.454
9639106,K07208.01,286.85812,46.311729,False Positive,1.9115599e-12,15.56,16.204,15.492,15.284,15.161,13.942,13.715,13.57
9640123,K07209.01,287.51071,46.38995,Confirmed Planet,0.99895054,13.816,14.153,13.747,13.672,13.638,12.874,12.536,12.487
9640649,K07951.01,287.81287,46.340569,Confirmed Planet,0.8405043,15.769,16.31,15.721,15.537,15.523,14.637,14.297,14.127
9642018,K04430.01,288.59683,46.326038,False Positive,0.06606431,15.544,16.215,15.471,15.256,15.115,14.188,13.679,13.636
9650579,K07953.01,292.41211,46.36388,False Positive,6.797841e-14,14.942,15.513,14.856,14.698,14.592,13.648,13.283,13.225
9650762,K07954.01,292.48166,46.371479,False Positive,1.0783439999999998e-19,15.138,15.65,15.087,14.918,14.824,13.912,13.527,13.522
9651602,K07215.01,292.82965,46.365768,Confirmed Planet,0.79145074,15.283,15.86,15.215,15.036,14.944,13.974,13.549,13.539
9654875,K02272.01,294.15366,46.309681,False Positive,1.6446364e-13,12.783,12.928,12.735,12.747,12.754,12.001,11.852,11.841
9655711,K06209.01,294.444,46.335972,Confirmed Planet,0.9999372,16.154,16.699,16.098,15.92,15.826,14.799,14.559,14.586
9655711,K06209.02,294.444,46.335972,Confirmed Planet,0.99994016,16.154,16.699,16.098,15.92,15.826,14.799,14.559,14.586
9658089,K07220.01,295.35825,46.343929,False Positive,3.422735e-06,15.102,15.59,15.037,14.893,14.78,13.808,13.469,13.338
9659022,K05702.01,295.69479,46.319328,False Positive,2.8366034e-38,15.462,15.938,15.407,15.258,15.128,14.301,13.939,13.935
9664276,K03460.01,297.37912,46.367069,Confirmed Planet,0.9999995,14.451,14.921,14.412,14.25,14.171,13.263,12.928,12.892
9674320,K07223.01,300.34525,46.339882,False Positive,9.991856e-22,14.634,15.235,14.578,14.376,14.243,13.284,12.865,12.79
9674789,K05704.01,300.47403,46.332039,False Positive,5.9503713e-10,13.419,14.064,13.368,13.142,13.04,11.975,11.522,11.409
9693803,K07224.01,283.11642,46.442699,Confirmed Planet,0.9999368,15.669,16.159,15.594,15.459,15.378,14.517,14.127,13.979
9697131,K02706.01,285.07767,46.419601,False Positive,2.1163909e-07,10.268,10.497,10.186,10.169,10.141,9.381,9.181,9.109
9700449,K04120.01,287.03952,46.481701,Confirmed Planet,0.99999225,15.092,15.475,15.037,14.927,14.864,14.013,13.69,13.644
9702945,K04822.01,288.50702,46.406712,False Positive,0.00010961707,13.474,13.84,13.413,13.317,13.264,12.419,12.111,12.046
9703198,K00469.01,288.63785,46.421471,Confirmed Planet,0.98664606,14.711,15.105,14.659,14.542,14.507,13.665,13.373,13.249
9712350,K02613.01,292.70343,46.415871,Confirmed Planet,0.99999964,15.96,16.628,15.892,15.674,15.576,14.543,14.119,14.029
9716028,K04273.01,294.20984,46.479969,Confirmed Planet,0.99999964,12.677,13.036,12.648,12.523,12.474,11.659,11.377,11.311
9723746,K05707.01,296.94031,46.494099,False Positive,1.6454876e-24,15.239,15.729,15.202,15.029,14.98,14.147,13.803,13.676
9726452,K07226.01,297.72226,46.47583,Confirmed Planet,0.9999831,14.824,15.227,14.755,14.651,14.56,13.733,13.488,13.429
9727765,K06210.01,298.06549,46.436298,False Positive,5.739993e-05,13.173,13.54,13.126,13.015,12.974,12.106,11.912,11.856
9758032,K03137.01,285.20944,46.540909,Confirmed Planet,0.8148918,15.682,16.292,15.634,15.421,15.317,14.379,13.961,13.825
9772531,K00950.01,292.65704,46.537338,False Positive,2.0373475e-10,15.798,17.249,15.856,15.176,14.823,13.584,12.953,12.753
9773270,K04636.01,292.98517,46.506569,Confirmed Planet,0.9877395,15.511,16.154,15.429,15.235,15.152,14.29,13.856,13.749
9773980,K04691.01,293.28015,46.560089,Confirmed Planet,0.9996574,14.491,14.962,14.447,14.289,14.226,13.389,13.035,13.087
9775385,K04462.01,293.85294,46.590809,False Positive,8.883807600000001e-24,11.069,11.139,11.046,11.097,11.175,10.477,10.386,10.351
9776794,K04363.01,294.36514,46.501759,False Positive,0.37705344,16.084,16.956,15.977,15.711,15.566,14.595,14.105,13.943
9776907,K05712.01,294.40469,46.56572,False Positive,4.1667354e-19,16.925,17.791,16.855,16.554,16.354,15.257,14.765,14.627
9782748,K04856.01,296.52145,46.540539,False Positive,1.1498134e-05,15.817,16.356,15.76,15.587,15.532,14.652,14.217,14.228
9790965,K07231.02,298.91162,46.586578,Confirmed Planet,0.9999993,13.388,13.756,13.36,13.23,13.198,12.262,12.097,11.952
9811915,K07232.01,281.22937,46.681862,False Positive,8.355949e-08,15.612,16.161,15.559,15.376,15.295,14.343,13.887,13.918
9815053,K02923.01,283.39825,46.689789,Confirmed Planet,0.9999981,14.628,15.264,14.561,14.356,14.234,13.232,12.811,12.731
9821428,K07235.01,287.02615,46.686291,False Positive,3.9958212e-10,14.713,15.226,14.661,14.493,14.414,13.503,13.072,13.017
9828127,K04192.02,290.58612,46.642689,Confirmed Planet,0.99999964,15.004,15.557,14.931,14.767,14.679,13.711,13.361,13.283
9832379,K05715.01,292.38818,46.615101,False Positive,0.0,15.713,16.354,15.667,15.438,15.324,14.28,13.922,13.887
9834731,K03043.01,293.43079,46.692089,False Positive,0.00085788046,14.829,15.273,14.777,14.638,14.577,13.684,13.31,13.278
9834731,K03043.02,293.43079,46.692089,False Positive,7.3509614e-07,14.829,15.273,14.777,14.638,14.577,13.684,13.31,13.278
9836563,K04421.01,294.12488,46.67289,False Positive,7.873225e-05,12.788,13.153,12.741,12.632,12.6,11.729,11.453,11.409
9836563,K04421.02,294.12488,46.67289,Confirmed Planet,0.99997115,12.788,13.153,12.741,12.632,12.6,11.729,11.453,11.409
9837013,K07236.01,294.29364,46.629501,False Positive,0.00096059666,14.75,15.322,14.684,14.505,14.382,13.454,13.048,12.934
9837828,K04670.01,294.58066,46.610592,Confirmed Planet,0.99972624,16.303,17.174,16.243,15.93,15.77,14.66,14.136,14.016
9838582,K05718.01,294.87628,46.607254,False Positive,3.0367218e-08,17.106,18.094,17.084,16.68,,15.477,14.766,14.757
9838804,K03028.02,294.96246,46.676289,False Positive,5.341602e-26,15.983,16.603,15.927,15.717,15.595,14.626,14.181,14.161
9839030,K05719.01,295.05518,46.66975,Confirmed Planet,0.9999969,14.71,15.116,14.662,14.536,14.473,13.588,13.31,13.258
9843517,K03480.01,296.65256,46.618809,Confirmed Planet,0.9999938,15.954,16.56,15.92,15.695,15.59,14.622,14.236,14.15
9845909,K03354.01,297.37747,46.661652,Confirmed Planet,0.9999913,15.089,15.629,15.033,14.858,14.765,13.704,13.326,13.227
9846348,K00716.01,297.49216,46.694519,False Positive,1.1669774e-07,13.754,14.169,13.708,13.576,13.521,12.633,12.335,12.209
9851638,K05725.01,298.9433,46.679771,False Positive,3.0330844e-18,15.806,16.649,15.766,15.445,15.226,14.132,13.583,13.442
9872283,K01815.02,281.45718,46.746471,Confirmed Planet,0.9982639,13.884,14.771,13.802,13.504,13.329,12.272,11.729,11.618
9872292,K01537.01,281.46173,46.789894,Confirmed Planet,0.9998023,11.74,12.404,11.805,,,10.79,10.563,10.514
9873004,K07970.01,282.03058,46.750809,Confirmed Planet,0.99617034,15.988,16.553,15.929,15.746,15.678,14.704,14.347,14.264
9881660,K05727.01,287.36737,46.76865,False Positive,4.834548e-10,15.676,16.646,15.606,15.26,15.081,13.942,13.39,13.254
9883311,K01872.01,288.31332,46.771431,Confirmed Planet,0.9788195,15.841,16.437,15.792,15.586,15.49,14.457,14.043,14.035
9883606,K04383.02,288.46909,46.78368,Confirmed Planet,0.7962311,13.874,14.268,13.793,13.705,13.598,12.734,12.444,12.42
9886361,K02732.04,289.92145,46.74456,Confirmed Planet,0.9999962,12.805,13.129,12.743,12.666,12.635,11.83,11.575,11.537
9893468,K04575.01,292.93643,46.753021,False Positive,6.817029e-14,13.174,13.478,13.127,13.043,13.017,12.105,11.926,11.816
9896018,K02579.03,293.98871,46.718021,Confirmed Planet,0.9999161,15.147,15.605,15.11,14.951,14.887,13.994,13.71,13.714
9899345,K07973.01,295.20798,46.786221,False Positive,9.875704e-14,15.024,15.336,14.966,14.89,14.801,13.982,13.735,13.646
9904006,K02135.02,296.80344,46.74115,False Positive,3.0665598e-07,13.573,13.94,13.513,13.416,13.348,12.526,12.275,12.198
9906688,K07976.01,297.58023,46.719952,False Positive,5.950355e-09,15.449,15.979,15.424,15.222,15.15,14.281,13.901,13.808
9909965,K07252.01,298.54852,46.756641,Confirmed Planet,0.9879112,14.455,14.891,14.429,14.268,14.226,13.349,13.039,12.934
9910043,K05732.01,298.5697,46.753971,False Positive,0.00018459425,15.453,15.915,15.412,15.255,15.181,14.299,13.946,13.901
9932197,K07255.01,280.99176,46.88937,False Positive,6.439828e-11,14.248,14.794,14.207,14.014,13.961,13.018,12.69,12.61
9932970,K01587.01,281.61887,46.814201,Confirmed Planet,0.9774754,15.7,16.371,15.592,15.412,15.184,14.174,13.714,13.626
9935642,K04885.01,283.45764,46.819538,Confirmed Planet,0.9997433,15.03,15.647,14.975,14.765,14.687,13.702,13.329,13.285
9935983,K05736.01,283.67346,46.82272,Confirmed Planet,0.9999943,13.756,14.204,13.698,13.564,13.493,12.6,12.269,12.212
9936080,K04431.01,283.72427,46.879112,False Positive,0.0072219893,12.674,13.044,12.607,12.517,,11.5,11.272,11.228
9938836,K07978.01,285.30768,46.829803,Confirmed Planet,0.98712265,13.729,14.08,13.666,13.579,,12.969,12.73,12.678
9941136,K05737.01,286.63068,46.843369,False Positive,0.0,13.772,14.233,13.729,13.574,13.542,12.605,12.322,12.263
9942658,K05740.01,287.57361,46.822159,Confirmed Planet,0.9999939,14.82,15.235,14.766,14.642,14.592,13.703,13.383,13.35
9943009,K07258.01,287.76895,46.83194,Confirmed Planet,0.9999293,12.66,13.062,12.624,12.487,12.466,11.603,11.319,11.299
9944201,K07259.01,288.49091,46.804989,False Positive,0.0,15.069,15.832,15.024,14.742,14.52,13.45,12.935,12.832
9947389,K04460.01,290.14725,46.802872,False Positive,2.6541589999999998e-30,14.636,15.147,14.592,14.418,14.337,13.35,13.007,12.895
9947653,K04647.01,290.25931,46.885109,Confirmed Planet,0.99999833,13.726,14.408,13.671,13.433,13.313,12.294,11.868,11.766
9947653,K04647.02,290.25931,46.885109,Confirmed Planet,0.9998752,13.726,14.408,13.671,13.433,13.313,12.294,11.868,11.766
9953491,K05741.01,292.75555,46.81184,False Positive,7.4831647e-29,15.766,16.412,15.714,15.489,15.354,14.37,13.886,13.857
9955262,K00076.01,293.54199,46.82214,Confirmed Planet,0.99999297,10.143,10.338,10.078,10.046,10.079,9.343,9.161,9.115
9958387,K02677.01,294.75769,46.83112,Confirmed Planet,0.9994342,13.46,13.798,13.411,13.315,13.273,12.397,12.157,12.137
9958962,K00593.04,294.98914,46.838329,False Positive,0.0,14.957,15.433,14.889,14.754,14.666,13.814,13.412,13.448
9959093,K07264.01,295.04248,46.863991,Confirmed Planet,0.9999988,13.314,13.687,13.279,13.154,13.115,12.256,11.953,11.901
9959492,K03051.01,295.19968,46.832321,Confirmed Planet,0.99999905,15.276,15.736,15.243,15.079,15.014,14.125,13.745,13.666
9962595,K05745.01,296.32794,46.83963,False Positive,2.1462913e-06,14.585,15.233,14.514,14.307,14.167,13.186,12.76,12.704
9966219,K03401.01,297.47839,46.81575,False Positive,0.012794561,14.388,14.899,14.348,14.169,14.089,13.2,12.816,12.732
9966219,K03401.02,297.47839,46.81575,False Positive,3.1856587e-13,14.388,14.899,14.348,14.169,14.089,13.2,12.816,12.732
9967009,K03462.01,297.70197,46.823318,Confirmed Planet,0.9999796,15.916,16.462,15.866,15.682,15.572,14.646,14.287,14.347
9967009,K03462.02,297.70197,46.823318,Confirmed Planet,0.9999938,15.916,16.462,15.866,15.682,15.572,14.646,14.287,14.347
9968924,K05747.01,298.27487,46.837372,False Positive,4.85473e-36,13.81,14.224,13.758,13.632,,12.391,12.162,12.12
9969287,K04820.01,298.38007,46.8894,False Positive,2.0406309e-10,15.479,15.973,15.421,15.268,15.186,14.278,13.956,13.924
9973109,K02018.02,299.526,46.899261,Confirmed Planet,0.9999478,14.55,15.113,14.518,14.309,14.21,13.242,12.895,12.827
9974142,K06214.02,299.87131,46.822491,False Positive,4.0129355e-31,13.654,14.175,13.632,13.431,13.324,12.386,12.118,12.024
9993683,K05748.01,282.50021,46.918571,Confirmed Planet,0.99984133,14.489,15.146,14.426,14.208,14.112,13.107,12.62,12.603
9994381,K05749.01,282.93451,46.994869,False Positive,1.8107481e-19,15.399,16.202,15.323,15.055,14.828,13.77,13.208,13.172
9995771,K03470.01,283.79782,46.931,Confirmed Planet,0.99999905,15.386,15.831,15.318,15.196,15.134,14.2,13.864,13.887
